trial,p,i,d,target,elapsed,position,velocity,current,load,voltage,temperature,torque,goal,speed_limit
factory-baseline-positioning,32,0,0,2300,0.003999829999884241,2427,0.0,0.0,0.007820136852394917,12.3,37,1,2300,29
factory-baseline-positioning,32,0,0,2300,0.040035321999312146,2427,0.0,0.0,0.0,12.3,37,1,2300,29
factory-baseline-positioning,32,0,0,2300,0.07603555400055484,2427,0.0,0.0,0.02346041055718475,12.3,37,1,2300,29
factory-baseline-positioning,32,0,0,2300,0.11202741700071783,2427,0.0,-0.0315,0.05474095796676442,12.3,37,1,2300,29
factory-baseline-positioning,32,0,0,2300,0.1480308160007553,2428,0.0,-0.09,0.10948191593352884,12.3,37,1,2300,29
factory-baseline-positioning,32,0,0,2300,0.1840330670002004,2427,0.0,-0.19799999999999998,0.16422287390029325,12.3,37,1,2300,29
factory-baseline-positioning,32,0,0,2300,0.22006129900000815,2427,0.0,-0.3735,0.23460410557184752,12.3,37,1,2300,29
factory-baseline-positioning,32,0,0,2300,0.25706609100052447,2427,0.0,-0.603,0.30498533724340177,12.3,37,1,2300,29
factory-baseline-positioning,32,0,0,2300,0.29405173499981174,2427,0.0,-0.846,0.375366568914956,12.3,37,1,2300,29
factory-baseline-positioning,32,0,0,2300,0.3300632080008654,2427,0.0,-1.152,0.44574780058651026,12.0,37,1,2300,29
factory-baseline-positioning,32,0,0,2300,0.3660553860008804,2427,0.0,-1.4129999999999998,0.5161290322580645,12.0,37,1,2300,29
factory-baseline-positioning,32,0,0,2300,0.4030630110009952,2421,-16.416,-1.4309999999999998,0.5053763440860215,12.0,37,1,2300,29
factory-baseline-positioning,32,0,0,2300,0.4391023540010792,2401,-49.248000000000005,-0.8144999999999999,0.3509286412512219,12.0,37,1,2300,29
factory-baseline-positioning,32,0,0,2300,0.47508382799969695,2378,-51.984,-0.44099999999999995,0.23655913978494625,12.0,37,1,2300,29
factory-baseline-positioning,32,0,0,2300,0.512095063999368,2355,-43.776,-0.20249999999999999,0.1436950146627566,12.0,37,1,2300,29
factory-baseline-positioning,32,0,0,2300,0.5490842449999036,2343,-21.888,-0.3105,0.16617790811339198,12.3,37,1,2300,29
factory-baseline-positioning,32,0,0,2300,0.5850966439993499,2344,0.0,-0.46349999999999997,0.26588465298142716,12.3,37,1,2300,29
factory-baseline-positioning,32,0,0,2300,0.621094025000275,2346,5.472,-0.6345,0.34701857282502446,12.3,37,1,2300,29
factory-baseline-positioning,32,0,0,2300,0.6570922760001849,2348,5.472,-0.819,0.3782991202346041,12.2,37,1,2300,29
factory-baseline-positioning,32,0,0,2300,0.6941181980000692,2351,5.472,-0.9045,0.4173998044965787,12.2,37,1,2300,29
factory-baseline-positioning,32,0,0,2300,0.7310925639994821,2350,0.0,-0.8775,0.39882697947214074,12.2,37,1,2300,29
factory-baseline-positioning,32,0,0,2300,0.7671114080003463,2348,-5.472,-0.819,0.3724340175953079,12.3,37,1,2300,29
factory-baseline-positioning,32,0,0,2300,0.8031175289997918,2345,-8.208,-0.738,0.34310850439882695,12.3,37,1,2300,29
factory-baseline-positioning,32,0,0,2300,0.839119539999956,2346,0.0,-0.7649999999999999,0.3675464320625611,12.3,37,1,2300,29
factory-baseline-positioning,32,0,0,2300,0.8751171799995063,2346,0.0,-0.7649999999999999,0.3675464320625611,12.3,37,1,2300,29
factory-baseline-positioning,32,0,0,2300,0.9111165790000086,2346,0.0,-0.7649999999999999,0.3675464320625611,11.9,37,1,2300,29
factory-baseline-positioning,32,0,0,2300,0.9481317600002512,2346,0.0,-0.7649999999999999,0.3675464320625611,11.9,37,1,2300,29
factory-baseline-positioning,32,0,0,2300,0.9851326999996672,2346,0.0,-0.7649999999999999,0.3675464320625611,11.9,37,1,2300,29
factory-baseline-positioning,32,0,0,2300,1.0221376219997182,2346,0.0,-0.7605,0.3675464320625611,11.9,37,1,2300,29
factory-baseline-positioning,32,0,0,2300,1.058160262000456,2346,0.0,-0.7605,0.3675464320625611,11.9,37,1,2300,29
factory-baseline-positioning,32,0,0,2300,1.0941530870004499,2346,0.0,-0.7649999999999999,0.3675464320625611,11.9,37,1,2300,29
factory-baseline-positioning,32,0,0,2300,1.1301725970006373,2346,0.0,-0.7649999999999999,0.3675464320625611,12.3,37,1,2300,29
factory-baseline-positioning,32,0,0,2300,1.1661676450003142,2346,0.0,-0.7605,0.3675464320625611,12.3,37,1,2300,29
factory-baseline-positioning,32,0,0,2300,1.2031652340010623,2346,0.0,-0.7649999999999999,0.3675464320625611,12.3,37,1,2300,29
factory-baseline-positioning,32,0,0,2300,1.2401956180001434,2346,0.0,-0.7649999999999999,0.3675464320625611,12.0,37,1,2300,29
factory-baseline-positioning,32,0,0,2300,1.276189999000053,2346,0.0,-0.7649999999999999,0.3675464320625611,12.0,37,1,2300,29
factory-baseline-positioning,32,0,0,2300,1.3121863800006395,2346,0.0,-0.7605,0.3675464320625611,12.0,37,1,2300,29
factory-baseline-positioning,32,0,0,2300,1.3502033980003034,2346,0.0,-0.7605,0.3675464320625611,12.0,37,1,2300,29
factory-baseline-positioning,32,0,0,2300,1.3901982200004568,2346,0.0,-0.7649999999999999,0.3675464320625611,12.0,37,1,2300,29
factory-baseline-positioning,32,0,0,2300,1.4282004050000978,2346,0.0,-0.7605,0.3675464320625611,12.0,37,1,2300,29
factory-baseline-positioning,32,0,0,2300,1.464203303999966,2346,0.0,-0.7559999999999999,0.3675464320625611,12.3,37,1,2300,29
factory-baseline-positioning,32,0,0,2300,1.5002193149994127,2346,0.0,-0.7605,0.3675464320625611,12.3,37,1,2300,29
factory-baseline-positioning,32,0,0,2300,1.5372166440010915,2346,0.0,-0.7605,0.3675464320625611,12.3,37,1,2300,29
factory-baseline-positioning,32,0,0,2300,1.5742401759998756,2346,0.0,-0.7605,0.3675464320625611,12.3,37,1,2300,29
factory-baseline-positioning,32,0,0,2300,1.6102353719998064,2346,0.0,-0.7559999999999999,0.3675464320625611,12.3,37,1,2300,29
factory-baseline-positioning,32,0,0,2300,1.6462427719998232,2346,0.0,-0.7605,0.3675464320625611,12.3,37,1,2300,29
factory-baseline-positioning,32,0,0,2300,1.6832385640009306,2346,0.0,-0.7605,0.3675464320625611,12.3,37,1,2300,29
factory-baseline-positioning,32,0,0,2300,1.7192363150006713,2346,0.0,-0.7605,0.3675464320625611,12.0,37,1,2300,29
factory-baseline-positioning,32,0,0,2300,1.7552589740007534,2346,0.0,-0.7605,0.3675464320625611,12.0,37,1,2300,29
factory-baseline-positioning,32,0,0,2300,1.7922662470009527,2346,0.0,-0.7605,0.3675464320625611,12.0,37,1,2300,29
factory-baseline-positioning,32,0,0,2300,1.8292716320011095,2346,0.0,-0.7605,0.3675464320625611,12.3,37,1,2300,29
factory-baseline-positioning,32,0,0,2300,1.8652693090007233,2346,0.0,-0.7559999999999999,0.3675464320625611,12.3,37,1,2300,29
factory-baseline-positioning,32,0,0,2300,1.9012698570004432,2346,0.0,-0.7605,0.3675464320625611,12.3,37,1,2300,29
factory-baseline-positioning,32,0,0,2300,1.937271533999592,2346,0.0,-0.7559999999999999,0.3675464320625611,12.3,37,1,2300,29
factory-baseline-positioning,32,0,0,2300,1.9742864370000461,2346,0.0,-0.7559999999999999,0.3675464320625611,12.3,37,1,2300,29
factory-baseline-positioning,32,0,0,2300,2.0112939330010704,2346,0.0,-0.7605,0.3675464320625611,12.3,37,1,2300,29
factory-baseline-positioning,32,0,0,2300,2.0473067769999034,2346,0.0,-0.7559999999999999,0.3675464320625611,12.0,37,1,2300,29
factory-baseline-positioning,32,0,0,2300,2.083302287001061,2346,0.0,-0.7559999999999999,0.3675464320625611,12.0,37,1,2300,29
factory-baseline-positioning,32,0,0,2300,2.119298317000357,2346,0.0,-0.7605,0.3675464320625611,12.0,37,1,2300,29
factory-baseline-positioning,32,0,0,2300,2.1553034570006275,2346,0.0,-0.7559999999999999,0.3675464320625611,12.0,37,1,2300,29
factory-baseline-positioning,32,0,0,2300,2.1912998560001142,2346,0.0,-0.7559999999999999,0.3675464320625611,12.0,37,1,2300,29
factory-baseline-positioning,32,0,0,2300,2.2283095929997216,2346,0.0,-0.7605,0.3675464320625611,12.0,37,1,2300,29
factory-baseline-positioning,32,0,0,2300,2.265306348001104,2346,0.0,-0.7559999999999999,0.3675464320625611,12.0,37,1,2300,29
factory-baseline-positioning,32,0,0,2300,2.3023077140005626,2346,0.0,-0.7559999999999999,0.3675464320625611,12.3,37,1,2300,29
factory-baseline-positioning,32,0,0,2300,2.3383265579996078,2346,0.0,-0.7559999999999999,0.3675464320625611,12.3,37,1,2300,29
factory-baseline-positioning,32,0,0,2300,2.3753242759994464,2346,0.0,-0.7559999999999999,0.3675464320625611,12.3,37,1,2300,29
factory-baseline-positioning,32,0,0,2300,2.411333435000415,2346,0.0,-0.7559999999999999,0.3675464320625611,12.3,37,1,2300,29
factory-baseline-positioning,32,0,0,2300,2.4473407969999244,2346,0.0,-0.7515,0.3675464320625611,12.3,37,1,2300,29
factory-baseline-positioning,32,0,0,2300,2.4843418860000384,2346,0.0,-0.7559999999999999,0.3675464320625611,12.3,37,1,2300,29
factory-baseline-positioning,32,0,0,2300,2.5213450669998565,2346,0.0,-0.7559999999999999,0.3675464320625611,12.3,37,1,2300,29
factory-baseline-positioning,32,0,0,2300,2.558353229000204,2346,0.0,-0.7559999999999999,0.3675464320625611,12.3,37,1,2300,29
factory-baseline-positioning,32,0,0,2218,0.003986145000453689,2346,0.0,-0.7559999999999999,0.3675464320625611,12.3,37,1,2218,29
factory-baseline-positioning,32,0,0,2218,0.04199586699905922,2346,0.0,-0.8055,0.375366568914956,11.9,37,1,2218,29
factory-baseline-positioning,32,0,0,2218,0.07800958100051503,2346,0.0,-0.8909999999999999,0.39882697947214074,11.9,37,1,2218,29
factory-baseline-positioning,32,0,0,2218,0.11500452200016298,2346,0.0,-0.9989999999999999,0.43792766373411535,11.9,37,1,2218,29
factory-baseline-positioning,32,0,0,2218,0.15102184699935606,2340,-16.416,-0.8684999999999999,0.40371456500488756,12.4,37,1,2218,29
factory-baseline-positioning,32,0,0,2218,0.18701904299996386,2324,-35.568000000000005,-0.5489999999999999,0.29423264907135877,12.4,37,1,2218,29
factory-baseline-positioning,32,0,0,2218,0.22301844299909135,2305,-41.040000000000006,-0.4725,0.20430107526881722,12.4,37,1,2218,29
factory-baseline-positioning,32,0,0,2218,0.25902461999976367,2292,-27.360000000000003,-0.288,0.1935483870967742,12.2,37,1,2218,29
factory-baseline-positioning,32,0,0,2218,0.29703543499999796,2282,-19.152,-0.4095,0.21114369501466276,12.2,37,1,2218,29
factory-baseline-positioning,32,0,0,2218,0.33304105599927425,2284,5.472,-0.6974999999999999,0.34701857282502446,12.2,37,1,2218,29
factory-baseline-positioning,32,0,0,2218,0.3700380890004453,2285,0.0,-0.9494999999999999,0.4066471163245357,12.5,37,1,2218,29
factory-baseline-positioning,32,0,0,2218,0.40604602599887585,2286,0.0,-0.9494999999999999,0.4613880742913001,12.5,37,1,2218,29
factory-baseline-positioning,32,0,0,2218,0.4420751839988952,2275,-27.360000000000003,-0.7244999999999999,0.35777126099706746,12.5,37,1,2218,29
factory-baseline-positioning,32,0,0,2218,0.4800536660004582,2257,-38.304,-0.38249999999999995,0.2179863147605083,12.5,37,1,2218,29
factory-baseline-positioning,32,0,0,2218,0.5170903649996035,2240,-35.568000000000005,-0.18,0.09872922776148582,12.0,37,1,2218,29
factory-baseline-positioning,32,0,0,2218,0.5530844129989418,2241,5.472,-0.23399999999999999,0.1906158357771261,12.0,37,1,2218,29
factory-baseline-positioning,32,0,0,2218,0.591066986999067,2245,8.208,-0.26549999999999996,0.22776148582600195,12.0,37,1,2218,29
factory-baseline-positioning,32,0,0,2218,0.6270895899997413,2246,5.472,-0.306,0.22971652003910067,12.3,37,1,2218,29
factory-baseline-positioning,32,0,0,2218,0.6670911719993455,2248,5.472,-0.3465,0.24535679374389052,12.3,37,1,2218,29
factory-baseline-positioning,32,0,0,2218,0.7071093829999882,2248,0.0,-0.369,0.23460410557184752,12.3,37,1,2218,29
factory-baseline-positioning,32,0,0,2218,0.747116761000143,2247,0.0,-0.32849999999999996,0.22678396871945258,12.3,37,1,2218,29
factory-baseline-positioning,32,0,0,2218,0.7871104169989849,2244,-8.208,-0.26999999999999996,0.18670576735092864,12.3,37,1,2218,29
factory-baseline-positioning,32,0,0,2218,0.8241130799997336,2243,0.0,-0.26999999999999996,0.19550342130987292,12.3,37,1,2218,29
factory-baseline-positioning,32,0,0,2218,0.8611129649998475,2244,0.0,-0.26999999999999996,0.20332355816226785,12.0,37,1,2218,29
factory-baseline-positioning,32,0,0,2218,0.916122197999357,2245,0.0,-0.26999999999999996,0.21114369501466276,12.0,37,1,2218,29
factory-baseline-positioning,32,0,0,2218,0.9531348050004453,2244,0.0,-0.26549999999999996,0.20332355816226785,12.3,37,1,2218,29
factory-baseline-positioning,32,0,0,2218,0.9901557079992926,2244,0.0,-0.26999999999999996,0.20332355816226785,12.3,37,1,2218,29
factory-baseline-positioning,32,0,0,2218,1.0271474450000824,2244,0.0,-0.26549999999999996,0.20332355816226785,12.3,37,1,2218,29
factory-baseline-positioning,32,0,0,2218,1.0651589449989842,2245,0.0,-0.26999999999999996,0.21114369501466276,12.3,37,1,2218,29
factory-baseline-positioning,32,0,0,2218,1.1011587699995289,2244,0.0,-0.26549999999999996,0.20332355816226785,12.3,37,1,2218,29
factory-baseline-positioning,32,0,0,2218,1.138180691999878,2244,0.0,-0.26999999999999996,0.20332355816226785,12.3,37,1,2218,29
factory-baseline-positioning,32,0,0,2218,1.1762210249999043,2245,0.0,-0.26999999999999996,0.21114369501466276,12.3,37,1,2218,29
factory-baseline-positioning,32,0,0,2218,1.2131745400001819,2244,0.0,-0.26999999999999996,0.20332355816226785,12.3,37,1,2218,29
factory-baseline-positioning,32,0,0,2218,1.2491749029995844,2244,0.0,-0.26999999999999996,0.20332355816226785,12.3,37,1,2218,29
factory-baseline-positioning,32,0,0,2218,1.2871817359991837,2244,0.0,-0.26999999999999996,0.20332355816226785,12.3,37,1,2218,29
factory-baseline-positioning,32,0,0,2218,1.3241883800001233,2244,0.0,-0.26999999999999996,0.20332355816226785,12.3,37,1,2218,29
factory-baseline-positioning,32,0,0,2218,1.3601930019995052,2244,0.0,-0.26999999999999996,0.20332355816226785,12.3,37,1,2218,29
factory-baseline-positioning,32,0,0,2218,1.3961954389997118,2244,0.0,-0.26999999999999996,0.20332355816226785,12.3,37,1,2218,29
factory-baseline-positioning,32,0,0,2218,1.4342757149988756,2244,0.0,-0.26999999999999996,0.20332355816226785,12.3,37,1,2218,29
factory-baseline-positioning,32,0,0,2218,1.4742636119990493,2245,0.0,-0.26999999999999996,0.21114369501466276,12.3,37,1,2218,29
factory-baseline-positioning,32,0,0,2218,1.5112692749989947,2244,0.0,-0.26999999999999996,0.20332355816226785,12.3,37,1,2218,29
factory-baseline-positioning,32,0,0,2218,1.5492835900004138,2244,0.0,-0.26999999999999996,0.20332355816226785,12.3,37,1,2218,29
factory-baseline-positioning,32,0,0,2218,1.609280602000581,2244,0.0,-0.26999999999999996,0.20332355816226785,12.3,37,1,2218,29
factory-baseline-positioning,32,0,0,2218,1.645281167999201,2244,0.0,-0.26999999999999996,0.20332355816226785,12.3,37,1,2218,29
factory-baseline-positioning,32,0,0,2218,1.6832760380002583,2244,0.0,-0.26999999999999996,0.20332355816226785,12.3,37,1,2218,29
factory-baseline-positioning,32,0,0,2218,1.7203122379996785,2244,0.0,-0.26999999999999996,0.20332355816226785,12.3,37,1,2218,29
factory-baseline-positioning,32,0,0,2218,1.7562862119993952,2244,0.0,-0.26999999999999996,0.20332355816226785,12.3,37,1,2218,29
factory-baseline-positioning,32,0,0,2218,1.7943187299988494,2244,0.0,-0.26999999999999996,0.20332355816226785,12.3,37,1,2218,29
factory-baseline-positioning,32,0,0,2218,1.8322792489998392,2245,0.0,-0.27449999999999997,0.21114369501466276,12.3,37,1,2218,29
factory-baseline-positioning,32,0,0,2218,1.8682924080003431,2244,0.0,-0.26999999999999996,0.20332355816226785,12.3,37,1,2218,29
factory-baseline-positioning,32,0,0,2218,1.9053193290001218,2244,0.0,-0.26999999999999996,0.20332355816226785,12.3,37,1,2218,29
factory-baseline-positioning,32,0,0,2218,1.94329177399959,2244,0.0,-0.26999999999999996,0.20332355816226785,12.3,37,1,2218,29
factory-baseline-positioning,32,0,0,2218,1.9802951219990064,2244,0.0,-0.26999999999999996,0.20332355816226785,12.3,37,1,2218,29
factory-baseline-positioning,32,0,0,2218,2.0163020029995096,2244,0.0,-0.26999999999999996,0.20332355816226785,12.3,37,1,2218,29
factory-baseline-positioning,32,0,0,2218,2.0544785570000386,2244,0.0,-0.27449999999999997,0.20332355816226785,12.3,37,1,2218,29
factory-baseline-positioning,32,0,0,2218,2.0903075509995688,2244,0.0,-0.26999999999999996,0.20332355816226785,12.3,37,1,2218,29
factory-baseline-positioning,32,0,0,2218,2.127322602998902,2244,0.0,-0.26999999999999996,0.20332355816226785,12.5,37,1,2218,29
factory-baseline-positioning,32,0,0,2218,2.1633387620004214,2244,0.0,-0.26999999999999996,0.20332355816226785,12.5,37,1,2218,29
factory-baseline-positioning,32,0,0,2218,2.2023345249999693,2244,0.0,-0.26999999999999996,0.20332355816226785,12.5,37,1,2218,29
factory-baseline-positioning,32,0,0,2218,2.2393390769993857,2244,0.0,-0.26999999999999996,0.20332355816226785,12.2,37,1,2218,29
factory-baseline-positioning,32,0,0,2218,2.2773797059999197,2244,0.0,-0.26999999999999996,0.20332355816226785,12.2,37,1,2218,29
factory-baseline-positioning,32,0,0,2218,2.3143378879995,2244,0.0,-0.26999999999999996,0.20332355816226785,12.2,37,1,2218,29
factory-baseline-positioning,32,0,0,2218,2.350355231999856,2244,0.0,-0.26999999999999996,0.20332355816226785,12.3,37,1,2218,29
factory-baseline-positioning,32,0,0,2218,2.3883463620004477,2244,0.0,-0.26999999999999996,0.20332355816226785,12.3,37,1,2218,29
factory-baseline-positioning,32,0,0,2218,2.4247347559994523,2244,0.0,-0.26999999999999996,0.20332355816226785,12.3,37,1,2218,29
factory-baseline-positioning,32,0,0,2218,2.461388886998975,2244,0.0,-0.26999999999999996,0.20332355816226785,12.3,37,1,2218,29
factory-baseline-positioning,32,0,0,2218,2.499376220999693,2244,0.0,-0.26549999999999996,0.20332355816226785,12.3,37,1,2218,29
factory-baseline-positioning,32,0,0,2218,2.5363813459989615,2244,0.0,-0.26999999999999996,0.20332355816226785,12.3,37,1,2218,29
factory-baseline-positioning,32,0,0,2116,0.004008903999419999,2244,0.0,-0.26999999999999996,0.20332355816226785,12.0,37,1,2116,29
factory-baseline-positioning,32,0,0,2116,0.040007618999879924,2244,0.0,-0.306,0.21114369501466276,12.0,37,1,2116,29
factory-baseline-positioning,32,0,0,2116,0.0770266889994673,2244,0.0,-0.369,0.23460410557184752,12.0,37,1,2116,29
factory-baseline-positioning,32,0,0,2116,0.11303658799988625,2244,0.0,-0.477,0.27370478983382207,12.3,37,1,2116,29
factory-baseline-positioning,32,0,0,2116,0.14902752499983762,2245,0.0,-0.6255,0.3284457478005865,12.3,37,1,2116,29
factory-baseline-positioning,32,0,0,2116,0.18701119199977256,2244,0.0,-0.837,0.3831867057673509,12.3,37,1,2116,29
factory-baseline-positioning,32,0,0,2116,0.22302053599923966,2244,0.0,-1.0935,0.44574780058651026,12.3,37,1,2116,29
factory-baseline-positioning,32,0,0,2116,0.2600481989993568,2241,-8.208,-1.1159999999999999,0.4838709677419355,12.3,37,1,2116,29
factory-baseline-positioning,32,0,0,2116,0.2980472179988283,2223,-38.304,-0.6659999999999999,0.3509286412512219,12.3,37,1,2116,29
factory-baseline-positioning,32,0,0,2116,0.3340567839986761,2201,-43.776,-0.423,0.2375366568914956,12.3,37,1,2116,29
factory-baseline-positioning,32,0,0,2116,0.371041594999042,2179,-49.248000000000005,-0.3105,0.1241446725317693,12.1,37,1,2116,29
factory-baseline-positioning,32,0,0,2116,0.4070706799993786,2173,-10.944,-0.315,0.22776148582600195,12.1,37,1,2116,29
factory-baseline-positioning,32,0,0,2116,0.443066486999669,2168,-10.944,-0.40499999999999997,0.2512218963831867,12.1,37,1,2116,29
factory-baseline-positioning,32,0,0,2116,0.4810608759999013,2161,-13.680000000000001,-0.4815,0.24535679374389052,12.1,37,1,2116,29
factory-baseline-positioning,32,0,0,2116,0.5171038309999858,2162,0.0,-0.6255,0.3206256109481916,12.1,37,1,2116,29
factory-baseline-positioning,32,0,0,2116,0.5541225119995943,2161,0.0,-0.702,0.34408602150537637,12.1,37,1,2116,29
factory-baseline-positioning,32,0,0,2116,0.5900920609983586,2162,0.0,-0.729,0.3597262952101662,12.3,37,1,2116,29
factory-baseline-positioning,32,0,0,2116,0.6260888869983319,2161,0.0,-0.702,0.3519061583577713,12.3,37,1,2116,29
factory-baseline-positioning,32,0,0,2116,0.6640912019993266,2162,0.0,-0.7064999999999999,0.3597262952101662,12.3,37,1,2116,29
factory-baseline-positioning,32,0,0,2116,0.7000832309986436,2162,0.0,-0.729,0.3597262952101662,12.3,37,1,2116,29
factory-baseline-positioning,32,0,0,2116,0.737086745999477,2162,0.0,-0.7244999999999999,0.3597262952101662,12.3,37,1,2116,29
factory-baseline-positioning,32,0,0,2116,0.7751117269999668,2161,0.0,-0.702,0.3519061583577713,12.3,37,1,2116,29
factory-baseline-positioning,32,0,0,2116,0.8111019979987759,2162,0.0,-0.7244999999999999,0.3597262952101662,12.3,37,1,2116,29
factory-baseline-positioning,32,0,0,2116,0.8481177529993147,2161,0.0,-0.72,0.3519061583577713,12.3,37,1,2116,29
factory-baseline-positioning,32,0,0,2116,0.8861200679984904,2162,0.0,-0.7244999999999999,0.3597262952101662,12.3,37,1,2116,29
factory-baseline-positioning,32,0,0,2116,0.9221430789984879,2162,0.0,-0.729,0.3597262952101662,12.3,37,1,2116,29
factory-baseline-positioning,32,0,0,2116,0.9591327229991293,2161,0.0,-0.6974999999999999,0.3519061583577713,12.0,37,1,2116,29
factory-baseline-positioning,32,0,0,2116,0.9961365719991591,2162,0.0,-0.729,0.3597262952101662,12.0,37,1,2116,29
factory-baseline-positioning,32,0,0,2116,1.0331518819984922,2162,0.0,-0.702,0.3597262952101662,12.0,37,1,2116,29
factory-baseline-positioning,32,0,0,2116,1.0701414899995143,2162,0.0,-0.7244999999999999,0.3597262952101662,12.0,37,1,2116,29
factory-baseline-positioning,32,0,0,2116,1.1081439349982247,2161,0.0,-0.7244999999999999,0.3519061583577713,12.0,37,1,2116,29
factory-baseline-positioning,32,0,0,2116,1.1441569829985383,2161,0.0,-0.7244999999999999,0.3519061583577713,12.0,37,1,2116,29
factory-baseline-positioning,32,0,0,2116,1.1811615899987373,2162,0.0,-0.6974999999999999,0.3597262952101662,12.3,37,1,2116,29
factory-baseline-positioning,32,0,0,2116,1.2191529979991174,2162,0.0,-0.7244999999999999,0.3597262952101662,12.3,37,1,2116,29
factory-baseline-positioning,32,0,0,2116,1.2551927299991803,2162,0.0,-0.702,0.3597262952101662,12.3,37,1,2116,29
factory-baseline-positioning,32,0,0,2116,1.29218604199923,2162,0.0,-0.6974999999999999,0.3597262952101662,12.0,37,1,2116,29
factory-baseline-positioning,32,0,0,2116,1.33021041199936,2161,0.0,-0.6974999999999999,0.3519061583577713,12.0,37,1,2116,29
factory-baseline-positioning,32,0,0,2116,1.3672004639993247,2162,0.0,-0.7244999999999999,0.3597262952101662,12.0,37,1,2116,29
factory-baseline-positioning,32,0,0,2116,1.4041970709986344,2161,0.0,-0.6974999999999999,0.3519061583577713,12.0,37,1,2116,29
factory-baseline-positioning,32,0,0,2116,1.4421871279992047,2162,0.0,-0.7244999999999999,0.3597262952101662,12.0,37,1,2116,29
factory-baseline-positioning,32,0,0,2116,1.4781902309987345,2161,0.0,-0.6974999999999999,0.3519061583577713,12.0,37,1,2116,29
factory-baseline-positioning,32,0,0,2116,1.5152095239991468,2161,0.0,-0.6974999999999999,0.3519061583577713,12.3,37,1,2116,29
factory-baseline-positioning,32,0,0,2116,1.5522113899987744,2162,0.0,-0.729,0.3597262952101662,12.3,37,1,2116,29
factory-baseline-positioning,32,0,0,2116,1.5892221089998202,2162,0.0,-0.7244999999999999,0.3597262952101662,12.3,37,1,2116,29
factory-baseline-positioning,32,0,0,2116,1.6252188419985032,2162,0.0,-0.7244999999999999,0.3597262952101662,12.3,37,1,2116,29
factory-baseline-positioning,32,0,0,2116,1.6632321199995204,2162,0.0,-0.7244999999999999,0.3597262952101662,12.3,37,1,2116,29
factory-baseline-positioning,32,0,0,2116,1.6992509829997289,2162,0.0,-0.72,0.3597262952101662,12.3,37,1,2116,29
factory-baseline-positioning,32,0,0,2116,1.7362381829989317,2162,0.0,-0.7244999999999999,0.3597262952101662,12.3,37,1,2116,29
factory-baseline-positioning,32,0,0,2116,1.7722373419983342,2161,0.0,-0.6974999999999999,0.3519061583577713,12.0,37,1,2116,29
factory-baseline-positioning,32,0,0,2116,1.8082619639990298,2162,0.0,-0.702,0.3597262952101662,12.0,37,1,2116,29
factory-baseline-positioning,32,0,0,2116,1.8452843859995482,2162,0.0,-0.6974999999999999,0.3597262952101662,12.0,37,1,2116,29
factory-baseline-positioning,32,0,0,2116,1.882275011999809,2161,0.0,-0.72,0.3519061583577713,12.3,37,1,2116,29
factory-baseline-positioning,32,0,0,2116,1.9182592639990617,2162,0.0,-0.7244999999999999,0.3597262952101662,12.3,37,1,2116,29
factory-baseline-positioning,32,0,0,2116,1.95627143099955,2162,0.0,-0.7244999999999999,0.3597262952101662,12.3,37,1,2116,29
factory-baseline-positioning,32,0,0,2116,1.992300219999379,2162,0.0,-0.729,0.3597262952101662,12.3,37,1,2116,29
factory-baseline-positioning,32,0,0,2116,2.0293066419999377,2161,0.0,-0.72,0.3519061583577713,12.3,37,1,2116,29
factory-baseline-positioning,32,0,0,2116,2.0662946199990984,2162,0.0,-0.72,0.3597262952101662,12.3,37,1,2116,29
factory-baseline-positioning,32,0,0,2116,2.1032945239985565,2161,0.0,-0.702,0.3519061583577713,12.3,37,1,2116,29
factory-baseline-positioning,32,0,0,2116,2.1402858539986482,2162,0.0,-0.72,0.3519061583577713,12.3,37,1,2116,29
factory-baseline-positioning,32,0,0,2116,2.178310445999159,2161,0.0,-0.693,0.3519061583577713,12.3,37,1,2116,29
factory-baseline-positioning,32,0,0,2116,2.2142941239999345,2161,0.0,-0.6974999999999999,0.3519061583577713,12.3,37,1,2116,29
factory-baseline-positioning,32,0,0,2116,2.2513177869986976,2162,0.0,-0.72,0.3597262952101662,12.3,37,1,2116,29
factory-baseline-positioning,32,0,0,2116,2.287320297999031,2162,0.0,-0.72,0.3597262952101662,12.3,37,1,2116,29
factory-baseline-positioning,32,0,0,2116,2.323331141999006,2162,0.0,-0.6974999999999999,0.3597262952101662,12.3,37,1,2116,29
factory-baseline-positioning,32,0,0,2116,2.360351452998657,2162,0.0,-0.72,0.3597262952101662,12.5,37,1,2116,29
factory-baseline-positioning,32,0,0,2116,2.3973301719997835,2162,0.0,-0.6974999999999999,0.3597262952101662,12.5,37,1,2116,29
factory-baseline-positioning,32,0,0,2116,2.4333461279984476,2161,0.0,-0.6974999999999999,0.3519061583577713,12.5,37,1,2116,29
factory-baseline-positioning,32,0,0,2116,2.4693372689998796,2161,0.0,-0.72,0.3519061583577713,12.3,37,1,2116,29
factory-baseline-positioning,32,0,0,2116,2.505342019998352,2162,0.0,-0.72,0.3597262952101662,12.3,37,1,2116,29
factory-baseline-positioning,32,0,0,2116,2.541361308998603,2162,0.0,-0.7244999999999999,0.3597262952101662,12.3,37,1,2116,29
factory-baseline-positioning,32,0,0,2033,0.004002145000413293,2162,0.0,-0.693,0.3597262952101662,12.3,37,1,2033,29
factory-baseline-positioning,32,0,0,2033,0.04403026399995724,2162,0.0,-0.7605,0.375366568914956,12.3,37,1,2033,29
factory-baseline-positioning,32,0,0,2033,0.07998848000170256,2162,0.0,-0.828,0.39882697947214074,12.5,37,1,2033,29
factory-baseline-positioning,32,0,0,2033,0.116009176001171,2161,0.0,-0.7424999999999999,0.4222873900293255,12.5,37,1,2033,29
factory-baseline-positioning,32,0,0,2033,0.1530077090010309,2148,-30.096000000000004,-0.6389999999999999,0.30498533724340177,12.5,37,1,2033,29
factory-baseline-positioning,32,0,0,2033,0.19001650200152653,2133,-32.832,-0.5309999999999999,0.24437927663734116,12.5,37,1,2033,29
factory-baseline-positioning,32,0,0,2033,0.226005291000547,2117,-35.568000000000005,-0.38249999999999995,0.18475073313782991,12.0,37,1,2033,29
factory-baseline-positioning,32,0,0,2033,0.2620253570003115,2108,-19.152,-0.37799999999999995,0.21896383186705767,12.0,37,1,2033,29
factory-baseline-positioning,32,0,0,2033,0.29805272000157856,2099,-19.152,-0.4095,0.21896383186705767,12.0,37,1,2033,29
factory-baseline-positioning,32,0,0,2033,0.3360535540014098,2100,5.472,-0.6974999999999999,0.34701857282502446,12.3,37,1,2033,29
factory-baseline-positioning,32,0,0,2033,0.37308029100131535,2100,0.0,-0.9045,0.39882697947214074,12.3,37,1,2033,29
factory-baseline-positioning,32,0,0,2033,0.41005615800168016,2097,-8.208,-0.819,0.41348973607038125,12.3,37,1,2033,29
factory-baseline-positioning,32,0,0,2033,0.44711061700036225,2082,-32.832,-0.5175,0.28347996089931576,12.0,37,1,2033,29
factory-baseline-positioning,32,0,0,2033,0.4840504850017169,2065,-38.304,-0.26999999999999996,0.16324535679374388,12.0,37,1,2033,29
factory-baseline-positioning,32,0,0,2033,0.5200646620014595,2054,-21.888,-0.19799999999999998,0.11925708699902249,12.0,37,1,2033,29
factory-baseline-positioning,32,0,0,2033,0.5561022650017549,2057,5.472,-0.24749999999999997,0.198435972629521,12.4,37,1,2033,29
factory-baseline-positioning,32,0,0,2033,0.5930938360015716,2058,0.0,-0.24749999999999997,0.19550342130987292,12.4,37,1,2033,29
factory-baseline-positioning,32,0,0,2033,0.6302109240004938,2062,10.944,-0.3465,0.24926686217008798,12.4,37,1,2033,29
factory-baseline-positioning,32,0,0,2033,0.6670966070014401,2064,5.472,-0.39599999999999996,0.25317693059628543,12.3,37,1,2033,29
factory-baseline-positioning,32,0,0,2033,0.7031134330009081,2063,0.0,-0.3735,0.23460410557184752,12.3,37,1,2033,29
factory-baseline-positioning,32,0,0,2033,0.7411038410009496,2062,0.0,-0.351,0.22678396871945258,12.3,37,1,2033,29
factory-baseline-positioning,32,0,0,2033,0.777085130001069,2058,-8.208,-0.26549999999999996,0.17888563049853373,12.3,37,1,2033,29
factory-baseline-positioning,32,0,0,2033,0.8140959780012054,2059,0.0,-0.2835,0.20332355816226785,12.3,37,1,2033,29
factory-baseline-positioning,32,0,0,2033,0.8500869150011567,2059,0.0,-0.288,0.20332355816226785,12.3,37,1,2033,29
factory-baseline-positioning,32,0,0,2033,0.8861085190001177,2059,0.0,-0.306,0.20332355816226785,12.3,37,1,2033,29
factory-baseline-positioning,32,0,0,2033,0.9231146820002323,2059,0.0,-0.288,0.20332355816226785,12.3,37,1,2033,29
factory-baseline-positioning,32,0,0,2033,0.9601051050012757,2059,0.0,-0.2835,0.20332355816226785,12.3,37,1,2033,29
factory-baseline-positioning,32,0,0,2033,0.9961212640009762,2059,0.0,-0.288,0.20332355816226785,12.3,37,1,2033,29
factory-baseline-positioning,32,0,0,2033,1.0321270530002948,2059,0.0,-0.2835,0.20332355816226785,12.3,37,1,2033,29
factory-baseline-positioning,32,0,0,2033,1.068136564001179,2059,0.0,-0.288,0.20332355816226785,12.3,37,1,2033,29
factory-baseline-positioning,32,0,0,2033,1.1061508239999966,2059,0.0,-0.288,0.20332355816226785,12.3,37,1,2033,29
factory-baseline-positioning,32,0,0,2033,1.1431435430004058,2059,0.0,-0.288,0.20332355816226785,12.3,37,1,2033,29
factory-baseline-positioning,32,0,0,2033,1.1811389880003844,2059,0.0,-0.288,0.20332355816226785,12.3,37,1,2033,29
factory-baseline-positioning,32,0,0,2033,1.219157488001656,2058,0.0,-0.288,0.19550342130987292,12.3,37,1,2033,29
factory-baseline-positioning,32,0,0,2033,1.2561701880003966,2059,0.0,-0.288,0.20332355816226785,12.3,37,1,2033,29
factory-baseline-positioning,32,0,0,2033,1.2921799400010059,2059,0.0,-0.288,0.20332355816226785,12.3,37,1,2033,29
factory-baseline-positioning,32,0,0,2033,1.3281984700006433,2059,0.0,-0.2835,0.20332355816226785,12.3,37,1,2033,29
factory-baseline-positioning,32,0,0,2033,1.366184433001763,2059,0.0,-0.288,0.20332355816226785,12.3,37,1,2033,29
factory-baseline-positioning,32,0,0,2033,1.4041873600017425,2059,0.0,-0.288,0.20332355816226785,12.3,37,1,2033,29
factory-baseline-positioning,32,0,0,2033,1.4411886710004183,2058,0.0,-0.288,0.19550342130987292,12.3,37,1,2033,29
factory-baseline-positioning,32,0,0,2033,1.4781887230001303,2059,0.0,-0.288,0.20332355816226785,12.3,37,1,2033,29
factory-baseline-positioning,32,0,0,2033,1.5141915490003157,2059,0.0,-0.288,0.20332355816226785,12.3,37,1,2033,29
factory-baseline-positioning,32,0,0,2033,1.550200986001073,2059,0.0,-0.288,0.20332355816226785,12.3,37,1,2033,29
factory-baseline-positioning,32,0,0,2033,1.5861993490016175,2059,0.0,-0.288,0.20332355816226785,12.3,37,1,2033,29
factory-baseline-positioning,32,0,0,2033,1.6222105640008522,2059,0.0,-0.288,0.20332355816226785,12.3,37,1,2033,29
factory-baseline-positioning,32,0,0,2033,1.6582445750009356,2059,0.0,-0.288,0.20332355816226785,12.3,37,1,2033,29
factory-baseline-positioning,32,0,0,2033,1.6952439790002245,2059,0.0,-0.288,0.20332355816226785,12.3,37,1,2033,29
factory-baseline-positioning,32,0,0,2033,1.7322390500012261,2059,0.0,-0.288,0.20332355816226785,12.3,37,1,2033,29
factory-baseline-positioning,32,0,0,2033,1.768247894000524,2059,0.0,-0.2835,0.20332355816226785,12.3,37,1,2033,29
factory-baseline-positioning,32,0,0,2033,1.804240961000687,2059,0.0,-0.288,0.20332355816226785,12.3,37,1,2033,29
factory-baseline-positioning,32,0,0,2033,1.8402535840014025,2059,0.0,-0.288,0.20332355816226785,12.3,37,1,2033,29
factory-baseline-positioning,32,0,0,2033,1.876249650000318,2059,0.0,-0.288,0.20332355816226785,12.3,37,1,2033,29
factory-baseline-positioning,32,0,0,2033,1.9122606250002718,2059,0.0,-0.288,0.20332355816226785,12.3,37,1,2033,29
factory-baseline-positioning,32,0,0,2033,1.949259732000428,2059,0.0,-0.288,0.20332355816226785,12.3,37,1,2033,29
factory-baseline-positioning,32,0,0,2033,1.9862620809999498,2059,0.0,-0.288,0.20332355816226785,12.3,37,1,2033,29
factory-baseline-positioning,32,0,0,2033,2.023259041001438,2059,0.0,-0.288,0.20332355816226785,12.3,37,1,2033,29
factory-baseline-positioning,32,0,0,2033,2.0592946630004008,2059,0.0,-0.288,0.20332355816226785,12.3,37,1,2033,29
factory-baseline-positioning,32,0,0,2033,2.0952902670014737,2059,0.0,-0.288,0.20332355816226785,12.3,37,1,2033,29
factory-baseline-positioning,32,0,0,2033,2.1332796010010497,2059,0.0,-0.288,0.20332355816226785,12.3,37,1,2033,29
factory-baseline-positioning,32,0,0,2033,2.170280857000762,2059,0.0,-0.288,0.20332355816226785,12.3,37,1,2033,29
factory-baseline-positioning,32,0,0,2033,2.206299757001034,2059,0.0,-0.288,0.20332355816226785,12.0,37,1,2033,29
factory-baseline-positioning,32,0,0,2033,2.244324924000466,2059,0.0,-0.288,0.20332355816226785,12.0,37,1,2033,29
factory-baseline-positioning,32,0,0,2033,2.281311569000536,2059,0.0,-0.288,0.20332355816226785,12.0,37,1,2033,29
factory-baseline-positioning,32,0,0,2033,2.317312025001229,2059,0.0,-0.288,0.20332355816226785,12.0,37,1,2033,29
factory-baseline-positioning,32,0,0,2033,2.353316443000949,2059,0.0,-0.288,0.20332355816226785,12.0,37,1,2033,29
factory-baseline-positioning,32,0,0,2033,2.3913197400015633,2059,0.0,-0.288,0.20332355816226785,12.0,37,1,2033,29
factory-baseline-positioning,32,0,0,2033,2.4293185740007175,2059,0.0,-0.288,0.20332355816226785,12.3,37,1,2033,29
factory-baseline-positioning,32,0,0,2033,2.467340889001207,2059,0.0,-0.288,0.20332355816226785,12.3,37,1,2033,29
factory-baseline-positioning,32,0,0,2033,2.504328164000981,2059,0.0,-0.288,0.20332355816226785,12.3,37,1,2033,29
factory-baseline-positioning,32,0,0,2033,2.54034652700102,2059,0.0,-0.288,0.20332355816226785,12.3,37,1,2033,29
factory-baseline-positioning,32,0,0,1931,0.003988312000728911,2059,0.0,-0.288,0.20332355816226785,12.3,37,1,1931,29
factory-baseline-positioning,32,0,0,1931,0.04199788699952478,2059,0.0,-0.32849999999999996,0.21114369501466276,12.3,37,1,1931,29
factory-baseline-positioning,32,0,0,1931,0.07901705000040238,2059,0.0,-0.39599999999999996,0.23460410557184752,12.1,37,1,1931,29
factory-baseline-positioning,32,0,0,1931,0.11502332099917112,2059,0.0,-0.5085,0.27370478983382207,12.1,37,1,1931,29
factory-baseline-positioning,32,0,0,1931,0.15101985100045567,2059,0.0,-0.6885,0.3206256109481916,12.1,37,1,1931,29
factory-baseline-positioning,32,0,0,1931,0.18903496200073278,2059,0.0,-0.9179999999999999,0.3831867057673509,12.3,37,1,1931,29
factory-baseline-positioning,32,0,0,1931,0.22902989700014587,2059,0.0,-0.8775,0.4613880742913001,12.3,37,1,1931,29
factory-baseline-positioning,32,0,0,1931,0.267045564,2048,-30.096000000000004,-0.837,0.3831867057673509,12.3,37,1,1931,29
factory-baseline-positioning,32,0,0,1931,0.3050577310004883,2029,-38.304,-0.6255,0.3040078201368524,12.3,37,1,1931,29
factory-baseline-positioning,32,0,0,1931,0.3420527090001997,2008,-43.776,-0.306,0.198435972629521,12.3,37,1,1931,29
factory-baseline-positioning,32,0,0,1931,0.37806777600053465,1991,-35.568000000000005,-0.34199999999999997,0.15347018572825025,12.3,37,1,1931,29
factory-baseline-positioning,32,0,0,1931,0.4160538510004699,1993,5.472,-0.6389999999999999,0.3235581622678397,12.3,37,1,1931,29
factory-baseline-positioning,32,0,0,1931,0.45209128799979226,1994,0.0,-0.8775,0.3831867057673509,12.3,37,1,1931,29
factory-baseline-positioning,32,0,0,1931,0.49206509299983736,1999,10.944,-1.206,0.4995112414467253,12.3,37,1,1931,29
factory-baseline-positioning,32,0,0,1931,0.5320596019992081,1995,-13.680000000000001,-0.8955,0.45650048875855326,11.9,37,1,1931,29
factory-baseline-positioning,32,0,0,1931,0.5720904989993869,1976,-38.304,-0.49049999999999994,0.2805474095796676,11.9,37,1,1931,29
factory-baseline-positioning,32,0,0,1931,0.6120897670007253,1956,-41.040000000000006,-0.2385,0.11827956989247312,11.9,37,1,1931,29
factory-baseline-positioning,32,0,0,1931,0.6490947269994649,1950,-10.944,-0.1755,0.13391984359726294,12.3,37,1,1931,29
factory-baseline-positioning,32,0,0,1931,0.6861079270001937,1953,5.472,-0.2115,0.1906158357771261,12.3,37,1,1931,29
factory-baseline-positioning,32,0,0,1931,0.7230902199989941,1955,5.472,-0.26549999999999996,0.20625610948191594,12.3,37,1,1931,29
factory-baseline-positioning,32,0,0,1931,0.7591134720005357,1960,10.944,-0.3645,0.2570869990224829,12.3,37,1,1931,29
factory-baseline-positioning,32,0,0,1931,0.798180493999098,1959,0.0,-0.3465,0.22678396871945258,12.3,37,1,1931,29
factory-baseline-positioning,32,0,0,1931,0.8341033769993373,1959,0.0,-0.34199999999999997,0.22678396871945258,12.3,37,1,1931,29
factory-baseline-positioning,32,0,0,1931,0.8731383819995244,1955,-10.944,-0.243,0.17302052785923755,12.3,37,1,1931,29
factory-baseline-positioning,32,0,0,1931,0.9131278349996137,1954,0.0,-0.243,0.187683284457478,12.3,37,1,1931,29
factory-baseline-positioning,32,0,0,1931,0.9531340840003395,1955,0.0,-0.243,0.19550342130987292,12.3,37,1,1931,29
factory-baseline-positioning,32,0,0,1931,0.9911208070006978,1955,0.0,-0.26549999999999996,0.19550342130987292,12.3,37,1,1931,29
factory-baseline-positioning,32,0,0,1931,1.0281389890005812,1956,0.0,-0.2835,0.20332355816226785,12.3,37,1,1931,29
factory-baseline-positioning,32,0,0,1931,1.0651469490003365,1955,0.0,-0.26549999999999996,0.19550342130987292,12.3,37,1,1931,29
factory-baseline-positioning,32,0,0,1931,1.1011628859996563,1955,0.0,-0.24749999999999997,0.19550342130987292,12.3,37,1,1931,29
factory-baseline-positioning,32,0,0,1931,1.1371504529997765,1955,0.0,-0.26099999999999995,0.19550342130987292,12.5,37,1,1931,29
factory-baseline-positioning,32,0,0,1931,1.1731615570006397,1955,0.0,-0.26099999999999995,0.19550342130987292,12.5,37,1,1931,29
factory-baseline-positioning,32,0,0,1931,1.2111872419991414,1955,0.0,-0.26099999999999995,0.19550342130987292,12.5,37,1,1931,29
factory-baseline-positioning,32,0,0,1931,1.248168424999676,1955,0.0,-0.26099999999999995,0.19550342130987292,12.3,37,1,1931,29
factory-baseline-positioning,32,0,0,1931,1.2842569909989834,1954,0.0,-0.24749999999999997,0.187683284457478,12.3,37,1,1931,29
factory-baseline-positioning,32,0,0,1931,1.3211794140006532,1955,0.0,-0.26099999999999995,0.19550342130987292,12.3,37,1,1931,29
factory-baseline-positioning,32,0,0,1931,1.3571917779991054,1955,0.0,-0.26549999999999996,0.19550342130987292,12.1,37,1,1931,29
factory-baseline-positioning,32,0,0,1931,1.3941868120000436,1955,0.0,-0.24749999999999997,0.19550342130987292,12.1,37,1,1931,29
factory-baseline-positioning,32,0,0,1931,1.4301946380001027,1955,0.0,-0.24749999999999997,0.19550342130987292,12.1,37,1,1931,29
factory-baseline-positioning,32,0,0,1931,1.4686186510007246,1955,0.0,-0.24749999999999997,0.19550342130987292,12.1,37,1,1931,29
factory-baseline-positioning,32,0,0,1931,1.5082175549996464,1954,0.0,-0.24749999999999997,0.187683284457478,12.1,37,1,1931,29
factory-baseline-positioning,32,0,0,1931,1.5472017629999755,1955,0.0,-0.24749999999999997,0.19550342130987292,12.1,37,1,1931,29
factory-baseline-positioning,32,0,0,1931,1.5842472040003486,1955,0.0,-0.24749999999999997,0.19550342130987292,12.3,37,1,1931,29
factory-baseline-positioning,32,0,0,1931,1.6212490899997647,1955,0.0,-0.24749999999999997,0.19550342130987292,12.3,37,1,1931,29
factory-baseline-positioning,32,0,0,1931,1.6572581380005431,1954,0.0,-0.24749999999999997,0.187683284457478,12.3,37,1,1931,29
factory-baseline-positioning,32,0,0,1931,1.6952497130005213,1955,0.0,-0.252,0.19550342130987292,12.3,37,1,1931,29
factory-baseline-positioning,32,0,0,1931,1.731251279999924,1955,0.0,-0.24749999999999997,0.19550342130987292,12.3,37,1,1931,29
factory-baseline-positioning,32,0,0,1931,1.7712623629995505,1955,0.0,-0.24749999999999997,0.19550342130987292,12.3,37,1,1931,29
factory-baseline-positioning,32,0,0,1931,1.8112750569998752,1955,0.0,-0.24749999999999997,0.19550342130987292,12.1,37,1,1931,29
factory-baseline-positioning,32,0,0,1931,1.8482693309997558,1955,0.0,-0.24749999999999997,0.19550342130987292,12.1,37,1,1931,29
factory-baseline-positioning,32,0,0,1931,1.886261072999332,1955,0.0,-0.24749999999999997,0.19550342130987292,12.1,37,1,1931,29
factory-baseline-positioning,32,0,0,1931,1.923259662999044,1955,0.0,-0.24749999999999997,0.19550342130987292,12.3,37,1,1931,29
factory-baseline-positioning,32,0,0,1931,1.9592634519995045,1954,0.0,-0.24749999999999997,0.187683284457478,12.3,37,1,1931,29
factory-baseline-positioning,32,0,0,1931,1.9972642859993357,1955,0.0,-0.24749999999999997,0.19550342130987292,12.3,37,1,1931,29
factory-baseline-positioning,32,0,0,1931,2.0332884449999256,1955,0.0,-0.24749999999999997,0.19550342130987292,12.3,37,1,1931,29
factory-baseline-positioning,32,0,0,1931,2.0703121089991328,1955,0.0,-0.24749999999999997,0.19550342130987292,12.3,37,1,1931,29
factory-baseline-positioning,32,0,0,1931,2.1063089540002693,1955,0.0,-0.24749999999999997,0.19550342130987292,12.3,37,1,1931,29
factory-baseline-positioning,32,0,0,1931,2.142298725000728,1955,0.0,-0.24749999999999997,0.19550342130987292,12.3,37,1,1931,29
factory-baseline-positioning,32,0,0,1931,2.1802978920004534,1955,0.0,-0.24749999999999997,0.19550342130987292,12.3,37,1,1931,29
factory-baseline-positioning,32,0,0,1931,2.216308069999286,1955,0.0,-0.252,0.19550342130987292,12.3,37,1,1931,29
factory-baseline-positioning,32,0,0,1931,2.2533138260005217,1955,0.0,-0.24749999999999997,0.19550342130987292,12.3,37,1,1931,29
factory-baseline-positioning,32,0,0,1931,2.289310244999797,1955,0.0,-0.24749999999999997,0.19550342130987292,12.3,37,1,1931,29
factory-baseline-positioning,32,0,0,1931,2.3253221830000257,1955,0.0,-0.24749999999999997,0.19550342130987292,12.3,37,1,1931,29
factory-baseline-positioning,32,0,0,1931,2.363325886999519,1955,0.0,-0.24749999999999997,0.19550342130987292,12.3,37,1,1931,29
factory-baseline-positioning,32,0,0,1931,2.4003187180005625,1955,0.0,-0.24749999999999997,0.19550342130987292,12.3,37,1,1931,29
factory-baseline-positioning,32,0,0,1931,2.4363386549994175,1955,0.0,-0.24749999999999997,0.19550342130987292,12.3,37,1,1931,29
factory-baseline-positioning,32,0,0,1931,2.4743311929996707,1955,0.0,-0.24749999999999997,0.19550342130987292,12.3,37,1,1931,29
factory-baseline-positioning,32,0,0,1931,2.5103497420004715,1955,0.0,-0.24749999999999997,0.19550342130987292,12.3,37,1,1931,29
factory-baseline-positioning,32,0,0,1931,2.5473502940003527,1955,0.0,-0.252,0.19550342130987292,12.3,37,1,1931,29
factory-baseline-positioning,32,0,0,1827,0.003994533999502892,1954,0.0,-0.24749999999999997,0.187683284457478,12.3,37,1,1827,29
factory-baseline-positioning,32,0,0,1827,0.0402094129985926,1955,0.0,-0.2835,0.20332355816226785,12.3,37,1,1827,29
factory-baseline-positioning,32,0,0,1827,0.07602083500023582,1955,0.0,-0.34199999999999997,0.22678396871945258,12.3,37,1,1827,29
factory-baseline-positioning,32,0,0,1827,0.11403026199877786,1955,0.0,-0.44999999999999996,0.26588465298142716,12.3,37,1,1827,29
factory-baseline-positioning,32,0,0,1827,0.15005282799938868,1955,0.0,-0.5894999999999999,0.3128054740957967,12.3,37,1,1827,29
factory-baseline-positioning,32,0,0,1827,0.18703699199977564,1955,0.0,-0.8009999999999999,0.3675464320625611,12.3,37,1,1827,29
factory-baseline-positioning,32,0,0,1827,0.22504649300026358,1955,0.0,-1.0574999999999999,0.43792766373411535,12.3,37,1,1827,29
factory-baseline-positioning,32,0,0,1827,0.26105363399983617,1955,0.0,-1.2465,0.5161290322580645,11.9,37,1,1827,29
factory-baseline-positioning,32,0,0,1827,0.29805114999908255,1945,-27.360000000000003,-0.9989999999999999,0.45161290322580644,11.9,37,1,1827,29
factory-baseline-positioning,32,0,0,1827,0.3350993499989272,1924,-43.776,-0.711,0.3235581622678397,11.9,37,1,1827,29
factory-baseline-positioning,32,0,0,1827,0.3720612179986347,1901,-46.512,-0.40499999999999997,0.21603128054740958,12.3,37,1,1827,29
factory-baseline-positioning,32,0,0,1827,0.41206687500016415,1881,-35.568000000000005,-0.2385,0.15347018572825025,12.3,37,1,1827,29
factory-baseline-positioning,32,0,0,1827,0.4490685009986919,1870,-24.624000000000002,-0.3015,0.15249266862170088,12.3,37,1,1827,29
factory-baseline-positioning,32,0,0,1827,0.48707072399884055,1872,5.472,-0.4725,0.2844574780058651,12.2,37,1,1827,29
factory-baseline-positioning,32,0,0,1827,0.5570687399995222,1877,10.944,-0.828,0.3978494623655914,12.2,37,1,1827,29
factory-baseline-positioning,32,0,0,1827,0.5930878990002384,1878,0.0,-0.8594999999999999,0.39882697947214074,12.2,37,1,1827,29
factory-baseline-positioning,32,0,0,1827,0.6300974890000361,1877,0.0,-0.828,0.39100684261974583,12.0,37,1,1827,29
factory-baseline-positioning,32,0,0,1827,0.6681070269987686,1875,-5.472,-0.747,0.364613880742913,12.0,37,1,1827,29
factory-baseline-positioning,32,0,0,1827,0.7040972979993967,1873,0.0,-0.7244999999999999,0.3597262952101662,12.0,37,1,1827,29
factory-baseline-positioning,32,0,0,1827,0.7410957769989182,1874,0.0,-0.747,0.3675464320625611,12.3,37,1,1827,29
factory-baseline-positioning,32,0,0,1827,0.7770947699991666,1874,0.0,-0.747,0.3675464320625611,12.3,37,1,1827,29
factory-baseline-positioning,32,0,0,1827,0.8131048369996279,1875,0.0,-0.7739999999999999,0.375366568914956,12.3,37,1,1827,29
factory-baseline-positioning,32,0,0,1827,0.8501175379988126,1874,0.0,-0.747,0.3675464320625611,12.3,37,1,1827,29
factory-baseline-positioning,32,0,0,1827,0.8871161829993071,1874,0.0,-0.7244999999999999,0.3675464320625611,12.3,37,1,1827,29
factory-baseline-positioning,32,0,0,1827,0.9241210319996753,1873,0.0,-0.7244999999999999,0.3675464320625611,12.3,37,1,1827,29
factory-baseline-positioning,32,0,0,1827,0.9621707539990894,1874,0.0,-0.7515,0.3675464320625611,12.3,37,1,1827,29
factory-baseline-positioning,32,0,0,1827,0.9991645479985891,1874,0.0,-0.7244999999999999,0.3675464320625611,12.3,37,1,1827,29
factory-baseline-positioning,32,0,0,1827,1.0351644299989857,1874,0.0,-0.747,0.3675464320625611,12.3,37,1,1827,29
factory-baseline-positioning,32,0,0,1827,1.0732106340001337,1873,0.0,-0.7515,0.3597262952101662,12.3,37,1,1827,29
factory-baseline-positioning,32,0,0,1827,1.109174035000251,1874,0.0,-0.72,0.3675464320625611,12.3,37,1,1827,29
factory-baseline-positioning,32,0,0,1827,1.1472377209993283,1874,0.0,-0.747,0.3675464320625611,12.3,37,1,1827,29
factory-baseline-positioning,32,0,0,1827,1.183160159000181,1874,0.0,-0.747,0.3675464320625611,12.3,37,1,1827,29
factory-baseline-positioning,32,0,0,1827,1.2212346409996826,1874,0.0,-0.7515,0.3675464320625611,12.3,37,1,1827,29
factory-baseline-positioning,32,0,0,1827,1.2612614459994802,1873,0.0,-0.7244999999999999,0.3597262952101662,12.3,37,1,1827,29
factory-baseline-positioning,32,0,0,1827,1.2982436649999727,1874,0.0,-0.72,0.3675464320625611,12.3,37,1,1827,29
factory-baseline-positioning,32,0,0,1827,1.3342342509986338,1874,0.0,-0.747,0.3675464320625611,12.3,37,1,1827,29
factory-baseline-positioning,32,0,0,1827,1.3712281930002064,1874,0.0,-0.7515,0.3675464320625611,12.3,37,1,1827,29
factory-baseline-positioning,32,0,0,1827,1.4072420189986588,1874,0.0,-0.747,0.3675464320625611,12.3,37,1,1827,29
factory-baseline-positioning,32,0,0,1827,1.4432376980003028,1873,0.0,-0.747,0.3597262952101662,12.3,37,1,1827,29
factory-baseline-positioning,32,0,0,1827,1.4812622720000945,1873,0.0,-0.72,0.3597262952101662,12.3,37,1,1827,29
factory-baseline-positioning,32,0,0,1827,1.5172558209997078,1874,0.0,-0.747,0.3675464320625611,12.3,37,1,1827,29
factory-baseline-positioning,32,0,0,1827,1.5542569659992296,1873,0.0,-0.747,0.3597262952101662,11.9,37,1,1827,29
factory-baseline-positioning,32,0,0,1827,1.5902591819994996,1874,0.0,-0.747,0.3675464320625611,11.9,37,1,1827,29
factory-baseline-positioning,32,0,0,1827,1.6272578459993383,1874,0.0,-0.72,0.3675464320625611,11.9,37,1,1827,29
factory-baseline-positioning,32,0,0,1827,1.6652633279991278,1873,0.0,-0.747,0.3597262952101662,12.3,37,1,1827,29
factory-baseline-positioning,32,0,0,1827,1.7022684549992846,1873,0.0,-0.7244999999999999,0.3597262952101662,12.3,37,1,1827,29
factory-baseline-positioning,32,0,0,1827,1.739256249000391,1874,0.0,-0.747,0.3675464320625611,12.3,37,1,1827,29
factory-baseline-positioning,32,0,0,1827,1.7772658789999696,1873,0.0,-0.747,0.3675464320625611,12.3,37,1,1827,29
factory-baseline-positioning,32,0,0,1827,1.813267798999732,1874,0.0,-0.72,0.3675464320625611,12.3,37,1,1827,29
factory-baseline-positioning,32,0,0,1827,1.8502846659994248,1874,0.0,-0.7424999999999999,0.3675464320625611,12.3,37,1,1827,29
factory-baseline-positioning,32,0,0,1827,1.8882723890001216,1873,0.0,-0.72,0.3597262952101662,12.0,37,1,1827,29
factory-baseline-positioning,32,0,0,1827,1.924289401000351,1873,0.0,-0.7424999999999999,0.3597262952101662,12.0,37,1,1827,29
factory-baseline-positioning,32,0,0,1827,1.9612915649995557,1874,0.0,-0.7424999999999999,0.3675464320625611,12.0,37,1,1827,29
factory-baseline-positioning,32,0,0,1827,1.9992950839987316,1874,0.0,-0.72,0.3597262952101662,12.0,37,1,1827,29
factory-baseline-positioning,32,0,0,1827,2.0362991189995228,1873,0.0,-0.747,0.3597262952101662,12.3,37,1,1827,29
factory-baseline-positioning,32,0,0,1827,2.0733267269988573,1874,0.0,-0.72,0.3675464320625611,12.3,37,1,1827,29
factory-baseline-positioning,32,0,0,1827,2.1093151650002255,1873,0.0,-0.7424999999999999,0.3597262952101662,12.3,37,1,1827,29
factory-baseline-positioning,32,0,0,1827,2.1453246580003906,1874,0.0,-0.7424999999999999,0.3675464320625611,12.3,37,1,1827,29
factory-baseline-positioning,32,0,0,1827,2.1832988810001552,1874,0.0,-0.747,0.3675464320625611,12.3,37,1,1827,29
factory-baseline-positioning,32,0,0,1827,2.219328133998715,1873,0.0,-0.72,0.3597262952101662,12.3,37,1,1827,29
factory-baseline-positioning,32,0,0,1827,2.2573274499991385,1874,0.0,-0.7424999999999999,0.3675464320625611,12.0,37,1,1827,29
factory-baseline-positioning,32,0,0,1827,2.293332257999282,1873,0.0,-0.747,0.3597262952101662,12.0,37,1,1827,29
factory-baseline-positioning,32,0,0,1827,2.3293408989993623,1873,0.0,-0.7424999999999999,0.3597262952101662,12.0,37,1,1827,29
factory-baseline-positioning,32,0,0,1827,2.365343595998638,1874,0.0,-0.747,0.3675464320625611,12.0,37,1,1827,29
factory-baseline-positioning,32,0,0,1827,2.4013455149997753,1874,0.0,-0.7154999999999999,0.3675464320625611,12.0,37,1,1827,29
factory-baseline-positioning,32,0,0,1827,2.438357957000335,1874,0.0,-0.7244999999999999,0.3675464320625611,12.0,37,1,1827,29
factory-baseline-positioning,32,0,0,1827,2.4753714540001965,1873,0.0,-0.747,0.3597262952101662,12.3,37,1,1827,29
factory-baseline-positioning,32,0,0,1827,2.513364159000048,1873,0.0,-0.738,0.3597262952101662,12.3,37,1,1827,29
factory-baseline-positioning,32,0,0,1827,2.5493628369986254,1874,0.0,-0.72,0.3675464320625611,12.3,37,1,1827,29
factory-baseline-positioning,32,0,0,1746,0.0040176830007112585,1874,0.0,-0.7424999999999999,0.3675464320625611,12.3,37,1,1746,29
factory-baseline-positioning,32,0,0,1746,0.040023676001510466,1874,0.0,-0.8009999999999999,0.375366568914956,12.3,37,1,1746,29
factory-baseline-positioning,32,0,0,1746,0.07602620600118826,1874,0.0,-0.8775,0.39882697947214074,12.3,37,1,1746,29
factory-baseline-positioning,32,0,0,1746,0.11203542200019001,1874,0.0,-0.9944999999999999,0.43792766373411535,12.0,37,1,1746,29
factory-baseline-positioning,32,0,0,1746,0.14803837800172914,1871,-8.208,-0.9179999999999999,0.436950146627566,12.0,37,1,1746,29
factory-baseline-positioning,32,0,0,1746,0.1840386310013855,1854,-38.304,-0.612,0.3040078201368524,12.0,37,1,1746,29
factory-baseline-positioning,32,0,0,1746,0.22105962800014822,1839,-35.568000000000005,-0.477,0.24926686217008798,12.3,37,1,1746,29
factory-baseline-positioning,32,0,0,1746,0.25806101400121406,1818,-46.512,-0.27449999999999997,0.14565004887585534,12.3,37,1,1746,29
factory-baseline-positioning,32,0,0,1746,0.2950811780010554,1807,-16.416,-0.37799999999999995,0.19257086999022482,12.3,37,1,1746,29
factory-baseline-positioning,32,0,0,1746,0.33108552300109295,1810,8.208,-0.63,0.33724340175953077,12.3,37,1,1746,29
factory-baseline-positioning,32,0,0,1746,0.3670822940002836,1810,0.0,-0.837,0.3831867057673509,12.3,37,1,1746,29
factory-baseline-positioning,32,0,0,1746,0.40310289800072496,1816,13.680000000000001,-1.053,0.5053763440860215,12.3,37,1,1746,29
factory-baseline-positioning,32,0,0,1746,0.4390848730017751,1808,-21.888,-0.8639999999999999,0.40860215053763443,12.3,37,1,1746,29
factory-baseline-positioning,32,0,0,1746,0.47510056999999506,1793,-30.096000000000004,-0.5219999999999999,0.29716520039100686,12.0,37,1,1746,29
factory-baseline-positioning,32,0,0,1746,0.5121036970012938,1777,-38.304,-0.24749999999999997,0.16324535679374388,12.0,37,1,1746,29
factory-baseline-positioning,32,0,0,1746,0.5522131860016088,1767,-10.944,-0.19349999999999998,0.14173998044965788,12.0,37,1,1746,29
factory-baseline-positioning,32,0,0,1746,0.5890861480002059,1769,0.0,-0.22499999999999998,0.1798631476050831,12.3,37,1,1746,29
factory-baseline-positioning,32,0,0,1746,0.6260954230001516,1771,8.208,-0.2835,0.21212121212121213,12.3,37,1,1746,29
factory-baseline-positioning,32,0,0,1746,0.6620955090002099,1777,13.680000000000001,-0.39149999999999996,0.270772238514174,12.3,37,1,1746,29
factory-baseline-positioning,32,0,0,1746,0.6981117240011372,1776,0.0,-0.369,0.23460410557184752,12.3,37,1,1746,29
factory-baseline-positioning,32,0,0,1746,0.7351194990005752,1776,0.0,-0.369,0.23460410557184752,12.3,37,1,1746,29
factory-baseline-positioning,32,0,0,1746,0.7721155710005405,1772,-8.208,-0.26549999999999996,0.18670576735092864,12.3,37,1,1746,29
factory-baseline-positioning,32,0,0,1746,0.8091231240014167,1770,0.0,-0.24749999999999997,0.187683284457478,12.3,37,1,1746,29
factory-baseline-positioning,32,0,0,1746,0.8451218950012844,1771,0.0,-0.26549999999999996,0.19550342130987292,12.3,37,1,1746,29
factory-baseline-positioning,32,0,0,1746,0.8811457210013032,1771,0.0,-0.26549999999999996,0.19550342130987292,12.3,37,1,1746,29
factory-baseline-positioning,32,0,0,1746,0.9171432890016149,1774,8.208,-0.32849999999999996,0.23558162267839688,12.3,37,1,1746,29
factory-baseline-positioning,32,0,0,1746,0.9531402080010594,1774,0.0,-0.306,0.21896383186705767,12.3,37,1,1746,29
factory-baseline-positioning,32,0,0,1746,0.9901621680000972,1774,0.0,-0.306,0.21896383186705767,12.3,37,1,1746,29
factory-baseline-positioning,32,0,0,1746,1.0271588140003587,1773,0.0,-0.288,0.21114369501466276,12.3,37,1,1746,29
factory-baseline-positioning,32,0,0,1746,1.0641593300006207,1773,0.0,-0.3105,0.21114369501466276,12.0,37,1,1746,29
factory-baseline-positioning,32,0,0,1746,1.1001788600005966,1773,0.0,-0.306,0.21114369501466276,12.0,37,1,1746,29
factory-baseline-positioning,32,0,0,1746,1.1361732790010137,1773,0.0,-0.306,0.21114369501466276,12.0,37,1,1746,29
factory-baseline-positioning,32,0,0,1746,1.1721792910011573,1773,0.0,-0.306,0.21114369501466276,12.0,37,1,1746,29
factory-baseline-positioning,32,0,0,1746,1.208176303000073,1773,0.0,-0.306,0.21114369501466276,12.0,37,1,1746,29
factory-baseline-positioning,32,0,0,1746,1.2452011710010993,1773,0.0,-0.3105,0.21114369501466276,12.0,37,1,1746,29
factory-baseline-positioning,32,0,0,1746,1.2821983530011494,1773,0.0,-0.306,0.21114369501466276,12.3,37,1,1746,29
factory-baseline-positioning,32,0,0,1746,1.3182024950001505,1773,0.0,-0.306,0.21114369501466276,12.3,37,1,1746,29
factory-baseline-positioning,32,0,0,1746,1.3561938300008478,1773,0.0,-0.306,0.21114369501466276,12.3,37,1,1746,29
factory-baseline-positioning,32,0,0,1746,1.3922040640009072,1773,0.0,-0.306,0.21114369501466276,12.0,37,1,1746,29
factory-baseline-positioning,32,0,0,1746,1.429228024000622,1773,0.0,-0.3105,0.21114369501466276,12.0,37,1,1746,29
factory-baseline-positioning,32,0,0,1746,1.4652288510005747,1773,0.0,-0.306,0.21114369501466276,12.0,37,1,1746,29
factory-baseline-positioning,32,0,0,1746,1.5012546960006148,1773,0.0,-0.3105,0.21114369501466276,12.0,37,1,1746,29
factory-baseline-positioning,32,0,0,1746,1.538236971000515,1773,0.0,-0.306,0.21114369501466276,12.0,37,1,1746,29
factory-baseline-positioning,32,0,0,1746,1.575233413001115,1773,0.0,-0.306,0.21114369501466276,12.0,37,1,1746,29
factory-baseline-positioning,32,0,0,1746,1.611233721001554,1773,0.0,-0.306,0.21114369501466276,12.0,37,1,1746,29
factory-baseline-positioning,32,0,0,1746,1.6472606590014038,1773,0.0,-0.306,0.21114369501466276,12.3,37,1,1746,29
factory-baseline-positioning,32,0,0,1746,1.683257393000531,1773,0.0,-0.306,0.21114369501466276,12.3,37,1,1746,29
factory-baseline-positioning,32,0,0,1746,1.7192609420017106,1773,0.0,-0.306,0.21114369501466276,12.3,37,1,1746,29
factory-baseline-positioning,32,0,0,1746,1.7552573610009858,1773,0.0,-0.306,0.21114369501466276,12.3,37,1,1746,29
factory-baseline-positioning,32,0,0,1746,1.7922703960011859,1773,0.0,-0.306,0.21114369501466276,12.3,37,1,1746,29
factory-baseline-positioning,32,0,0,1746,1.8292632820011931,1773,0.0,-0.306,0.21114369501466276,12.3,37,1,1746,29
factory-baseline-positioning,32,0,0,1746,1.8652782750014012,1772,0.0,-0.306,0.20332355816226785,12.3,37,1,1746,29
factory-baseline-positioning,32,0,0,1746,1.901276732000042,1773,0.0,-0.306,0.21114369501466276,12.3,37,1,1746,29
factory-baseline-positioning,32,0,0,1746,1.9382776550010021,1773,0.0,-0.306,0.21114369501466276,12.3,37,1,1746,29
factory-baseline-positioning,32,0,0,1746,1.9753084480016696,1773,0.0,-0.306,0.21114369501466276,12.3,37,1,1746,29
factory-baseline-positioning,32,0,0,1746,2.0122948160005762,1773,0.0,-0.3105,0.21114369501466276,12.3,37,1,1746,29
factory-baseline-positioning,32,0,0,1746,2.049295944001642,1773,0.0,-0.306,0.21114369501466276,12.3,38,1,1746,29
factory-baseline-positioning,32,0,0,1746,2.087306797000565,1773,0.0,-0.306,0.21114369501466276,12.3,38,1,1746,29
factory-baseline-positioning,32,0,0,1746,2.124307776000933,1773,0.0,-0.306,0.21114369501466276,12.3,38,1,1746,29
factory-baseline-positioning,32,0,0,1746,2.161329995000415,1773,0.0,-0.306,0.21114369501466276,12.3,37,1,1746,29
factory-baseline-positioning,32,0,0,1746,2.1973284330015304,1773,0.0,-0.306,0.21114369501466276,12.3,37,1,1746,29
factory-baseline-positioning,32,0,0,1746,2.233321353000065,1773,0.0,-0.306,0.21114369501466276,12.3,37,1,1746,29
factory-baseline-positioning,32,0,0,1746,2.270331702000476,1773,0.0,-0.306,0.21114369501466276,12.3,37,1,1746,29
factory-baseline-positioning,32,0,0,1746,2.3073389590008446,1773,0.0,-0.3105,0.21114369501466276,12.3,37,1,1746,29
factory-baseline-positioning,32,0,0,1746,2.3453477190014382,1773,0.0,-0.306,0.21114369501466276,12.3,37,1,1746,29
factory-baseline-positioning,32,0,0,1746,2.3813445650012,1773,0.0,-0.306,0.21114369501466276,12.3,37,1,1746,29
factory-baseline-positioning,32,0,0,1746,2.417355169000075,1773,0.0,-0.3105,0.21114369501466276,12.3,37,1,1746,29
factory-baseline-positioning,32,0,0,1746,2.4533610150010645,1773,0.0,-0.3105,0.21114369501466276,12.3,37,1,1746,29
factory-baseline-positioning,32,0,0,1746,2.48937486000068,1773,0.0,-0.306,0.21114369501466276,12.3,37,1,1746,29
factory-baseline-positioning,32,0,0,1746,2.526376320000054,1773,0.0,-0.306,0.21114369501466276,12.3,37,1,1746,29
factory-baseline-positioning,32,0,0,1746,2.563380447001691,1773,0.0,-0.306,0.21114369501466276,12.3,37,1,1746,29
factory-baseline-positioning,32,0,0,1645,0.003994812001110404,1773,0.0,-0.306,0.21114369501466276,12.3,37,1,1645,29
factory-baseline-positioning,32,0,0,1645,0.04097849500067241,1773,0.0,-0.351,0.21896383186705767,12.3,37,1,1645,29
factory-baseline-positioning,32,0,0,1645,0.07700121100060642,1773,0.0,-0.4185,0.24242424242424243,12.3,37,1,1645,29
factory-baseline-positioning,32,0,0,1645,0.11500723000062862,1773,0.0,-0.5355,0.28152492668621704,12.3,37,1,1645,29
factory-baseline-positioning,32,0,0,1645,0.1520052650012076,1773,0.0,-0.693,0.3284457478005865,12.3,37,1,1645,29
factory-baseline-positioning,32,0,0,1645,0.18800609200116014,1773,0.0,-0.9269999999999999,0.39100684261974583,12.5,37,1,1645,29
factory-baseline-positioning,32,0,0,1645,0.22402501100077643,1773,0.0,-0.8594999999999999,0.45356793743890517,12.5,37,1,1645,29
factory-baseline-positioning,32,0,0,1645,0.26002633800089825,1760,-35.568000000000005,-0.7605,0.3489736070381232,12.5,37,1,1645,29
factory-baseline-positioning,32,0,0,1645,0.2970339100011188,1743,-35.568000000000005,-0.6074999999999999,0.29423264907135877,12.0,37,1,1645,29
factory-baseline-positioning,32,0,0,1645,0.3590343200012285,1710,-46.512,-0.3015,0.1300097751710655,12.0,37,1,1645,29
factory-baseline-positioning,32,0,0,1645,0.3950304990012228,1704,-5.472,-0.46799999999999997,0.24731182795698925,12.0,37,1,1645,29
factory-baseline-positioning,32,0,0,1645,0.43204160800087266,1706,0.0,-0.6839999999999999,0.3362658846529814,12.3,37,1,1645,29
factory-baseline-positioning,32,0,0,1645,0.46904749399982393,1709,8.208,-0.9899999999999999,0.4310850439882698,12.3,37,1,1645,29
factory-baseline-positioning,32,0,0,1645,0.5060741209999833,1713,8.208,-1.089,0.509286412512219,12.3,37,1,1645,29
factory-baseline-positioning,32,0,0,1645,0.5430691190013022,1700,-32.832,-0.7739999999999999,0.3460410557184751,12.0,37,1,1645,29
factory-baseline-positioning,32,0,0,1645,0.5821115310009191,1687,-24.624000000000002,-0.46799999999999997,0.2776148582600195,12.0,37,1,1645,29
factory-baseline-positioning,32,0,0,1645,0.6180673770013527,1668,-43.776,-0.16649999999999998,0.08895405669599218,12.0,37,1,1645,29
factory-baseline-positioning,32,0,0,1645,0.6560720080015017,1665,0.0,-0.1755,0.15640273704789834,12.0,37,1,1645,29
factory-baseline-positioning,32,0,0,1645,0.6940796390008472,1666,0.0,-0.18,0.16422287390029325,12.0,37,1,1645,29
factory-baseline-positioning,32,0,0,1645,0.7310858400014695,1670,10.944,-0.26549999999999996,0.2179863147605083,12.0,37,1,1645,29
factory-baseline-positioning,32,0,0,1645,0.7670879080014856,1674,8.208,-0.306,0.2434017595307918,12.3,37,1,1645,29
factory-baseline-positioning,32,0,0,1645,0.8050870759998361,1673,0.0,-0.32399999999999995,0.21896383186705767,12.3,37,1,1645,29
factory-baseline-positioning,32,0,0,1645,0.8421079630006716,1672,0.0,-0.3015,0.21114369501466276,12.3,37,1,1645,29
factory-baseline-positioning,32,0,0,1645,0.878106864000074,1669,-8.208,-0.22499999999999998,0.1710654936461388,12.3,37,1,1645,29
factory-baseline-positioning,32,0,0,1645,0.9141098760010209,1668,0.0,-0.22499999999999998,0.1798631476050831,12.3,37,1,1645,29
factory-baseline-positioning,32,0,0,1645,0.952122970000346,1668,0.0,-0.243,0.1798631476050831,12.3,37,1,1645,29
factory-baseline-positioning,32,0,0,1645,0.9921434230000159,1671,5.472,-0.27899999999999997,0.21407624633431085,12.3,37,1,1645,29
factory-baseline-positioning,32,0,0,1645,1.030132110001432,1672,0.0,-0.32399999999999995,0.21114369501466276,12.3,37,1,1645,29
factory-baseline-positioning,32,0,0,1645,1.0681402600002912,1672,0.0,-0.3015,0.21114369501466276,12.3,37,1,1645,29
factory-baseline-positioning,32,0,0,1645,1.1891609400008747,1671,0.0,-0.297,0.20332355816226785,12.3,37,1,1645,29
factory-baseline-positioning,32,0,0,1645,1.2251601190000656,1672,0.0,-0.297,0.21114369501466276,12.3,37,1,1645,29
factory-baseline-positioning,32,0,0,1645,1.2621640420002223,1672,0.0,-0.3015,0.21114369501466276,12.3,37,1,1645,29
factory-baseline-positioning,32,0,0,1645,1.2982127020004555,1672,0.0,-0.3015,0.21114369501466276,12.3,37,1,1645,29
factory-baseline-positioning,32,0,0,1645,1.3366604750008264,1671,0.0,-0.3015,0.20332355816226785,12.3,37,1,1645,29
factory-baseline-positioning,32,0,0,1645,1.3761994169999525,1671,0.0,-0.2835,0.20332355816226785,12.3,37,1,1645,29
factory-baseline-positioning,32,0,0,1645,1.4141893070009246,1671,0.0,-0.2835,0.20332355816226785,12.3,37,1,1645,29
factory-baseline-positioning,32,0,0,1645,1.4522463270004664,1672,0.0,-0.3015,0.21114369501466276,12.3,37,1,1645,29
factory-baseline-positioning,32,0,0,1645,1.4894005630012543,1672,0.0,-0.297,0.21114369501466276,12.3,37,1,1645,29
factory-baseline-positioning,32,0,0,1645,1.5251911890009069,1672,0.0,-0.3015,0.21114369501466276,12.3,37,1,1645,29
factory-baseline-positioning,32,0,0,1645,1.5631937090001884,1672,0.0,-0.27899999999999997,0.21114369501466276,12.3,37,1,1645,29
factory-baseline-positioning,32,0,0,1645,1.5992741090012714,1672,0.0,-0.3015,0.21114369501466276,12.3,37,1,1645,29
factory-baseline-positioning,32,0,0,1645,1.6392437120011891,1672,0.0,-0.3015,0.21114369501466276,12.3,37,1,1645,29
factory-baseline-positioning,32,0,0,1645,1.6792658690010285,1672,0.0,-0.3015,0.21114369501466276,12.3,37,1,1645,29
factory-baseline-positioning,32,0,0,1645,1.7192346200008615,1672,0.0,-0.288,0.21114369501466276,12.3,37,1,1645,29
factory-baseline-positioning,32,0,0,1645,1.7562348770006793,1672,0.0,-0.27899999999999997,0.21114369501466276,12.3,37,1,1645,29
factory-baseline-positioning,32,0,0,1645,1.7942541009997512,1671,0.0,-0.297,0.20332355816226785,12.3,37,1,1645,29
factory-baseline-positioning,32,0,0,1645,1.831264172000374,1672,0.0,-0.3015,0.21114369501466276,12.3,37,1,1645,29
factory-baseline-positioning,32,0,0,1645,1.8672676840014901,1672,0.0,-0.3015,0.21114369501466276,12.3,37,1,1645,29
factory-baseline-positioning,32,0,0,1645,1.905247168000642,1672,0.0,-0.3015,0.21114369501466276,12.3,37,1,1645,29
factory-baseline-positioning,32,0,0,1645,1.9412848650008527,1672,0.0,-0.27899999999999997,0.21114369501466276,12.0,37,1,1645,29
factory-baseline-positioning,32,0,0,1645,1.9812635970010888,1671,0.0,-0.2835,0.20332355816226785,12.0,37,1,1645,29
factory-baseline-positioning,32,0,0,1645,2.0213194570005726,1671,0.0,-0.297,0.20332355816226785,12.0,37,1,1645,29
factory-baseline-positioning,32,0,0,1645,2.0676780590001727,1671,0.0,-0.27899999999999997,0.20332355816226785,12.0,37,1,1645,29
factory-baseline-positioning,32,0,0,1645,2.1637531030009995,1671,0.0,-0.3015,0.21114369501466276,12.3,37,1,1645,29
factory-baseline-positioning,32,0,0,1645,2.2033946000010474,1672,0.0,-0.27899999999999997,0.21114369501466276,12.3,37,1,1645,29
factory-baseline-positioning,32,0,0,1645,2.255671467000866,1671,0.0,-0.3015,0.21114369501466276,12.3,37,1,1645,29
factory-baseline-positioning,32,0,0,1645,2.2996810849999747,1672,0.0,-0.3015,0.21114369501466276,12.0,37,1,1645,29
factory-baseline-positioning,32,0,0,1645,2.3383815580000373,1672,0.0,-0.3015,0.21114369501466276,12.0,37,1,1645,29
factory-baseline-positioning,32,0,0,1645,2.3743389780011057,1672,0.0,-0.3015,0.21114369501466276,12.0,37,1,1645,29
factory-baseline-positioning,32,0,0,1645,2.4113365320008597,1671,0.0,-0.27899999999999997,0.20332355816226785,12.0,37,1,1645,29
factory-baseline-positioning,32,0,0,1645,2.4493716810011392,1672,0.0,-0.3015,0.21114369501466276,12.0,37,1,1645,29
factory-baseline-positioning,32,0,0,1645,2.4853443230003904,1672,0.0,-0.297,0.21114369501466276,12.0,37,1,1645,29
factory-baseline-positioning,32,0,0,1645,2.5223486909999338,1672,0.0,-0.3015,0.21114369501466276,12.3,37,1,1645,29
factory-baseline-positioning,32,0,0,1645,2.5603744340005505,1672,0.0,-0.27899999999999997,0.21114369501466276,12.3,37,1,1645,29
factory-baseline-positioning,32,0,0,1543,0.003987979000157793,1671,0.0,-0.3015,0.20332355816226785,12.3,37,1,1543,29
factory-baseline-positioning,32,0,0,1543,0.04202018400064844,1672,0.0,-0.31949999999999995,0.21896383186705767,12.3,37,1,1543,29
factory-baseline-positioning,32,0,0,1543,0.07902362599998014,1672,0.0,-0.38249999999999995,0.25024437927663734,12.3,37,1,1543,29
factory-baseline-positioning,32,0,0,1543,0.1160370489997149,1672,0.0,-0.5219999999999999,0.28152492668621704,12.3,37,1,1543,29
factory-baseline-positioning,32,0,0,1543,0.15402823600015836,1671,0.0,-0.7064999999999999,0.3206256109481916,12.1,37,1,1543,29
factory-baseline-positioning,32,0,0,1543,0.19002891499985708,1672,0.0,-0.9314999999999999,0.39100684261974583,12.1,37,1,1543,29
factory-baseline-positioning,32,0,0,1543,0.2270433020003111,1672,0.0,-0.9269999999999999,0.4613880742913001,12.1,37,1,1543,29
factory-baseline-positioning,32,0,0,1543,0.2650471369997831,1657,-35.568000000000005,-0.7515,0.3489736070381232,12.3,37,1,1543,29
factory-baseline-positioning,32,0,0,1543,0.3020479120004893,1641,-32.832,-0.6164999999999999,0.3069403714565005,12.3,37,1,1543,29
factory-baseline-positioning,32,0,0,1543,0.33806975799961947,1622,-41.040000000000006,-0.288,0.21212121212121213,12.3,37,1,1543,29
factory-baseline-positioning,32,0,0,1543,0.37605161200008297,1602,-41.040000000000006,-0.34199999999999997,0.12609970674486803,12.3,37,1,1543,29
factory-baseline-positioning,32,0,0,1543,0.41206603099999484,1604,8.208,-0.6074999999999999,0.31378299120234604,12.3,37,1,1543,29
factory-baseline-positioning,32,0,0,1543,0.4490590109999175,1604,0.0,-0.8234999999999999,0.3597262952101662,12.3,37,1,1543,29
factory-baseline-positioning,32,0,0,1543,0.48507215199970233,1609,10.944,-0.9269999999999999,0.4682306940371456,12.3,37,1,1543,29
factory-baseline-positioning,32,0,0,1543,0.523077875999661,1601,-21.888,-0.8504999999999999,0.37732160312805474,12.3,37,1,1543,29
factory-baseline-positioning,32,0,0,1543,0.5630761080010416,1590,-21.888,-0.6164999999999999,0.3147605083088954,12.3,37,1,1543,29
factory-baseline-positioning,32,0,0,1543,0.6030776919997152,1576,-32.832,-0.297,0.18963831867057673,12.3,37,1,1543,29
factory-baseline-positioning,32,0,0,1543,0.6401309299999411,1563,-24.624000000000002,-0.18,0.10557184750733138,12.3,37,1,1543,29
factory-baseline-positioning,32,0,0,1543,0.6780905619998521,1565,0.0,-0.19799999999999998,0.17204301075268819,12.3,37,1,1543,29
factory-baseline-positioning,32,0,0,1543,0.7141000739993615,1566,0.0,-0.22949999999999998,0.1798631476050831,12.3,37,1,1543,29
factory-baseline-positioning,32,0,0,1543,0.7511165529995196,1571,10.944,-0.34199999999999997,0.24144672531769307,12.3,37,1,1543,29
factory-baseline-positioning,32,0,0,1543,0.7881173469995701,1572,0.0,-0.32399999999999995,0.22678396871945258,12.3,37,1,1543,29
factory-baseline-positioning,32,0,0,1543,0.8251303260003624,1572,0.0,-0.306,0.22678396871945258,12.3,37,1,1543,29
factory-baseline-positioning,32,0,0,1543,0.8651143919996684,1569,-5.472,-0.24749999999999997,0.19257086999022482,12.3,37,1,1543,29
factory-baseline-positioning,32,0,0,1543,0.9021292600009474,1567,0.0,-0.23399999999999999,0.187683284457478,12.3,37,1,1543,29
factory-baseline-positioning,32,0,0,1543,0.940132428000652,1567,0.0,-0.22949999999999998,0.187683284457478,12.3,37,1,1543,29
factory-baseline-positioning,32,0,0,1543,0.9771390559999418,1568,0.0,-0.26999999999999996,0.19550342130987292,12.3,37,1,1543,29
factory-baseline-positioning,32,0,0,1543,1.0131573090002348,1570,0.0,-0.288,0.21114369501466276,12.3,37,1,1543,29
factory-baseline-positioning,32,0,0,1543,1.0511696440007654,1571,0.0,-0.306,0.21896383186705767,12.1,37,1,1543,29
factory-baseline-positioning,32,0,0,1543,1.0881651969993982,1571,0.0,-0.306,0.21896383186705767,12.1,37,1,1543,29
factory-baseline-positioning,32,0,0,1543,1.1251986570005101,1570,0.0,-0.288,0.21114369501466276,12.1,37,1,1543,29
factory-baseline-positioning,32,0,0,1543,1.1631935850000445,1570,0.0,-0.288,0.21114369501466276,12.1,37,1,1543,29
factory-baseline-positioning,32,0,0,1543,1.2001948609995452,1570,0.0,-0.288,0.21114369501466276,12.0,37,1,1543,29
factory-baseline-positioning,32,0,0,1543,1.2361882250006602,1571,0.0,-0.306,0.21896383186705767,12.0,37,1,1543,29
factory-baseline-positioning,32,0,0,1543,1.2721856640000624,1571,0.0,-0.288,0.21896383186705767,12.0,37,1,1543,29
factory-baseline-positioning,32,0,0,1543,1.3081829540005856,1570,0.0,-0.306,0.21114369501466276,12.3,37,1,1543,29
factory-baseline-positioning,32,0,0,1543,1.345200563000617,1570,0.0,-0.288,0.21114369501466276,12.3,37,1,1543,29
factory-baseline-positioning,32,0,0,1543,1.3822060610000335,1570,0.0,-0.2835,0.21114369501466276,12.3,37,1,1543,29
factory-baseline-positioning,32,0,0,1543,1.4192118360006134,1571,0.0,-0.2835,0.21896383186705767,12.1,37,1,1543,29
factory-baseline-positioning,32,0,0,1543,1.457224097001017,1571,0.0,-0.288,0.21896383186705767,12.1,37,1,1543,29
factory-baseline-positioning,32,0,0,1543,1.4942157059995225,1571,0.0,-0.3105,0.21896383186705767,12.1,37,1,1543,29
factory-baseline-positioning,32,0,0,1543,1.5302137929993478,1570,0.0,-0.288,0.21114369501466276,12.2,37,1,1543,29
factory-baseline-positioning,32,0,0,1543,1.568217813000956,1570,0.0,-0.288,0.21114369501466276,12.2,37,1,1543,29
factory-baseline-positioning,32,0,0,1543,1.6042823620009585,1571,0.0,-0.288,0.21896383186705767,12.2,37,1,1543,29
factory-baseline-positioning,32,0,0,1543,1.6423240670010273,1570,0.0,-0.3015,0.21114369501466276,12.3,37,1,1543,29
factory-baseline-positioning,32,0,0,1543,1.6802416810005525,1570,0.0,-0.288,0.21114369501466276,12.3,37,1,1543,29
factory-baseline-positioning,32,0,0,1543,1.7162501000002521,1571,0.0,-0.306,0.21896383186705767,12.3,37,1,1543,29
factory-baseline-positioning,32,0,0,1543,1.7532606540007691,1570,0.0,-0.288,0.21114369501466276,12.3,37,1,1543,29
factory-baseline-positioning,32,0,0,1543,1.789261907000764,1570,0.0,-0.288,0.21114369501466276,12.3,37,1,1543,29
factory-baseline-positioning,32,0,0,1543,1.8252628270001878,1571,0.0,-0.2835,0.21896383186705767,12.3,37,1,1543,29
factory-baseline-positioning,32,0,0,1543,1.8622934730010456,1571,0.0,-0.306,0.21896383186705767,12.3,37,1,1543,29
factory-baseline-positioning,32,0,0,1543,1.8992810449999524,1570,0.0,-0.306,0.21114369501466276,12.3,37,1,1543,29
factory-baseline-positioning,32,0,0,1543,1.9363051170003018,1570,0.0,-0.2835,0.21114369501466276,12.3,37,1,1543,29
factory-baseline-positioning,32,0,0,1543,1.9742845079999825,1570,0.0,-0.288,0.21114369501466276,12.3,37,1,1543,29
factory-baseline-positioning,32,0,0,1543,2.0102783540005476,1570,0.0,-0.306,0.21114369501466276,12.3,37,1,1543,29
factory-baseline-positioning,32,0,0,1543,2.047292481000113,1571,0.0,-0.288,0.21896383186705767,12.3,37,1,1543,29
factory-baseline-positioning,32,0,0,1543,2.083310474999962,1571,0.0,-0.306,0.21896383186705767,12.3,37,1,1543,29
factory-baseline-positioning,32,0,0,1543,2.1193067650001467,1571,0.0,-0.306,0.21896383186705767,12.3,37,1,1543,29
factory-baseline-positioning,32,0,0,1543,2.156307856001149,1570,0.0,-0.2925,0.21114369501466276,12.3,37,1,1543,29
factory-baseline-positioning,32,0,0,1543,2.193304686999909,1571,0.0,-0.306,0.21896383186705767,12.3,37,1,1543,29
factory-baseline-positioning,32,0,0,1543,2.2306615319994307,1571,0.0,-0.288,0.21896383186705767,12.3,37,1,1543,29
factory-baseline-positioning,32,0,0,1543,2.2663360120004654,1571,0.0,-0.306,0.21896383186705767,12.3,37,1,1543,29
factory-baseline-positioning,32,0,0,1543,2.3023352100008196,1570,0.0,-0.306,0.21114369501466276,12.3,37,1,1543,29
factory-baseline-positioning,32,0,0,1543,2.340321674999359,1570,0.0,-0.288,0.21114369501466276,12.3,37,1,1543,29
factory-baseline-positioning,32,0,0,1543,2.376330039000095,1570,0.0,-0.288,0.21114369501466276,12.3,37,1,1543,29
factory-baseline-positioning,32,0,0,1543,2.4133376110003155,1570,0.0,-0.288,0.21114369501466276,12.3,37,1,1543,29
factory-baseline-positioning,32,0,0,1543,2.451368186999389,1571,0.0,-0.2835,0.21896383186705767,12.5,37,1,1543,29
factory-baseline-positioning,32,0,0,1543,2.487387032000697,1571,0.0,-0.306,0.21896383186705767,12.5,37,1,1543,29
factory-baseline-positioning,32,0,0,1543,2.5243854929994995,1571,0.0,-0.306,0.21896383186705767,12.5,37,1,1543,29
factory-baseline-positioning,32,0,0,1543,2.5603621909995127,1571,0.0,-0.2835,0.21896383186705767,12.5,37,1,1543,29
factory-baseline-positioning,32,0,0,1442,0.005000891000236152,1571,0.0,-0.288,0.21896383186705767,12.3,37,1,1442,29
factory-baseline-positioning,32,0,0,1442,0.04102825500012841,1570,0.0,-0.3465,0.21896383186705767,12.3,37,1,1442,29
factory-baseline-positioning,32,0,0,1442,0.07802341900060128,1570,0.0,-0.39149999999999996,0.24242424242424243,12.3,37,1,1442,29
factory-baseline-positioning,32,0,0,1442,0.11400269099976867,1570,0.0,-0.5219999999999999,0.28152492668621704,12.3,37,1,1442,29
factory-baseline-positioning,32,0,0,1442,0.19801204199939093,1570,0.0,-0.945,0.4066471163245357,12.0,37,1,1442,29
factory-baseline-positioning,32,0,0,1442,0.23401512800046476,1570,0.0,-0.9944999999999999,0.47702834799608995,12.0,37,1,1442,29
factory-baseline-positioning,32,0,0,1442,0.2700206219997199,1555,-38.304,-0.7829999999999999,0.3509286412512219,12.0,37,1,1442,29
factory-baseline-positioning,32,0,0,1442,0.3060438749998866,1540,-30.096000000000004,-0.621,0.3206256109481916,12.0,37,1,1442,29
factory-baseline-positioning,32,0,0,1442,0.34201851800025906,1520,-41.040000000000006,-0.3015,0.21994134897360704,12.0,37,1,1442,29
factory-baseline-positioning,32,0,0,1442,0.3780412529995374,1500,-43.776,-0.2835,0.12805474095796676,12.0,37,1,1442,29
factory-baseline-positioning,32,0,0,1442,0.4140361169993412,1500,5.472,-0.513,0.29227761485826004,12.0,37,1,1442,29
factory-baseline-positioning,32,0,0,1442,0.45107667000047513,1500,0.0,-0.7334999999999999,0.34408602150537637,12.3,37,1,1442,29
factory-baseline-positioning,32,0,0,1442,0.4880778909991932,1505,10.944,-1.0394999999999999,0.4525904203323558,12.3,37,1,1442,29
factory-baseline-positioning,32,0,0,1442,0.5250668520002364,1508,0.0,-1.1115,0.49266862170087977,12.3,37,1,1442,29
factory-baseline-positioning,32,0,0,1442,0.5610543279999547,1498,-27.360000000000003,-0.8144999999999999,0.3812316715542522,12.0,37,1,1442,29
factory-baseline-positioning,32,0,0,1442,0.5970653770000354,1485,-27.360000000000003,-0.4725,0.27956989247311825,12.0,37,1,1442,29
factory-baseline-positioning,32,0,0,1442,0.6330765380007506,1469,-38.304,-0.19349999999999998,0.13196480938416422,12.0,37,1,1442,29
factory-baseline-positioning,32,0,0,1442,0.6690751610003645,1460,-13.680000000000001,-0.144,0.11241446725317693,12.0,37,1,1442,29
factory-baseline-positioning,32,0,0,1442,0.7060805849996541,1461,0.0,-0.1485,0.14858260019550343,12.0,37,1,1442,29
factory-baseline-positioning,32,0,0,1442,0.7431533420003689,1464,8.208,-0.19349999999999998,0.18866080156402737,12.0,37,1,1442,29
factory-baseline-positioning,32,0,0,1442,0.7791648540005554,1470,16.416,-0.306,0.25317693059628543,12.3,37,1,1442,29
factory-baseline-positioning,32,0,0,1442,0.8151640519990906,1469,0.0,-0.2835,0.21114369501466276,12.3,37,1,1442,29
factory-baseline-positioning,32,0,0,1442,0.8511664719990222,1468,0.0,-0.26549999999999996,0.20332355816226785,12.3,37,1,1442,29
factory-baseline-positioning,32,0,0,1442,0.8871522810004535,1465,-8.208,-0.2115,0.16324535679374388,12.3,37,1,1442,29
factory-baseline-positioning,32,0,0,1442,0.9231483490002574,1463,-5.472,-0.18,0.15347018572825025,12.3,37,1,1442,29
factory-baseline-positioning,32,0,0,1442,0.9601731620005012,1464,0.0,-0.18,0.17204301075268819,12.3,37,1,1442,29
factory-baseline-positioning,32,0,0,1442,0.9971597900002962,1464,0.0,-0.19799999999999998,0.17204301075268819,12.3,37,1,1442,29
factory-baseline-positioning,32,0,0,1442,1.0331521360003535,1467,8.208,-0.24749999999999997,0.21212121212121213,12.3,37,1,1442,29
factory-baseline-positioning,32,0,0,1442,1.071271913999226,1468,0.0,-0.26549999999999996,0.20332355816226785,12.3,37,1,1442,29
factory-baseline-positioning,32,0,0,1442,1.1071845019996545,1468,0.0,-0.26549999999999996,0.20332355816226785,12.3,37,1,1442,29
factory-baseline-positioning,32,0,0,1442,1.1471876049999992,1468,0.0,-0.26549999999999996,0.20332355816226785,12.3,37,1,1442,29
factory-baseline-positioning,32,0,0,1442,1.1841764919990965,1467,0.0,-0.26549999999999996,0.19550342130987292,12.3,37,1,1442,29
factory-baseline-positioning,32,0,0,1442,1.2211866559991904,1467,0.0,-0.26099999999999995,0.19550342130987292,12.3,37,1,1442,29
factory-baseline-positioning,32,0,0,1442,1.2581725620002544,1468,0.0,-0.26549999999999996,0.20332355816226785,12.3,37,1,1442,29
factory-baseline-positioning,32,0,0,1442,1.2941878149995318,1468,0.0,-0.26549999999999996,0.20332355816226785,12.3,37,1,1442,29
factory-baseline-positioning,32,0,0,1442,1.3301857539991033,1468,0.0,-0.26549999999999996,0.20332355816226785,12.3,37,1,1442,29
factory-baseline-positioning,32,0,0,1442,1.3661840080003458,1468,0.0,-0.26549999999999996,0.20332355816226785,12.3,37,1,1442,29
factory-baseline-positioning,32,0,0,1442,1.4021835759995156,1468,0.0,-0.26549999999999996,0.20332355816226785,12.3,37,1,1442,29
factory-baseline-positioning,32,0,0,1442,1.4381941810006538,1468,0.0,-0.26099999999999995,0.20332355816226785,12.3,37,1,1442,29
factory-baseline-positioning,32,0,0,1442,1.4752221229991846,1468,0.0,-0.26549999999999996,0.20332355816226785,12.3,37,1,1442,29
factory-baseline-positioning,32,0,0,1442,1.5122049000001425,1468,0.0,-0.26549999999999996,0.20332355816226785,12.3,37,1,1442,29
factory-baseline-positioning,32,0,0,1442,1.5482087830005185,1468,0.0,-0.26549999999999996,0.20332355816226785,12.3,37,1,1442,29
factory-baseline-positioning,32,0,0,1442,1.5842232949999016,1468,0.0,-0.26549999999999996,0.20332355816226785,12.3,37,1,1442,29
factory-baseline-positioning,32,0,0,1442,1.6202243999996426,1468,0.0,-0.26549999999999996,0.20332355816226785,12.5,37,1,1442,29
factory-baseline-positioning,32,0,0,1442,1.656231265000315,1468,0.0,-0.26549999999999996,0.20332355816226785,12.5,37,1,1442,29
factory-baseline-positioning,32,0,0,1442,1.692227647999971,1468,0.0,-0.26549999999999996,0.20332355816226785,12.5,37,1,1442,29
factory-baseline-positioning,32,0,0,1442,1.7302340949991049,1468,0.0,-0.26549999999999996,0.20332355816226785,12.3,37,1,1442,29
factory-baseline-positioning,32,0,0,1442,1.7672298149991548,1468,0.0,-0.26549999999999996,0.20332355816226785,12.3,37,1,1442,29
factory-baseline-positioning,32,0,0,1442,1.8032384020007157,1468,0.0,-0.252,0.20332355816226785,12.3,37,1,1442,29
factory-baseline-positioning,32,0,0,1442,1.8392508769993583,1468,0.0,-0.26549999999999996,0.20332355816226785,12.3,37,1,1442,29
factory-baseline-positioning,32,0,0,1442,1.8752544639992266,1468,0.0,-0.26549999999999996,0.20332355816226785,12.3,37,1,1442,29
factory-baseline-positioning,32,0,0,1442,1.911253198999475,1468,0.0,-0.26549999999999996,0.20332355816226785,12.3,37,1,1442,29
factory-baseline-positioning,32,0,0,1442,1.9472569709996606,1468,0.0,-0.26549999999999996,0.20332355816226785,12.1,37,1,1442,29
factory-baseline-positioning,32,0,0,1442,1.9842770239993115,1468,0.0,-0.26549999999999996,0.20332355816226785,12.1,37,1,1442,29
factory-baseline-positioning,32,0,0,1442,2.021281781999278,1468,0.0,-0.26549999999999996,0.20332355816226785,12.1,37,1,1442,29
factory-baseline-positioning,32,0,0,1442,2.0583034829996905,1468,0.0,-0.24749999999999997,0.20332355816226785,12.1,37,1,1442,29
factory-baseline-positioning,32,0,0,1442,2.094300532999114,1468,0.0,-0.26549999999999996,0.20332355816226785,12.1,37,1,1442,29
factory-baseline-positioning,32,0,0,1442,2.1303004159999546,1468,0.0,-0.26549999999999996,0.20332355816226785,12.1,37,1,1442,29
factory-baseline-positioning,32,0,0,1442,2.1683038440005475,1468,0.0,-0.26549999999999996,0.20332355816226785,12.1,37,1,1442,29
factory-baseline-positioning,32,0,0,1442,2.2052999719999207,1468,0.0,-0.26549999999999996,0.20332355816226785,12.3,37,1,1442,29
factory-baseline-positioning,32,0,0,1442,2.243316251999204,1468,0.0,-0.26549999999999996,0.20332355816226785,12.3,37,1,1442,29
factory-baseline-positioning,32,0,0,1442,2.2803457680001884,1468,0.0,-0.26549999999999996,0.20332355816226785,12.3,37,1,1442,29
factory-baseline-positioning,32,0,0,1442,2.3173358959993493,1468,0.0,-0.26549999999999996,0.20332355816226785,12.1,37,1,1442,29
factory-baseline-positioning,32,0,0,1442,2.3533298910006124,1468,0.0,-0.26549999999999996,0.20332355816226785,12.1,37,1,1442,29
factory-baseline-positioning,32,0,0,1442,2.3893259590004163,1468,0.0,-0.26549999999999996,0.20332355816226785,12.1,37,1,1442,29
factory-baseline-positioning,32,0,0,1442,2.425364841999908,1468,0.0,-0.26549999999999996,0.20332355816226785,12.3,37,1,1442,29
factory-baseline-positioning,32,0,0,1442,2.4633853989998897,1468,0.0,-0.26549999999999996,0.20332355816226785,12.3,37,1,1442,29
factory-baseline-positioning,32,0,0,1442,2.5003650830003608,1468,0.0,-0.26549999999999996,0.20332355816226785,12.3,37,1,1442,29
factory-baseline-positioning,32,0,0,1442,2.5363644659992133,1468,0.0,-0.26549999999999996,0.20332355816226785,12.3,37,1,1442,29
factory-baseline-positioning,32,0,0,1340,0.003976701998908538,1468,0.0,-0.26549999999999996,0.20332355816226785,12.3,37,1,1340,29
factory-baseline-positioning,32,0,0,1340,0.04201105500033009,1468,0.0,-0.306,0.21114369501466276,12.3,37,1,1340,29
factory-baseline-positioning,32,0,0,1340,0.07901292399947124,1468,0.0,-0.3645,0.23460410557184752,12.3,37,1,1340,29
factory-baseline-positioning,32,0,0,1340,0.11498571499942045,1468,0.0,-0.4725,0.27370478983382207,12.3,37,1,1340,29
factory-baseline-positioning,32,0,0,1340,0.15100789399912173,1468,0.0,-0.6164999999999999,0.3206256109481916,12.3,37,1,1340,29
factory-baseline-positioning,32,0,0,1340,0.18700833299953956,1468,0.0,-0.828,0.375366568914956,12.0,37,1,1340,29
factory-baseline-positioning,32,0,0,1340,0.22300378999898385,1468,0.0,-0.9089999999999999,0.44574780058651026,12.0,37,1,1340,29
factory-baseline-positioning,32,0,0,1340,0.25903572800052643,1457,-27.360000000000003,-0.8099999999999999,0.3734115347018573,12.0,37,1,1340,29
factory-baseline-positioning,32,0,0,1340,0.29703465700004017,1442,-30.096000000000004,-0.5984999999999999,0.3206256109481916,11.9,37,1,1340,29
factory-baseline-positioning,32,0,0,1340,0.334031172998948,1422,-43.776,-0.4095,0.21407624633431085,11.9,37,1,1340,29
factory-baseline-positioning,32,0,0,1340,0.3700324080000428,1401,-46.512,-0.2925,0.12218963831867058,11.9,37,1,1340,29
factory-baseline-positioning,32,0,0,1340,0.40602781000052346,1396,-5.472,-0.3645,0.23949169110459434,12.3,37,1,1340,29
factory-baseline-positioning,32,0,0,1340,0.44203758199910226,1388,-21.888,-0.3465,0.19745845552297164,12.3,37,1,1340,29
factory-baseline-positioning,32,0,0,1340,0.47805048400005035,1381,-13.680000000000001,-0.38699999999999996,0.21407624633431085,12.3,37,1,1340,29
factory-baseline-positioning,32,0,0,1340,0.51405490399884,1384,8.208,-0.567,0.32160312805474095,12.3,37,1,1340,29
factory-baseline-positioning,32,0,0,1340,0.5511433640003816,1383,0.0,-0.6164999999999999,0.3206256109481916,12.3,37,1,1340,29
factory-baseline-positioning,32,0,0,1340,0.5911051709990716,1384,0.0,-0.6659999999999999,0.34408602150537637,12.3,37,1,1340,29
factory-baseline-positioning,32,0,0,1340,0.6330699859991,1384,0.0,-0.6659999999999999,0.34408602150537637,12.3,37,1,1340,29
factory-baseline-positioning,32,0,0,1340,0.6710813209992921,1385,0.0,-0.693,0.3519061583577713,12.3,37,1,1340,29
factory-baseline-positioning,32,0,0,1340,0.707094371000494,1385,0.0,-0.693,0.3519061583577713,12.3,37,1,1340,29
factory-baseline-positioning,32,0,0,1340,0.7450896699992882,1384,0.0,-0.6705,0.34408602150537637,12.3,37,1,1340,29
factory-baseline-positioning,32,0,0,1340,0.7831053760000941,1384,0.0,-0.693,0.34408602150537637,12.0,37,1,1340,29
factory-baseline-positioning,32,0,0,1340,0.8200992809997842,1384,0.0,-0.6974999999999999,0.34408602150537637,12.0,37,1,1340,29
factory-baseline-positioning,32,0,0,1340,0.8561374229993817,1385,0.0,-0.693,0.3519061583577713,12.0,37,1,1340,29
factory-baseline-positioning,32,0,0,1340,0.8941437779994885,1385,0.0,-0.6659999999999999,0.3519061583577713,12.3,37,1,1340,29
factory-baseline-positioning,32,0,0,1340,0.9301368090000324,1385,0.0,-0.6659999999999999,0.3519061583577713,12.3,37,1,1340,29
factory-baseline-positioning,32,0,0,1340,0.9671146969994879,1385,0.0,-0.6885,0.3519061583577713,12.3,37,1,1340,29
factory-baseline-positioning,32,0,0,1340,1.0031437649995496,1385,0.0,-0.693,0.3519061583577713,12.3,37,1,1340,29
factory-baseline-positioning,32,0,0,1340,1.0411494149993814,1385,0.0,-0.693,0.3519061583577713,12.3,37,1,1340,29
factory-baseline-positioning,32,0,0,1340,1.0811679620001087,1385,0.0,-0.693,0.3519061583577713,12.3,37,1,1340,29
factory-baseline-positioning,32,0,0,1340,1.119161112999791,1385,0.0,-0.6839999999999999,0.3519061583577713,11.9,37,1,1340,29
factory-baseline-positioning,32,0,0,1340,1.156184036999548,1385,0.0,-0.693,0.3519061583577713,11.9,37,1,1340,29
factory-baseline-positioning,32,0,0,1340,1.19317266500002,1385,0.0,-0.693,0.3519061583577713,11.9,37,1,1340,29
factory-baseline-positioning,32,0,0,1340,1.2291749180003535,1385,0.0,-0.693,0.3519061583577713,12.0,37,1,1340,29
factory-baseline-positioning,32,0,0,1340,1.265170856999248,1385,0.0,-0.6659999999999999,0.3519061583577713,12.0,37,1,1340,29
factory-baseline-positioning,32,0,0,1340,1.3011798329989688,1385,0.0,-0.693,0.3519061583577713,12.0,37,1,1340,29
factory-baseline-positioning,32,0,0,1340,1.3372352339993085,1384,0.0,-0.6885,0.34408602150537637,12.3,37,1,1340,29
factory-baseline-positioning,32,0,0,1340,1.373176525999952,1385,0.0,-0.693,0.3519061583577713,12.3,37,1,1340,29
factory-baseline-positioning,32,0,0,1340,1.41018669100049,1385,0.0,-0.693,0.3519061583577713,12.3,37,1,1340,29
factory-baseline-positioning,32,0,0,1340,1.448199766999096,1384,0.0,-0.6885,0.34408602150537637,12.3,37,1,1340,29
factory-baseline-positioning,32,0,0,1340,1.4842187979993469,1384,0.0,-0.6885,0.34408602150537637,12.3,37,1,1340,29
factory-baseline-positioning,32,0,0,1340,1.5202129039989813,1385,0.0,-0.6885,0.3519061583577713,12.3,37,1,1340,29
factory-baseline-positioning,32,0,0,1340,1.5582114059998275,1384,0.0,-0.693,0.3519061583577713,12.3,37,1,1340,29
factory-baseline-positioning,32,0,0,1340,1.59824256399952,1385,0.0,-0.6659999999999999,0.3519061583577713,12.3,37,1,1340,29
factory-baseline-positioning,32,0,0,1340,1.6382254999989527,1385,0.0,-0.693,0.3519061583577713,12.3,37,1,1340,29
factory-baseline-positioning,32,0,0,1340,1.6782398809991719,1385,0.0,-0.6885,0.3519061583577713,12.3,37,1,1340,29
factory-baseline-positioning,32,0,0,1340,1.715237434998926,1384,0.0,-0.6885,0.34408602150537637,12.3,37,1,1340,29
factory-baseline-positioning,32,0,0,1340,1.7522438960004365,1385,0.0,-0.6885,0.3519061583577713,12.3,37,1,1340,29
factory-baseline-positioning,32,0,0,1340,1.788238797998929,1384,0.0,-0.6659999999999999,0.34408602150537637,12.3,37,1,1340,29
factory-baseline-positioning,32,0,0,1340,1.8252584080000815,1385,0.0,-0.6885,0.3519061583577713,12.3,37,1,1340,29
factory-baseline-positioning,32,0,0,1340,1.8612888650004606,1385,0.0,-0.6885,0.3519061583577713,12.3,37,1,1340,29
factory-baseline-positioning,32,0,0,1340,1.8992586450003728,1385,0.0,-0.6885,0.3519061583577713,12.3,37,1,1340,29
factory-baseline-positioning,32,0,0,1340,1.9392580259991519,1385,0.0,-0.693,0.3519061583577713,12.3,37,1,1340,29
factory-baseline-positioning,32,0,0,1340,1.9792727770000056,1385,0.0,-0.6885,0.3519061583577713,12.3,37,1,1340,29
factory-baseline-positioning,32,0,0,1340,2.01726698299899,1385,0.0,-0.6885,0.3519061583577713,12.3,37,1,1340,29
factory-baseline-positioning,32,0,0,1340,2.0532737920002546,1384,0.0,-0.6885,0.34408602150537637,11.9,37,1,1340,29
factory-baseline-positioning,32,0,0,1340,2.0893033600004856,1385,0.0,-0.6885,0.3519061583577713,11.9,37,1,1340,29
factory-baseline-positioning,32,0,0,1340,2.127283992998855,1385,0.0,-0.693,0.3519061583577713,11.9,37,1,1340,29
factory-baseline-positioning,32,0,0,1340,2.1632876169987867,1385,0.0,-0.6705,0.3519061583577713,12.0,37,1,1340,29
factory-baseline-positioning,32,0,0,1340,2.2003394849998585,1385,0.0,-0.6839999999999999,0.3519061583577713,12.0,37,1,1340,29
factory-baseline-positioning,32,0,0,1340,2.2363004609997006,1384,0.0,-0.6885,0.34408602150537637,12.0,37,1,1340,29
factory-baseline-positioning,32,0,0,1340,2.272313695999401,1384,0.0,-0.6615,0.34408602150537637,12.3,37,1,1340,29
factory-baseline-positioning,32,0,0,1340,2.3103266059988528,1385,0.0,-0.6885,0.3519061583577713,12.3,37,1,1340,29
factory-baseline-positioning,32,0,0,1340,2.3473302530001092,1385,0.0,-0.6659999999999999,0.3519061583577713,12.3,37,1,1340,29
factory-baseline-positioning,32,0,0,1340,2.3833337839987507,1385,0.0,-0.6885,0.3519061583577713,12.3,37,1,1340,29
factory-baseline-positioning,32,0,0,1340,2.421319286999278,1385,0.0,-0.6615,0.3519061583577713,12.3,37,1,1340,29
factory-baseline-positioning,32,0,0,1340,2.457339429000058,1385,0.0,-0.6659999999999999,0.3519061583577713,12.3,37,1,1340,29
factory-baseline-positioning,32,0,0,1340,2.4973766429993702,1385,0.0,-0.6885,0.3519061583577713,12.0,37,1,1340,29
factory-baseline-positioning,32,0,0,1286,0.0039847940006438876,1385,0.0,-0.6885,0.3519061583577713,12.0,37,1,1286,29
factory-baseline-positioning,32,0,0,1286,0.0400270840000303,1385,0.0,-0.738,0.3597262952101662,12.3,37,1,1286,29
factory-baseline-positioning,32,0,0,1286,0.08046982900123112,1384,0.0,-0.819,0.3831867057673509,12.3,37,1,1286,29
factory-baseline-positioning,32,0,0,1286,0.1240690459999314,1384,0.0,-0.8955,0.4222873900293255,12.3,37,1,1286,29
factory-baseline-positioning,32,0,0,1286,0.16023077899990312,1371,-32.832,-0.6479999999999999,0.3069403714565005,12.3,37,1,1286,29
factory-baseline-positioning,32,0,0,1286,0.19800104400019336,1361,-21.888,-0.5715,0.3147605083088954,12.3,37,1,1286,29
factory-baseline-positioning,32,0,0,1286,0.2340194270000211,1343,-41.040000000000006,-0.3735,0.20430107526881722,12.3,37,1,1286,29
factory-baseline-positioning,32,0,0,1286,0.2700343659998907,1327,-32.832,-0.22949999999999998,0.15053763440860216,12.0,37,1,1286,29
factory-baseline-positioning,32,0,0,1286,0.30802853500063065,1317,-16.416,-0.26549999999999996,0.15347018572825025,12.0,37,1,1286,29
factory-baseline-positioning,32,0,0,1286,0.3440420480001194,1318,0.0,-0.36,0.22678396871945258,12.0,37,1,1286,29
factory-baseline-positioning,32,0,0,1286,0.38102865800101426,1319,0.0,-0.44549999999999995,0.25806451612903225,12.1,37,1,1286,29
factory-baseline-positioning,32,0,0,1286,0.4170411530012643,1324,8.208,-0.513,0.31378299120234604,12.1,37,1,1286,29
factory-baseline-positioning,32,0,0,1286,0.4530373140005395,1324,0.0,-0.513,0.29716520039100686,12.1,37,1,1286,29
factory-baseline-positioning,32,0,0,1286,0.49104294600147114,1324,0.0,-0.49499999999999994,0.29716520039100686,12.3,37,1,1286,29
factory-baseline-positioning,32,0,0,1286,0.5280461110014585,1321,-5.472,-0.44999999999999996,0.26295210166177907,12.3,37,1,1286,29
factory-baseline-positioning,32,0,0,1286,0.5640455869997822,1320,0.0,-0.4275,0.26588465298142716,12.3,37,1,1286,29
factory-baseline-positioning,32,0,0,1286,0.6010683450003853,1320,0.0,-0.4275,0.26588465298142716,12.3,37,1,1286,29
factory-baseline-positioning,32,0,0,1286,0.6380752320001193,1322,5.472,-0.49049999999999994,0.29227761485826004,12.3,37,1,1286,29
factory-baseline-positioning,32,0,0,1286,0.6780665570004203,1323,0.0,-0.49049999999999994,0.28934506353861195,12.3,37,1,1286,29
factory-baseline-positioning,32,0,0,1286,0.7145186560010188,1324,0.0,-0.49499999999999994,0.29716520039100686,12.3,37,1,1286,29
factory-baseline-positioning,32,0,0,1286,0.7500851760014484,1323,0.0,-0.49049999999999994,0.28934506353861195,12.3,37,1,1286,29
factory-baseline-positioning,32,0,0,1286,0.7860800409998774,1323,0.0,-0.49499999999999994,0.28934506353861195,12.3,37,1,1286,29
factory-baseline-positioning,32,0,0,1286,0.822081665000951,1323,0.0,-0.49499999999999994,0.28934506353861195,12.3,37,1,1286,29
factory-baseline-positioning,32,0,0,1286,0.8580956220012013,1323,0.0,-0.49049999999999994,0.28934506353861195,12.3,37,1,1286,29
factory-baseline-positioning,32,0,0,1286,0.8940988579997793,1323,0.0,-0.49049999999999994,0.28934506353861195,12.3,37,1,1286,29
factory-baseline-positioning,32,0,0,1286,0.9331046420011262,1323,0.0,-0.49049999999999994,0.28934506353861195,12.3,37,1,1286,29
factory-baseline-positioning,32,0,0,1286,0.9731024490010896,1323,0.0,-0.49049999999999994,0.28934506353861195,12.3,37,1,1286,29
factory-baseline-positioning,32,0,0,1286,1.0131257740013098,1323,0.0,-0.49049999999999994,0.28934506353861195,12.3,37,1,1286,29
factory-baseline-positioning,32,0,0,1286,1.0501258650001546,1324,0.0,-0.49049999999999994,0.29716520039100686,12.3,37,1,1286,29
factory-baseline-positioning,32,0,0,1286,1.0881419779998396,1323,0.0,-0.49049999999999994,0.28934506353861195,12.3,37,1,1286,29
factory-baseline-positioning,32,0,0,1286,1.1241386400015472,1323,0.0,-0.49499999999999994,0.28934506353861195,12.3,37,1,1286,29
factory-baseline-positioning,32,0,0,1286,1.161161620000712,1323,0.0,-0.49049999999999994,0.28934506353861195,12.3,37,1,1286,29
factory-baseline-positioning,32,0,0,1286,1.1981610439997894,1323,0.0,-0.49049999999999994,0.28934506353861195,12.5,37,1,1286,29
factory-baseline-positioning,32,0,0,1286,1.2351572470015526,1323,0.0,-0.49049999999999994,0.28934506353861195,12.5,37,1,1286,29
factory-baseline-positioning,32,0,0,1286,1.2751620529998036,1323,0.0,-0.49049999999999994,0.28934506353861195,12.5,37,1,1286,29
factory-baseline-positioning,32,0,0,1286,1.3121681820011872,1323,0.0,-0.49049999999999994,0.28934506353861195,12.5,37,1,1286,29
factory-baseline-positioning,32,0,0,1286,1.3501620550014195,1323,0.0,-0.49049999999999994,0.28934506353861195,12.5,37,1,1286,29
factory-baseline-positioning,32,0,0,1286,1.3871763120005198,1323,0.0,-0.49049999999999994,0.28934506353861195,12.5,37,1,1286,29
factory-baseline-positioning,32,0,0,1286,1.423179400000663,1323,0.0,-0.49049999999999994,0.28934506353861195,12.3,37,1,1286,29
factory-baseline-positioning,32,0,0,1286,1.4591838020005525,1323,0.0,-0.49049999999999994,0.28934506353861195,12.3,37,1,1286,29
factory-baseline-positioning,32,0,0,1286,1.4951885370010132,1323,0.0,-0.49049999999999994,0.28934506353861195,12.3,37,1,1286,29
factory-baseline-positioning,32,0,0,1286,1.5311949759998242,1323,0.0,-0.49499999999999994,0.28934506353861195,12.3,37,1,1286,29
factory-baseline-positioning,32,0,0,1286,1.5691880530011986,1323,0.0,-0.49499999999999994,0.28934506353861195,12.3,37,1,1286,29
factory-baseline-positioning,32,0,0,1286,1.606193143999917,1323,0.0,-0.5175,0.28934506353861195,12.3,37,1,1286,29
factory-baseline-positioning,32,0,0,1286,1.642204120000315,1323,0.0,-0.49049999999999994,0.28934506353861195,12.3,37,1,1286,29
factory-baseline-positioning,32,0,0,1286,1.6782098000003316,1323,0.0,-0.49049999999999994,0.28934506353861195,12.3,37,1,1286,29
factory-baseline-positioning,32,0,0,1286,1.7162139320007554,1323,0.0,-0.49049999999999994,0.28934506353861195,12.3,37,1,1286,29
factory-baseline-positioning,32,0,0,1286,1.7522307970011752,1323,0.0,-0.49049999999999994,0.28934506353861195,12.3,37,1,1286,29
factory-baseline-positioning,32,0,0,1286,1.7892301840001892,1323,0.0,-0.49049999999999994,0.28934506353861195,12.3,37,1,1286,29
factory-baseline-positioning,32,0,0,1286,1.8272327240010782,1323,0.0,-0.49049999999999994,0.28934506353861195,12.3,37,1,1286,29
factory-baseline-positioning,32,0,0,1286,1.8642429080009606,1323,0.0,-0.49499999999999994,0.28934506353861195,12.3,37,1,1286,29
factory-baseline-positioning,32,0,0,1286,1.900252958001147,1323,0.0,-0.49049999999999994,0.28934506353861195,12.3,37,1,1286,29
factory-baseline-positioning,32,0,0,1286,1.938251775000026,1323,0.0,-0.49499999999999994,0.28934506353861195,12.3,37,1,1286,29
factory-baseline-positioning,32,0,0,1286,1.974261714000022,1323,0.0,-0.49049999999999994,0.28934506353861195,12.3,37,1,1286,29
factory-baseline-positioning,32,0,0,1286,2.0112545280007907,1323,0.0,-0.49499999999999994,0.28934506353861195,12.0,37,1,1286,29
factory-baseline-positioning,32,0,0,1286,2.049263715000052,1323,0.0,-0.49499999999999994,0.28934506353861195,12.0,37,1,1286,29
factory-baseline-positioning,32,0,0,1286,2.0852757100001327,1323,0.0,-0.49049999999999994,0.28934506353861195,12.0,37,1,1286,29
factory-baseline-positioning,32,0,0,1286,2.1222771530010505,1323,0.0,-0.49049999999999994,0.28934506353861195,12.0,37,1,1286,29
factory-baseline-positioning,32,0,0,1286,2.160318600001119,1323,0.0,-0.49499999999999994,0.28934506353861195,12.0,37,1,1286,29
factory-baseline-positioning,32,0,0,1286,2.1963160390005214,1324,0.0,-0.49049999999999994,0.29716520039100686,12.0,37,1,1286,29
factory-baseline-positioning,32,0,0,1286,2.233312927000952,1323,0.0,-0.49049999999999994,0.28934506353861195,12.0,37,1,1286,29
factory-baseline-positioning,32,0,0,1286,2.2703112220006005,1323,0.0,-0.49499999999999994,0.28934506353861195,12.3,37,1,1286,29
factory-baseline-positioning,32,0,0,1286,2.307319016999827,1323,0.0,-0.49049999999999994,0.28934506353861195,12.3,37,1,1286,29
factory-baseline-positioning,32,0,0,1286,2.3433325109999714,1323,0.0,-0.49049999999999994,0.28934506353861195,12.3,37,1,1286,29
factory-baseline-positioning,32,0,0,1286,2.3813345140006277,1323,0.0,-0.49049999999999994,0.28934506353861195,12.3,37,1,1286,29
factory-baseline-positioning,32,0,0,1286,2.418334809000953,1323,0.0,-0.49049999999999994,0.28934506353861195,12.3,37,1,1286,29
factory-baseline,32,0,0,1742,0.0050090380009351065,1323,0.0,-0.49049999999999994,0.28934506353861195,12.3,37,1,1742,58
factory-baseline,32,0,0,1742,0.04101988500042353,1323,0.0,-0.4725,0.28152492668621704,12.3,37,1,1742,58
factory-baseline,32,0,0,1742,0.07800468000095861,1323,0.0,-0.40499999999999997,0.25806451612903225,12.3,37,1,1742,58
factory-baseline,32,0,0,1742,0.11400493400105915,1323,0.0,-0.306,0.22678396871945258,12.3,37,1,1742,58
factory-baseline,32,0,0,1742,0.15001894700071716,1323,0.0,-0.19349999999999998,0.187683284457478,12.3,37,1,1742,58
factory-baseline,32,0,0,1742,0.18702502000087406,1323,0.0,-0.0765,0.12512218963831867,12.3,37,1,1742,58
factory-baseline,32,0,0,1742,0.22402807400067104,1323,0.0,-0.0045,0.05474095796676442,12.3,37,1,1742,58
factory-baseline,32,0,0,1742,0.26103725800021493,1323,0.0,0.0,0.02346041055718475,12.3,37,1,1742,58
factory-baseline,32,0,0,1742,0.2990446490002796,1323,0.0,0.13049999999999998,0.12512218963831867,12.3,37,1,1742,58
factory-baseline,32,0,0,1742,0.335047366001163,1323,0.0,0.38699999999999996,0.22678396871945258,12.3,37,1,1742,58
factory-baseline,32,0,0,1742,0.3730547020004451,1323,0.0,0.7965,0.3519061583577713,12.3,37,1,1742,58
factory-baseline,32,0,0,1742,0.4090600670006097,1323,0.0,0.9404999999999999,0.49266862170087977,12.3,37,1,1742,58
factory-baseline,32,0,0,1742,0.4460752880004293,1339,43.776,0.9314999999999999,0.4095796676441838,12.3,37,1,1742,58
factory-baseline,32,0,0,1742,0.48307782400115684,1362,51.984,0.7515,0.35386119257087,12.0,37,1,1742,58
factory-baseline,32,0,0,1742,0.5200782300016726,1390,60.19200000000001,0.4725,0.27370478983382207,12.0,37,1,1742,58
factory-baseline,32,0,0,1742,0.5560921690012037,1424,73.872,0.2925,0.12023460410557185,12.0,37,1,1742,58
factory-baseline,32,0,0,1742,0.594085411999913,1450,49.248000000000005,0.2835,0.11632453567937438,12.5,37,1,1742,58
factory-baseline,32,0,0,1742,0.6310950220013183,1464,30.096000000000004,0.33749999999999997,0.19550342130987292,12.5,37,1,1742,58
factory-baseline,32,0,0,1742,0.6671087020004052,1477,27.360000000000003,0.39599999999999996,0.23264907135874877,12.5,37,1,1742,58
factory-baseline,32,0,0,1742,0.704112775001704,1487,21.888,0.585,0.3147605083088954,12.3,37,1,1742,58
factory-baseline,32,0,0,1742,0.7411079030007386,1504,38.304,0.6255,0.2961876832844575,12.3,37,1,1742,58
factory-baseline,32,0,0,1742,0.7771240830006718,1522,43.776,0.5715,0.27663734115347016,12.3,37,1,1742,58
factory-baseline,32,0,0,1742,0.8151436600001034,1548,54.720000000000006,0.44099999999999995,0.2072336265884653,12.3,37,1,1742,58
factory-baseline,32,0,0,1742,0.8511254880013439,1573,51.984,0.306,0.15835777126099707,12.3,37,1,1742,58
factory-baseline,32,0,0,1742,0.8881266170010349,1593,43.776,0.32399999999999995,0.17302052785923755,12.3,37,1,1742,58
factory-baseline,32,0,0,1742,0.9241552780003985,1607,30.096000000000004,0.43199999999999994,0.21896383186705767,12.3,37,1,1742,58
factory-baseline,32,0,0,1742,0.9611543510000047,1623,32.832,0.4725,0.2209188660801564,12.3,37,1,1742,58
factory-baseline,32,0,0,1742,0.9991612789999635,1635,24.624000000000002,0.414,0.2697947214076246,12.3,37,1,1742,58
factory-baseline,32,0,0,1742,1.0361694450002688,1652,35.568000000000005,0.38699999999999996,0.21603128054740958,12.3,37,1,1742,58
factory-baseline,32,0,0,1742,1.0721711060014059,1668,32.832,0.43199999999999994,0.19745845552297164,12.3,37,1,1742,58
factory-baseline,32,0,0,1742,1.1081712680006603,1682,32.832,0.207,0.16617790811339198,12.3,37,1,1742,58
factory-baseline,32,0,0,1742,1.144183726000847,1694,24.624000000000002,0.2835,0.15249266862170088,12.3,37,1,1742,58
factory-baseline,32,0,0,1742,1.180185387000165,1693,-5.472,0.4725,0.2844574780058651,12.3,37,1,1742,58
factory-baseline,32,0,0,1742,1.2171947189999628,1693,0.0,0.6074999999999999,0.3128054740957967,12.3,37,1,1742,58
factory-baseline,32,0,0,1742,1.2551947590000054,1689,-10.944,0.8504999999999999,0.3978494623655914,12.3,38,1,1742,58
factory-baseline,32,0,0,1742,1.292198406001262,1687,0.0,0.8819999999999999,0.4144672531769306,12.0,38,1,1742,58
factory-baseline,32,0,0,1742,1.3281952530014678,1688,0.0,0.7785,0.4144672531769306,12.0,38,1,1742,58
factory-baseline,32,0,0,1742,1.3661891810006637,1700,30.096000000000004,0.44099999999999995,0.25806451612903225,12.0,37,1,1742,58
factory-baseline,32,0,0,1742,1.4022066020006605,1713,27.360000000000003,0.306,0.16226783968719452,12.0,37,1,1742,58
factory-baseline,32,0,0,1742,1.4402113080013805,1715,0.0,0.27899999999999997,0.20332355816226785,12.0,37,1,1742,58
factory-baseline,32,0,0,1742,1.4782014590000472,1714,0.0,0.3015,0.21114369501466276,12.0,37,1,1742,58
factory-baseline,32,0,0,1742,1.514222065001377,1712,-5.472,0.36,0.2375366568914956,12.0,37,1,1742,58
factory-baseline,32,0,0,1742,1.5502320230007172,1706,-13.680000000000001,0.477,0.3020527859237537,12.3,37,1,1742,58
factory-baseline,32,0,0,1742,1.588228655000421,1708,5.472,0.43649999999999994,0.24731182795698925,12.3,37,1,1742,58
factory-baseline,32,0,0,1742,1.624238354001136,1708,0.0,0.43199999999999994,0.25806451612903225,12.3,37,1,1742,58
factory-baseline,32,0,0,1742,1.6612463340006798,1711,8.208,0.3465,0.2179863147605083,12.0,37,1,1742,58
factory-baseline,32,0,0,1742,1.697242977001224,1713,0.0,0.31949999999999995,0.21896383186705767,12.0,37,1,1742,58
factory-baseline,32,0,0,1742,1.733252824000374,1713,0.0,0.31949999999999995,0.21896383186705767,12.0,37,1,1742,58
factory-baseline,32,0,0,1742,1.770277897001506,1712,0.0,0.34199999999999997,0.22678396871945258,12.0,37,1,1742,58
factory-baseline,32,0,0,1742,1.8082456780011853,1710,-5.472,0.38699999999999996,0.25317693059628543,12.0,37,1,1742,58
factory-baseline,32,0,0,1742,1.8442617840009916,1710,0.0,0.3645,0.24242424242424243,12.0,37,1,1742,58
factory-baseline,32,0,0,1742,1.8822693609999988,1711,0.0,0.3645,0.23460410557184752,12.3,37,1,1742,58
factory-baseline,32,0,0,1742,1.918275096000798,1711,0.0,0.36,0.23460410557184752,12.3,37,1,1742,58
factory-baseline,32,0,0,1742,1.9552760950009542,1711,0.0,0.3645,0.23460410557184752,12.3,38,1,1742,58
factory-baseline,32,0,0,1742,1.9932921350009565,1711,0.0,0.3645,0.23460410557184752,12.3,38,1,1742,58
factory-baseline,32,0,0,1742,2.0302928000000975,1711,0.0,0.3645,0.23460410557184752,12.3,38,1,1742,58
factory-baseline,32,0,0,1742,2.066303499001151,1711,0.0,0.3645,0.23460410557184752,12.3,38,1,1742,58
factory-baseline,32,0,0,1742,2.1033103310001025,1711,0.0,0.3645,0.23460410557184752,12.3,38,1,1742,58
factory-baseline,32,0,0,1742,2.1414704980015813,1711,0.0,0.3645,0.23460410557184752,12.3,38,1,1742,58
factory-baseline,32,0,0,1742,2.178328740001234,1711,0.0,0.3645,0.23460410557184752,12.3,38,1,1742,58
factory-baseline,32,0,0,1742,2.2163267610012554,1711,0.0,0.3645,0.23460410557184752,12.3,38,1,1742,58
factory-baseline,32,0,0,1742,2.2533422420001443,1711,0.0,0.3645,0.23460410557184752,12.3,38,1,1742,58
factory-baseline,32,0,0,1742,2.2893417370014504,1711,0.0,0.36,0.23460410557184752,12.3,38,1,1742,58
factory-baseline,32,0,0,1742,2.3263367360013945,1711,0.0,0.34199999999999997,0.23460410557184752,12.3,38,1,1742,58
factory-baseline,32,0,0,1742,2.3633406050012127,1711,0.0,0.36,0.23460410557184752,12.3,38,1,1742,58
factory-baseline,32,0,0,1742,2.400365289000547,1711,0.0,0.3465,0.23460410557184752,12.3,38,1,1742,58
factory-baseline,32,0,0,1742,2.4363603580004565,1711,0.0,0.3645,0.23460410557184752,12.3,38,1,1742,58
factory-baseline,32,0,0,1742,2.472378630000094,1711,0.0,0.369,0.23460410557184752,12.3,38,1,1742,58
factory-baseline,32,0,0,1742,2.5083668290008063,1711,0.0,0.3645,0.23460410557184752,12.3,38,1,1742,58
factory-baseline,32,0,0,1742,2.544366676000209,1711,0.0,0.34199999999999997,0.23460410557184752,12.3,38,1,1742,58
factory-baseline,32,0,0,1742,2.5813702670002385,1711,0.0,0.3645,0.23460410557184752,12.3,38,1,1742,58
factory-baseline,32,0,0,1742,2.618408062000526,1712,0.0,0.3645,0.22678396871945258,12.3,38,1,1742,58
factory-baseline,32,0,0,1742,2.6543892980007513,1711,0.0,0.3645,0.23460410557184752,12.3,38,1,1742,58
factory-baseline,32,0,0,1742,2.6903901640016556,1711,0.0,0.3645,0.23460410557184752,12.3,38,1,1742,58
factory-baseline,32,0,0,1742,2.726388824999958,1711,0.0,0.3645,0.23460410557184752,12.3,38,1,1742,58
factory-baseline,32,0,0,1742,2.764406828000574,1711,0.0,0.3645,0.23460410557184752,12.3,38,1,1742,58
factory-baseline,32,0,0,1742,2.8014257340000768,1711,0.0,0.34199999999999997,0.23460410557184752,12.3,38,1,1742,58
factory-baseline,32,0,0,1742,2.8384148820005066,1711,0.0,0.3645,0.23460410557184752,12.3,38,1,1742,58
factory-baseline,32,0,0,1742,2.875421251001171,1711,0.0,0.3645,0.23460410557184752,12.3,38,1,1742,58
factory-baseline,32,0,0,1742,2.91242158300156,1711,0.0,0.3645,0.23460410557184752,12.3,38,1,1742,58
factory-baseline,32,0,0,1742,2.94841724500111,1711,0.0,0.3645,0.23460410557184752,12.3,38,1,1742,58
factory-baseline,32,0,0,1742,2.986435711000013,1711,0.0,0.3645,0.23460410557184752,12.3,38,1,1742,58
factory-baseline,32,0,0,1742,3.023430784000084,1711,0.0,0.3645,0.23460410557184752,12.3,38,1,1742,58
factory-baseline,32,0,0,1742,3.0614420640013122,1711,0.0,0.3645,0.23460410557184752,12.0,38,1,1742,58
factory-baseline,32,0,0,1742,3.098511044001498,1711,0.0,0.3465,0.23460410557184752,12.0,38,1,1742,58
factory-baseline,32,0,0,1742,3.1354491550009698,1711,0.0,0.3645,0.23460410557184752,12.0,38,1,1742,58
factory-baseline,32,0,0,1742,3.1724690060000285,1711,0.0,0.3645,0.23460410557184752,12.0,38,1,1742,58
factory-baseline,32,0,0,1742,3.2085287220015744,1711,0.0,0.3645,0.23460410557184752,12.0,38,1,1742,58
factory-baseline,32,0,0,1742,3.2455443870003364,1711,0.0,0.3645,0.23460410557184752,12.0,38,1,1742,58
factory-baseline,32,0,0,1742,3.284507858001234,1711,0.0,0.3645,0.23460410557184752,12.3,38,1,1742,58
factory-baseline,32,0,0,1742,3.3205229270006384,1711,0.0,0.3645,0.23460410557184752,12.3,38,1,1742,58
factory-baseline,32,0,0,1742,3.3575254070001392,1711,0.0,0.36,0.23460410557184752,12.3,38,1,1742,58
factory-baseline,32,0,0,1742,3.3945373320002545,1712,0.0,0.36,0.22678396871945258,12.0,38,1,1742,58
factory-baseline,32,0,0,1742,3.431533016000685,1711,0.0,0.3645,0.23460410557184752,12.0,38,1,1742,58
factory-baseline,32,0,0,1742,3.467534585000976,1711,0.0,0.3645,0.23460410557184752,12.0,38,1,1742,58
factory-baseline,32,0,0,1742,3.5065354260004824,1711,0.0,0.36,0.23460410557184752,12.0,38,1,1742,58
factory-baseline,32,0,0,1742,3.5425353280006675,1711,0.0,0.36,0.23460410557184752,12.0,38,1,1742,58
factory-baseline,32,0,0,1742,3.582542802001626,1712,0.0,0.36,0.22678396871945258,12.0,38,1,1742,58
factory-baseline,32,0,0,1742,3.621553513001345,1711,0.0,0.36,0.23460410557184752,12.3,38,1,1742,58
factory-baseline,32,0,0,1742,3.6595495710007526,1711,0.0,0.36,0.23460410557184752,12.3,38,1,1742,58
factory-baseline,32,0,0,1742,3.697540352000942,1711,0.0,0.3555,0.23460410557184752,12.3,38,1,1742,58
factory-baseline,32,0,0,1742,3.734560222001164,1711,0.0,0.36,0.23460410557184752,12.3,38,1,1742,58
factory-baseline,32,0,0,1742,3.7705433840001206,1711,0.0,0.3555,0.23460410557184752,12.3,38,1,1742,58
factory-baseline,32,0,0,1742,3.8085646640010964,1711,0.0,0.36,0.23460410557184752,12.3,38,1,1742,58
factory-baseline,32,0,0,1742,3.846575852001479,1711,0.0,0.36,0.23460410557184752,12.3,38,1,1742,58
factory-baseline,32,0,0,1742,3.8855803960013873,1711,0.0,0.36,0.23460410557184752,12.3,38,1,1742,58
factory-baseline,32,0,0,1742,3.9225628590011183,1711,0.0,0.36,0.23460410557184752,12.3,38,1,1742,58
factory-baseline,32,0,0,1742,3.9606036390014197,1711,0.0,0.36,0.23460410557184752,12.3,38,1,1742,58
factory-baseline,32,0,0,1742,3.997607731000244,1712,0.0,0.36,0.22678396871945258,12.3,38,1,1742,58
factory-baseline,32,0,0,1286,0.004011570999864489,1711,0.0,0.36,0.23460410557184752,12.3,38,1,1286,58
factory-baseline,32,0,0,1286,0.04002252899954328,1711,0.0,0.297,0.22678396871945258,12.3,38,1,1286,58
factory-baseline,32,0,0,1286,0.0760099689996423,1711,0.0,0.2565,0.20332355816226785,12.3,38,1,1286,58
factory-baseline,32,0,0,1286,0.11401741599911475,1711,0.0,0.16649999999999998,0.16422287390029325,12.3,38,1,1286,58
factory-baseline,32,0,0,1286,0.15002655900025275,1711,0.0,0.0765,0.11730205278592376,12.3,38,1,1286,58
factory-baseline,32,0,0,1286,0.18703685400032555,1711,0.0,0.0045,0.06256109481915934,12.1,38,1,1286,58
factory-baseline,32,0,0,1286,0.22303540499888186,1711,0.0,0.0,0.007820136852394917,12.1,38,1,1286,58
factory-baseline,32,0,0,1286,0.25904447399989294,1711,0.0,-0.0765,0.093841642228739,12.1,38,1,1286,58
factory-baseline,32,0,0,1286,0.2970629399987956,1711,0.0,-0.3015,0.187683284457478,12.3,38,1,1286,58
factory-baseline,32,0,0,1286,0.3340487730001769,1711,0.0,-0.6525,0.30498533724340177,12.3,38,1,1286,58
factory-baseline,32,0,0,1286,0.3700377679997473,1711,0.0,-1.0935,0.4222873900293255,12.3,38,1,1286,58
factory-baseline,32,0,0,1286,0.408064936998926,1703,-21.888,-1.0214999999999999,0.4555229716520039,12.3,38,1,1286,58
factory-baseline,32,0,0,1286,0.44406885799980955,1681,-49.248000000000005,-0.8999999999999999,0.37438905180840665,12.3,38,1,1286,58
factory-baseline,32,0,0,1286,0.484078702998886,1653,-54.720000000000006,-0.621,0.3010752688172043,12.3,38,1,1286,58
factory-baseline,32,0,0,1286,0.5240943989992957,1619,-68.4,-0.2925,0.16324535679374388,12.3,38,1,1286,58
factory-baseline,32,0,0,1286,0.5640812429992366,1590,-51.984,-0.2835,0.1270772238514174,12.3,38,1,1286,58
factory-baseline,32,0,0,1286,0.6041038469993509,1575,-27.360000000000003,-0.31949999999999995,0.21700879765395895,12.3,38,1,1286,58
factory-baseline,32,0,0,1286,0.6421112200005155,1560,-35.568000000000005,-0.351,0.21603128054740958,12.2,38,1,1286,58
factory-baseline,32,0,0,1286,0.6801185009990149,1547,-21.888,-0.5804999999999999,0.2991202346041056,12.2,38,1,1286,58
factory-baseline,32,0,0,1286,0.717103445000248,1531,-32.832,-0.6389999999999999,0.3069403714565005,12.2,38,1,1286,58
factory-baseline,32,0,0,1286,0.7531315319993155,1514,-38.304,-0.603,0.3040078201368524,12.0,38,1,1286,58
factory-baseline,32,0,0,1286,0.791130997999062,1491,-46.512,-0.513,0.24731182795698925,12.0,38,1,1286,58
factory-baseline,32,0,0,1286,0.8271366049993958,1467,-49.248000000000005,-0.38699999999999996,0.20234604105571846,12.0,38,1,1286,58
factory-baseline,32,0,0,1286,0.867124911999781,1442,-49.248000000000005,-0.34199999999999997,0.16324535679374388,12.1,38,1,1286,58
factory-baseline,32,0,0,1286,0.9071230350000405,1424,-32.832,-0.43649999999999994,0.2130987292277615,12.1,38,1,1286,58
factory-baseline,32,0,0,1286,0.9471420079989912,1403,-38.304,-0.39599999999999996,0.19452590420332355,12.1,38,1,1286,58
factory-baseline,32,0,0,1286,0.98515241899986,1389,-30.096000000000004,-0.43199999999999994,0.21896383186705767,12.3,38,1,1286,58
factory-baseline,32,0,0,1286,1.0211442849995365,1376,-27.360000000000003,-0.351,0.23264907135874877,12.3,38,1,1286,58
factory-baseline,32,0,0,1286,1.0571557240000402,1363,-30.096000000000004,-0.414,0.21896383186705767,12.3,38,1,1286,58
factory-baseline,32,0,0,1286,1.0951448199994047,1352,-19.152,-0.423,0.24242424242424243,12.1,38,1,1286,58
factory-baseline,32,0,0,1286,1.131164037000417,1339,-27.360000000000003,-0.423,0.1935483870967742,12.1,38,1,1286,58
factory-baseline,32,0,0,1286,1.1681629989998328,1335,-8.208,-0.40499999999999997,0.2649071358748778,12.1,38,1,1286,58
factory-baseline,32,0,0,1286,1.206175113999052,1322,-30.096000000000004,-0.315,0.16422287390029325,12.1,38,1,1286,58
factory-baseline,32,0,0,1286,1.2432038719998673,1320,0.0,-0.38249999999999995,0.25024437927663734,12.1,38,1,1286,58
factory-baseline,32,0,0,1286,1.2792296440002247,1320,0.0,-0.40499999999999997,0.26588465298142716,12.1,38,1,1286,58
factory-baseline,32,0,0,1286,1.317191352000009,1321,5.472,-0.44999999999999996,0.2844574780058651,12.1,38,1,1286,58
factory-baseline,32,0,0,1286,1.3541865179995511,1323,5.472,-0.513,0.30009775171065495,12.3,38,1,1286,58
factory-baseline,32,0,0,1286,1.3901892159992713,1324,0.0,-0.513,0.29716520039100686,12.3,38,1,1286,58
factory-baseline,32,0,0,1286,1.426234377999208,1324,0.0,-0.5175,0.29716520039100686,12.3,38,1,1286,58
factory-baseline,32,0,0,1286,1.4642024179993314,1323,0.0,-0.4815,0.28934506353861195,12.3,38,1,1286,58
factory-baseline,32,0,0,1286,1.504216262999762,1322,0.0,-0.4725,0.28152492668621704,12.3,38,1,1286,58
factory-baseline,32,0,0,1286,1.544204959000126,1323,0.0,-0.49499999999999994,0.28934506353861195,12.3,38,1,1286,58
factory-baseline,32,0,0,1286,1.5812266060002003,1324,0.0,-0.5175,0.29716520039100686,12.3,38,1,1286,58
factory-baseline,32,0,0,1286,1.6192123319997336,1324,0.0,-0.49499999999999994,0.29716520039100686,12.3,38,1,1286,58
factory-baseline,32,0,0,1286,1.6562272569990455,1323,0.0,-0.49049999999999994,0.28934506353861195,12.3,38,1,1286,58
factory-baseline,32,0,0,1286,1.6922375859994645,1324,0.0,-0.49049999999999994,0.29716520039100686,12.3,38,1,1286,58
factory-baseline,32,0,0,1286,1.7302294219989562,1323,0.0,-0.5175,0.28934506353861195,12.3,38,1,1286,58
factory-baseline,32,0,0,1286,1.7662457320002432,1324,0.0,-0.5175,0.29716520039100686,12.3,38,1,1286,58
factory-baseline,32,0,0,1286,1.8062920390002546,1323,0.0,-0.5175,0.28934506353861195,12.5,38,1,1286,58
factory-baseline,32,0,0,1286,1.8462788649994764,1324,0.0,-0.49499999999999994,0.29716520039100686,12.5,38,1,1286,58
factory-baseline,32,0,0,1286,1.8862666549994174,1323,0.0,-0.49049999999999994,0.28934506353861195,12.5,38,1,1286,58
factory-baseline,32,0,0,1286,1.9262808139992558,1323,0.0,-0.5219999999999999,0.28934506353861195,12.3,38,1,1286,58
factory-baseline,32,0,0,1286,1.964288872999532,1324,0.0,-0.5085,0.29716520039100686,12.3,38,1,1286,58
factory-baseline,32,0,0,1286,2.001287371998842,1323,0.0,-0.5175,0.28934506353861195,12.3,38,1,1286,58
factory-baseline,32,0,0,1286,2.0372862559997884,1323,0.0,-0.49499999999999994,0.28934506353861195,12.3,38,1,1286,58
factory-baseline,32,0,0,1286,2.0742829959999654,1323,0.0,-0.5175,0.28934506353861195,12.3,38,1,1286,58
factory-baseline,32,0,0,1286,2.1102917320004053,1324,0.0,-0.5175,0.29716520039100686,12.3,38,1,1286,58
factory-baseline,32,0,0,1286,2.1482965870000044,1323,0.0,-0.513,0.28934506353861195,12.0,38,1,1286,58
factory-baseline,32,0,0,1286,2.188317856998765,1323,0.0,-0.49499999999999994,0.28934506353861195,12.0,38,1,1286,58
factory-baseline,32,0,0,1286,2.225315800998942,1324,0.0,-0.49049999999999994,0.29716520039100686,12.0,38,1,1286,58
factory-baseline,32,0,0,1286,2.263315803998921,1324,0.0,-0.5175,0.29716520039100686,12.3,38,1,1286,58
factory-baseline,32,0,0,1286,2.300383210000291,1324,0.0,-0.49049999999999994,0.29716520039100686,12.3,38,1,1286,58
factory-baseline,32,0,0,1286,2.3373425800000405,1323,0.0,-0.49499999999999994,0.28934506353861195,12.3,38,1,1286,58
factory-baseline,32,0,0,1286,2.375312305999614,1323,0.0,-0.5175,0.28934506353861195,12.3,38,1,1286,58
factory-baseline,32,0,0,1286,2.4113259869991452,1324,0.0,-0.5175,0.29716520039100686,12.3,38,1,1286,58
factory-baseline,32,0,0,1286,2.448342337998838,1323,0.0,-0.5175,0.28934506353861195,12.3,38,1,1286,58
factory-baseline,32,0,0,1286,2.4863508220005315,1323,0.0,-0.5175,0.28934506353861195,12.3,38,1,1286,58
factory-baseline,32,0,0,1286,2.5233349699992687,1323,0.0,-0.49499999999999994,0.28934506353861195,12.0,38,1,1286,58
factory-baseline,32,0,0,1286,2.559343261998947,1324,0.0,-0.513,0.29716520039100686,12.0,38,1,1286,58
factory-baseline,32,0,0,1286,2.5973455799994554,1324,0.0,-0.5175,0.29716520039100686,12.0,38,1,1286,58
factory-baseline,32,0,0,1286,2.633378481999898,1323,0.0,-0.49499999999999994,0.28934506353861195,12.0,38,1,1286,58
factory-baseline,32,0,0,1286,2.67037718499887,1324,0.0,-0.5175,0.29716520039100686,12.0,38,1,1286,58
factory-baseline,32,0,0,1286,2.706382013999246,1323,0.0,-0.49499999999999994,0.28934506353861195,12.0,38,1,1286,58
factory-baseline,32,0,0,1286,2.744391497999459,1324,0.0,-0.49049999999999994,0.29716520039100686,12.3,38,1,1286,58
factory-baseline,32,0,0,1286,2.784376583998892,1323,0.0,-0.5175,0.28934506353861195,12.3,38,1,1286,58
factory-baseline,32,0,0,1286,2.824370446998728,1323,0.0,-0.513,0.28934506353861195,12.3,38,1,1286,58
factory-baseline,32,0,0,1286,2.861419778999334,1323,0.0,-0.49049999999999994,0.28934506353861195,12.3,38,1,1286,58
factory-baseline,32,0,0,1286,2.8993830979998165,1324,0.0,-0.49499999999999994,0.29716520039100686,12.3,38,1,1286,58
factory-baseline,32,0,0,1286,2.9353973899997072,1324,0.0,-0.49049999999999994,0.29716520039100686,12.3,38,1,1286,58
factory-baseline,32,0,0,1286,2.9723925739999686,1324,0.0,-0.49499999999999994,0.29716520039100686,12.3,38,1,1286,58
factory-baseline,32,0,0,1286,3.0094138879994716,1323,0.0,-0.5175,0.28934506353861195,12.3,38,1,1286,58
factory-baseline,32,0,0,1286,3.046409942999162,1324,0.0,-0.49499999999999994,0.29716520039100686,12.3,38,1,1286,58
factory-baseline,32,0,0,1286,3.0834213870002714,1323,0.0,-0.49049999999999994,0.28934506353861195,12.3,38,1,1286,58
factory-baseline,32,0,0,1286,3.121423963999405,1324,0.0,-0.49049999999999994,0.29716520039100686,12.3,38,1,1286,58
factory-baseline,32,0,0,1286,3.1584268899987364,1324,0.0,-0.49049999999999994,0.29716520039100686,12.3,38,1,1286,58
factory-baseline,32,0,0,1286,3.195463424999616,1323,0.0,-0.5175,0.28934506353861195,12.3,38,1,1286,58
factory-baseline,32,0,0,1286,3.2334821879994706,1324,0.0,-0.49499999999999994,0.29716520039100686,12.3,38,1,1286,58
factory-baseline,32,0,0,1286,3.2694544429996313,1324,0.0,-0.513,0.29716520039100686,12.3,38,1,1286,58
factory-baseline,32,0,0,1286,3.3065002559997083,1323,0.0,-0.5175,0.28934506353861195,12.3,38,1,1286,58
factory-baseline,32,0,0,1286,3.344521908000388,1323,0.0,-0.513,0.28934506353861195,12.3,38,1,1286,58
factory-baseline,32,0,0,1286,3.3817746629993053,1323,0.0,-0.5175,0.28934506353861195,12.3,38,1,1286,58
factory-baseline,32,0,0,1286,3.4174974580000708,1324,0.0,-0.5085,0.29716520039100686,12.3,38,1,1286,58
factory-baseline,32,0,0,1286,3.453473899000528,1323,0.0,-0.49949999999999994,0.28934506353861195,12.5,38,1,1286,58
factory-baseline,32,0,0,1286,3.4894955050003773,1323,0.0,-0.5175,0.28934506353861195,12.5,38,1,1286,58
factory-baseline,32,0,0,1286,3.5274911189990235,1323,0.0,-0.49049999999999994,0.28934506353861195,12.5,38,1,1286,58
factory-baseline,32,0,0,1286,3.563494300000457,1323,0.0,-0.49049999999999994,0.28934506353861195,12.3,38,1,1286,58
factory-baseline,32,0,0,1286,3.6004972440005076,1324,0.0,-0.513,0.29716520039100686,12.3,38,1,1286,58
factory-baseline,32,0,0,1286,3.6385296730004484,1323,0.0,-0.5175,0.28934506353861195,12.3,38,1,1286,58
factory-baseline,32,0,0,1286,3.6755090240003483,1324,0.0,-0.49049999999999994,0.29716520039100686,12.3,38,1,1286,58
factory-baseline,32,0,0,1286,3.711520204999033,1323,0.0,-0.49049999999999994,0.28934506353861195,12.3,38,1,1286,58
factory-baseline,32,0,0,1286,3.7495129489998362,1323,0.0,-0.49499999999999994,0.28934506353861195,12.3,38,1,1286,58
factory-baseline,32,0,0,1286,3.7855287040001713,1324,0.0,-0.49049999999999994,0.29716520039100686,12.3,38,1,1286,58
factory-baseline,32,0,0,1286,3.823522132999642,1324,0.0,-0.49949999999999994,0.29716520039100686,12.3,38,1,1286,58
factory-baseline,32,0,0,1286,3.8615312660003838,1324,0.0,-0.513,0.29716520039100686,12.3,38,1,1286,58
factory-baseline,32,0,0,1286,3.8975593539998954,1323,0.0,-0.513,0.28934506353861195,12.0,38,1,1286,58
factory-baseline,32,0,0,1286,3.934874848999243,1324,0.0,-0.5175,0.29716520039100686,12.0,38,1,1286,58
factory-baseline,32,0,0,1286,3.972565948999545,1323,0.0,-0.49049999999999994,0.28934506353861195,12.0,38,1,1286,58
factory-baseline,32,0,0,1286,4.008554259999073,1324,0.0,-0.5175,0.29716520039100686,12.3,38,1,1286,58
candidate-1-positioning,48,0,16,1286,0.004000498000095831,1324,0.0,0.0,0.0009775171065493646,12.3,38,1,1286,29
candidate-1-positioning,48,0,16,1286,0.040027067001574324,1324,0.0,-0.0045,0.015640273704789834,12.3,38,1,1286,29
candidate-1-positioning,48,0,16,1286,0.07601211800101737,1324,0.0,-0.0225,0.053763440860215055,12.3,38,1,1286,29
candidate-1-positioning,48,0,16,1286,0.11403399200025888,1323,0.0,-0.11249999999999999,0.10654936461388075,12.3,38,1,1286,29
candidate-1-positioning,48,0,16,1286,0.15003358000103617,1324,0.0,-0.2385,0.19550342130987292,12.3,38,1,1286,29
candidate-1-positioning,48,0,16,1286,0.1870412270000088,1323,0.0,-0.49949999999999994,0.270772238514174,12.3,38,1,1286,29
candidate-1-positioning,48,0,16,1286,0.22504149000087637,1324,0.0,-0.7515,0.3597262952101662,12.3,38,1,1286,29
candidate-1-positioning,48,0,16,1286,0.26105848500083084,1324,0.0,-0.9179999999999999,0.41348973607038125,12.3,38,1,1286,29
candidate-1-positioning,48,0,16,1286,0.29805767000107153,1323,0.0,-0.7559999999999999,0.43206256109481916,12.3,38,1,1286,29
candidate-1-positioning,48,0,16,1286,0.3386756540003262,1310,-27.360000000000003,-0.33749999999999997,0.18866080156402737,12.3,38,1,1286,29
candidate-1-positioning,48,0,16,1286,0.3740853250001237,1305,-10.944,-0.2835,0.187683284457478,12.3,38,1,1286,29
candidate-1-positioning,48,0,16,1286,0.41009859800033155,1300,-13.680000000000001,-0.144,0.11632453567937438,12.3,38,1,1286,29
candidate-1-positioning,48,0,16,1286,0.4490830320009991,1301,0.0,-0.207,0.17888563049853373,12.3,38,1,1286,29
candidate-1-positioning,48,0,16,1286,0.4851099900006375,1302,0.0,-0.26999999999999996,0.19159335288367546,12.3,38,1,1286,29
candidate-1-positioning,48,0,16,1286,0.5230759380010568,1307,8.208,-0.40049999999999997,0.2776148582600195,12.3,38,1,1286,29
candidate-1-positioning,48,0,16,1286,0.5600923080000939,1307,0.0,-0.34199999999999997,0.24437927663734116,12.3,38,1,1286,29
candidate-1-positioning,48,0,16,1286,0.5970895850005036,1306,0.0,-0.3015,0.2316715542521994,12.3,38,1,1286,29
candidate-1-positioning,48,0,16,1286,0.6341096960004506,1303,-5.472,-0.2385,0.18084066471163246,12.3,38,1,1286,29
candidate-1-positioning,48,0,16,1286,0.6720975510015705,1302,0.0,-0.22499999999999998,0.18670576735092864,12.3,38,1,1286,29
candidate-1-positioning,48,0,16,1286,0.7081163980001293,1303,0.0,-0.252,0.20039100684261973,12.3,38,1,1286,29
candidate-1-positioning,48,0,16,1286,0.7451109350004117,1304,0.0,-0.32399999999999995,0.21603128054740958,12.3,38,1,1286,29
candidate-1-positioning,48,0,16,1286,0.7811259860009159,1306,0.0,-0.31949999999999995,0.23851417399804498,12.3,38,1,1286,29
candidate-1-positioning,48,0,16,1286,0.8171153710009094,1306,0.0,-0.34199999999999997,0.23460410557184752,12.3,38,1,1286,29
candidate-1-positioning,48,0,16,1286,0.8541158520001773,1306,0.0,-0.34199999999999997,0.23362658846529813,12.3,38,1,1286,29
candidate-1-positioning,48,0,16,1286,0.8911300180006947,1305,0.0,-0.34199999999999997,0.2209188660801564,12.3,38,1,1286,29
candidate-1-positioning,48,0,16,1286,0.9271338470007322,1306,0.0,-0.3105,0.23655913978494625,12.3,38,1,1286,29
candidate-1-positioning,48,0,16,1286,0.9631197680009791,1306,0.0,-0.33749999999999997,0.23655913978494625,12.3,38,1,1286,29
candidate-1-positioning,48,0,16,1286,0.9991520600015065,1306,0.0,-0.34199999999999997,0.23460410557184752,12.3,38,1,1286,29
candidate-1-positioning,48,0,16,1286,1.0351491670007817,1306,0.0,-0.34199999999999997,0.23460410557184752,12.3,38,1,1286,29
candidate-1-positioning,48,0,16,1286,1.0711545320009463,1305,0.0,-0.34199999999999997,0.2209188660801564,12.3,38,1,1286,29
candidate-1-positioning,48,0,16,1286,1.1081819760001963,1306,0.0,-0.34199999999999997,0.23558162267839688,12.3,38,1,1286,29
candidate-1-positioning,48,0,16,1286,1.1451918270013266,1306,0.0,-0.34199999999999997,0.23460410557184752,12.3,38,1,1286,29
candidate-1-positioning,48,0,16,1286,1.181165879001128,1306,0.0,-0.34199999999999997,0.23460410557184752,12.3,38,1,1286,29
candidate-1-positioning,48,0,16,1286,1.219169308000346,1306,0.0,-0.3105,0.23460410557184752,12.3,38,1,1286,29
candidate-1-positioning,48,0,16,1286,1.2551727480004047,1305,0.0,-0.34199999999999997,0.22287390029325513,12.3,38,1,1286,29
candidate-1-positioning,48,0,16,1286,1.2921761000015977,1306,0.0,-0.34199999999999997,0.23460410557184752,12.3,38,1,1286,29
candidate-1-positioning,48,0,16,1286,1.3291891180015227,1306,0.0,-0.34199999999999997,0.23460410557184752,12.3,38,1,1286,29
candidate-1-positioning,48,0,16,1286,1.3661947280015738,1305,0.0,-0.34199999999999997,0.22189638318670576,12.3,38,1,1286,29
candidate-1-positioning,48,0,16,1286,1.4032161910017749,1306,0.0,-0.3465,0.23460410557184752,12.3,38,1,1286,29
candidate-1-positioning,48,0,16,1286,1.4392545190003148,1306,0.0,-0.34199999999999997,0.23460410557184752,12.5,38,1,1286,29
candidate-1-positioning,48,0,16,1286,1.475217960000009,1305,0.0,-0.3105,0.22189638318670576,12.5,38,1,1286,29
candidate-1-positioning,48,0,16,1286,1.5112097520013776,1306,0.0,-0.33749999999999997,0.23558162267839688,12.5,38,1,1286,29
candidate-1-positioning,48,0,16,1286,1.5472522280015255,1306,0.0,-0.3105,0.23460410557184752,12.3,38,1,1286,29
candidate-1-positioning,48,0,16,1286,1.584232562001489,1306,0.0,-0.34199999999999997,0.23558162267839688,12.3,38,1,1286,29
candidate-1-positioning,48,0,16,1286,1.6212513570008014,1306,0.0,-0.34199999999999997,0.23460410557184752,12.3,38,1,1286,29
candidate-1-positioning,48,0,16,1286,1.6572568530009448,1306,0.0,-0.3465,0.23558162267839688,12.3,38,1,1286,29
candidate-1-positioning,48,0,16,1286,1.693255793001299,1306,0.0,-0.306,0.23460410557184752,12.3,38,1,1286,29
candidate-1-positioning,48,0,16,1286,1.729263881001316,1306,0.0,-0.34199999999999997,0.23558162267839688,12.3,38,1,1286,29
candidate-1-positioning,48,0,16,1286,1.7652615990009508,1306,0.0,-0.3465,0.23460410557184752,12.3,38,1,1286,29
candidate-1-positioning,48,0,16,1286,1.8012812240012863,1305,0.0,-0.34199999999999997,0.22287390029325513,12.0,38,1,1286,29
candidate-1-positioning,48,0,16,1286,1.8390659160013456,1305,0.0,-0.34199999999999997,0.22189638318670576,12.0,38,1,1286,29
candidate-1-positioning,48,0,16,1286,1.8752698350017454,1306,0.0,-0.34199999999999997,0.23558162267839688,12.0,38,1,1286,29
candidate-1-positioning,48,0,16,1286,1.9112595160004275,1305,0.0,-0.34199999999999997,0.22189638318670576,12.0,38,1,1286,29
candidate-1-positioning,48,0,16,1286,1.9472900110013143,1305,0.0,-0.34199999999999997,0.2209188660801564,12.0,38,1,1286,29
candidate-1-positioning,48,0,16,1286,1.9832969510007388,1306,0.0,-0.34199999999999997,0.23558162267839688,12.0,38,1,1286,29
candidate-1-positioning,48,0,16,1286,2.019287280001663,1305,0.0,-0.3105,0.22287390029325513,12.3,38,1,1286,29
candidate-1-positioning,48,0,16,1286,2.0552961090015742,1305,0.0,-0.33749999999999997,0.22287390029325513,12.3,38,1,1286,29
candidate-1-positioning,48,0,16,1286,2.09329948300001,1306,0.0,-0.3105,0.23460410557184752,12.3,38,1,1286,29
candidate-1-positioning,48,0,16,1286,2.130322408000211,1306,0.0,-0.34199999999999997,0.23460410557184752,12.3,38,1,1286,29
candidate-1-positioning,48,0,16,1286,2.1663107560016215,1306,0.0,-0.3465,0.23460410557184752,12.3,38,1,1286,29
candidate-1,48,0,16,1742,0.003959980000217911,1306,0.0,-0.33749999999999997,0.23460410557184752,12.3,38,1,1742,58
candidate-1,48,0,16,1742,0.039970474999790895,1306,0.0,-0.27449999999999997,0.21896383186705767,12.3,38,1,1742,58
candidate-1,48,0,16,1742,0.07597084100052598,1306,0.0,-0.2115,0.19257086999022482,12.3,38,1,1742,58
candidate-1,48,0,16,1742,0.11198496599899954,1306,0.0,-0.06749999999999999,0.12805474095796676,12.3,38,1,1742,58
candidate-1,48,0,16,1742,0.14897818899953563,1306,0.0,-0.009,0.06647116324535679,12.3,38,1,1742,58
candidate-1,48,0,16,1742,0.18599337299929175,1305,0.0,0.0045,0.047898338220918865,12.3,38,1,1742,58
candidate-1,48,0,16,1742,0.22302181699888024,1306,0.0,0.18899999999999997,0.14565004887585534,12.3,38,1,1742,58
candidate-1,48,0,16,1742,0.2600164279992896,1305,0.0,0.49949999999999994,0.2785923753665689,12.3,38,1,1742,58
candidate-1,48,0,16,1742,0.2960032939990924,1307,0.0,0.6615,0.39882697947214074,12.3,38,1,1742,58
candidate-1,48,0,16,1742,0.3320173819993215,1321,35.568000000000005,0.6389999999999999,0.2727272727272727,12.3,38,1,1742,58
candidate-1,48,0,16,1742,0.3680349339992972,1336,35.568000000000005,0.6435,0.2903225806451613,12.3,38,1,1742,58
candidate-1,48,0,16,1742,0.4050261190004676,1355,43.776,0.46799999999999997,0.2287390029325513,12.3,38,1,1742,58
candidate-1,48,0,16,1742,0.44203065500005323,1376,43.776,0.351,0.2072336265884653,12.3,38,1,1742,58
candidate-1,48,0,16,1742,0.479061357998944,1398,49.248000000000005,0.26999999999999996,0.14467253176930597,12.3,38,1,1742,58
candidate-1,48,0,16,1742,0.515041131999169,1415,32.832,0.43199999999999994,0.21896383186705767,12.3,38,1,1742,58
candidate-1,48,0,16,1742,0.5510302759994374,1430,38.304,0.351,0.24144672531769307,12.3,38,1,1742,58
candidate-1,48,0,16,1742,0.5870434570006182,1450,43.776,0.43199999999999994,0.19745845552297164,12.3,38,1,1742,58
candidate-1,48,0,16,1742,0.6230466189990693,1463,30.096000000000004,0.5265,0.2883675464320626,12.3,38,1,1742,58
candidate-1,48,0,16,1742,0.6590488000001642,1485,49.248000000000005,0.3645,0.176930596285435,12.3,38,1,1742,58
candidate-1,48,0,16,1742,0.6960882620005577,1504,38.304,0.45899999999999996,0.21603128054740958,12.3,38,1,1742,58
candidate-1,48,0,16,1742,0.7330676509991463,1524,43.776,0.3555,0.18572825024437928,12.3,38,1,1742,58
candidate-1,48,0,16,1742,0.7690871470003913,1543,38.304,0.369,0.18963831867057673,12.3,38,1,1742,58
candidate-1,48,0,16,1742,0.8050882169991382,1559,35.568000000000005,0.4275,0.2287390029325513,12.3,38,1,1742,58
candidate-1,48,0,16,1742,0.8411167119993479,1578,41.040000000000006,0.33749999999999997,0.19257086999022482,12.3,38,1,1742,58
candidate-1,48,0,16,1742,0.8800730540006043,1595,35.568000000000005,0.43199999999999994,0.24926686217008798,12.3,38,1,1742,58
candidate-1,48,0,16,1742,0.9160989749998407,1615,41.040000000000006,0.414,0.20430107526881722,12.3,38,1,1742,58
candidate-1,48,0,16,1742,0.9531144560005487,1630,32.832,0.38249999999999995,0.24144672531769307,12.3,38,1,1742,58
candidate-1,48,0,16,1742,0.991107366999131,1652,46.512,0.38249999999999995,0.12023460410557185,12.3,38,1,1742,58
candidate-1,48,0,16,1742,1.0280958120001742,1654,0.0,0.738,0.4125122189638319,12.3,38,1,1742,58
candidate-1,48,0,16,1742,1.064123918000405,1671,43.776,0.40049999999999997,0.21994134897360704,12.3,38,1,1742,58
candidate-1,48,0,16,1742,1.1001196359993628,1685,27.360000000000003,0.5399999999999999,0.22678396871945258,12.3,38,1,1742,58
candidate-1,48,0,16,1742,1.1361266690000775,1692,16.416,0.5535,0.27468230694037143,12.3,38,1,1742,58
candidate-1,48,0,16,1742,1.1721217390004313,1702,24.624000000000002,0.32849999999999996,0.2209188660801564,12.3,38,1,1742,58
candidate-1,48,0,16,1742,1.208439415000612,1714,24.624000000000002,0.288,0.1436950146627566,12.3,38,1,1742,58
candidate-1,48,0,16,1742,1.2443881710005371,1713,0.0,0.513,0.28641251221896386,12.3,38,1,1742,58
candidate-1,48,0,16,1742,1.280242040000303,1713,0.0,0.6074999999999999,0.3128054740957967,12.3,38,1,1742,58
candidate-1,48,0,16,1742,1.3161604439992516,1709,-10.944,0.6255,0.41642228739002934,12.0,38,1,1742,58
candidate-1,48,0,16,1742,1.352153976999034,1716,16.416,0.32399999999999995,0.23851417399804498,12.0,38,1,1742,58
candidate-1,48,0,16,1742,1.3901680919989303,1724,13.680000000000001,0.18899999999999997,0.1495601173020528,12.0,38,1,1742,58
candidate-1,48,0,16,1742,1.4271723319998273,1730,10.944,0.08549999999999999,0.10361681329423265,12.1,38,1,1742,58
candidate-1,48,0,16,1742,1.464172776999476,1732,0.0,0.08549999999999999,0.11241446725317693,12.1,38,1,1742,58
candidate-1,48,0,16,1742,1.5011886470001627,1731,0.0,0.11699999999999999,0.13098729227761485,12.1,38,1,1742,58
candidate-1,48,0,16,1742,1.5381890909993672,1729,-5.472,0.2115,0.16911045943304007,12.1,38,1,1742,58
candidate-1,48,0,16,1742,1.5741987159999553,1725,-5.472,0.26549999999999996,0.2072336265884653,12.3,38,1,1742,58
candidate-1,48,0,16,1742,1.6101954900004785,1726,0.0,0.2115,0.17302052785923755,12.3,38,1,1742,58
candidate-1,48,0,16,1742,1.6482309749990236,1726,0.0,0.21599999999999997,0.17595307917888564,12.3,38,1,1742,58
candidate-1,48,0,16,1742,1.6862470149990259,1729,5.472,0.1575,0.13587487781036167,12.0,38,1,1742,58
candidate-1,48,0,16,1742,1.7242948330003856,1729,0.0,0.16199999999999998,0.15249266862170088,12.0,38,1,1742,58
candidate-1,48,0,16,1742,1.7650050760003069,1729,0.0,0.19349999999999998,0.15347018572825025,12.0,38,1,1742,58
candidate-1,48,0,16,1742,1.8052671389996249,1728,0.0,0.18899999999999997,0.16422287390029325,12.1,38,1,1742,58
candidate-1,48,0,16,1742,1.8423975629993947,1728,0.0,0.18899999999999997,0.16422287390029325,12.1,38,1,1742,58
candidate-1,48,0,16,1742,1.8792342510005255,1728,0.0,0.18899999999999997,0.16422287390029325,12.1,38,1,1742,58
candidate-1,48,0,16,1742,1.9262780489989382,1728,0.0,0.18899999999999997,0.16422287390029325,12.3,38,1,1742,58
candidate-1,48,0,16,1742,1.9683781969997654,1728,0.0,0.18899999999999997,0.16422287390029325,12.3,38,1,1742,58
candidate-1,48,0,16,1742,2.0052706799997395,1728,0.0,0.18899999999999997,0.16422287390029325,12.3,38,1,1742,58
candidate-1,48,0,16,1742,2.0453137469994545,1728,0.0,0.18899999999999997,0.16422287390029325,12.3,38,1,1742,58
candidate-1,48,0,16,1742,2.081288946999848,1728,0.0,0.18899999999999997,0.16422287390029325,12.3,38,1,1742,58
candidate-1,48,0,16,1742,2.1192893019997427,1728,0.0,0.18899999999999997,0.16422287390029325,12.3,38,1,1742,58
candidate-1,48,0,16,1742,2.159300647999771,1728,0.0,0.18899999999999997,0.1652003910068426,12.3,38,1,1742,58
candidate-1,48,0,16,1742,2.1973089479997725,1728,0.0,0.19349999999999998,0.16422287390029325,12.3,38,1,1742,58
candidate-1,48,0,16,1742,2.2345038519997615,1728,0.0,0.18899999999999997,0.16422287390029325,12.3,38,1,1742,58
candidate-1,48,0,16,1742,2.271297039998899,1728,0.0,0.18899999999999997,0.16422287390029325,12.3,38,1,1742,58
candidate-1,48,0,16,1742,2.307293333000416,1728,0.0,0.18899999999999997,0.16422287390029325,12.3,38,1,1742,58
candidate-1,48,0,16,1742,2.343292494999332,1728,0.0,0.18899999999999997,0.16422287390029325,12.3,38,1,1742,58
candidate-1,48,0,16,1742,2.381294868999248,1728,0.0,0.19349999999999998,0.16422287390029325,12.3,38,1,1742,58
candidate-1,48,0,16,1742,2.4213100659999327,1728,0.0,0.18899999999999997,0.16422287390029325,12.3,38,1,1742,58
candidate-1,48,0,16,1742,2.461308893000023,1728,0.0,0.18899999999999997,0.16422287390029325,12.3,38,1,1742,58
candidate-1,48,0,16,1742,2.5013136830002622,1728,0.0,0.18899999999999997,0.16422287390029325,12.3,38,1,1742,58
candidate-1,48,0,16,1742,2.539337574999081,1728,0.0,0.18899999999999997,0.16422287390029325,12.3,38,1,1742,58
candidate-1,48,0,16,1742,2.5773534489999292,1728,0.0,0.18899999999999997,0.16422287390029325,12.3,38,1,1742,58
candidate-1,48,0,16,1742,2.6143496530003176,1728,0.0,0.18899999999999997,0.16422287390029325,12.3,38,1,1742,58
candidate-1,48,0,16,1742,2.6503422419991693,1728,0.0,0.18899999999999997,0.16422287390029325,12.3,38,1,1742,58
candidate-1,48,0,16,1742,2.6883566710002924,1728,0.0,0.19349999999999998,0.16422287390029325,12.3,38,1,1742,58
candidate-1,48,0,16,1742,2.7243561489995045,1728,0.0,0.18899999999999997,0.16422287390029325,12.3,38,1,1742,58
candidate-1,48,0,16,1742,2.7643615870001668,1728,0.0,0.18899999999999997,0.16422287390029325,12.3,38,1,1742,58
candidate-1,48,0,16,1742,2.8044280049998633,1728,0.0,0.18899999999999997,0.16422287390029325,12.3,38,1,1742,58
candidate-1,48,0,16,1742,2.844443591000527,1728,0.0,0.18899999999999997,0.16422287390029325,12.3,38,1,1742,58
candidate-1,48,0,16,1742,2.882434261999151,1728,0.0,0.18899999999999997,0.16422287390029325,12.3,38,1,1742,58
candidate-1,48,0,16,1742,2.91843709099885,1728,0.0,0.18899999999999997,0.16422287390029325,12.3,38,1,1742,58
candidate-1,48,0,16,1742,2.9544348639992677,1728,0.0,0.19349999999999998,0.16422287390029325,12.3,38,1,1742,58
candidate-1,48,0,16,1742,2.99244275700039,1728,0.0,0.18899999999999997,0.16422287390029325,12.3,38,1,1742,58
candidate-1,48,0,16,1742,3.028448920000301,1728,0.0,0.19349999999999998,0.16422287390029325,12.3,38,1,1742,58
candidate-1,48,0,16,1742,3.0654373460001807,1728,0.0,0.18899999999999997,0.16422287390029325,12.5,38,1,1742,58
candidate-1,48,0,16,1742,3.1014471189992037,1728,0.0,0.18899999999999997,0.16422287390029325,12.5,38,1,1742,58
candidate-1,48,0,16,1742,3.137442060000467,1728,0.0,0.19349999999999998,0.16422287390029325,12.5,38,1,1742,58
candidate-1,48,0,16,1742,3.175452433999453,1728,0.0,0.18899999999999997,0.16422287390029325,12.1,38,1,1742,58
candidate-1,48,0,16,1742,3.2124579529991024,1728,0.0,0.18899999999999997,0.16422287390029325,12.1,38,1,1742,58
candidate-1,48,0,16,1742,3.2484566339990124,1728,0.0,0.19349999999999998,0.16422287390029325,12.1,38,1,1742,58
candidate-1,48,0,16,1742,3.2864555639989703,1728,0.0,0.18899999999999997,0.16422287390029325,12.1,38,1,1742,58
candidate-1,48,0,16,1742,3.3224604669994733,1728,0.0,0.19349999999999998,0.16422287390029325,12.3,38,1,1742,58
candidate-1,48,0,16,1742,3.362466590000622,1728,0.0,0.18899999999999997,0.16422287390029325,12.3,38,1,1742,58
candidate-1,48,0,16,1742,3.402471121000417,1728,0.0,0.18899999999999997,0.16422287390029325,12.1,38,1,1742,58
candidate-1,48,0,16,1742,3.4424678920004226,1728,0.0,0.18899999999999997,0.16422287390029325,12.1,38,1,1742,58
candidate-1,48,0,16,1742,3.479472150998845,1728,0.0,0.19349999999999998,0.16422287390029325,12.1,38,1,1742,58
candidate-1,48,0,16,1742,3.517474451999078,1728,0.0,0.18899999999999997,0.16422287390029325,12.1,38,1,1742,58
candidate-1,48,0,16,1742,3.554484895999849,1728,0.0,0.18899999999999997,0.16422287390029325,12.1,38,1,1742,58
candidate-1,48,0,16,1742,3.5904850589995476,1728,0.0,0.18899999999999997,0.16422287390029325,12.1,38,1,1742,58
candidate-1,48,0,16,1742,3.6284875069995906,1728,0.0,0.16199999999999998,0.16422287390029325,12.1,38,1,1742,58
candidate-1,48,0,16,1742,3.664504336000391,1728,0.0,0.18899999999999997,0.16422287390029325,12.3,38,1,1742,58
candidate-1,48,0,16,1742,3.7025013029997353,1728,0.0,0.18899999999999997,0.16422287390029325,12.3,38,1,1742,58
candidate-1,48,0,16,1742,3.7405212510002457,1728,0.0,0.19349999999999998,0.16422287390029325,12.3,38,1,1742,58
candidate-1,48,0,16,1742,3.7805242630001885,1728,0.0,0.19349999999999998,0.16422287390029325,12.3,38,1,1742,58
candidate-1,48,0,16,1742,3.8175335969990556,1728,0.0,0.18899999999999997,0.16422287390029325,12.3,38,1,1742,58
candidate-1,48,0,16,1742,3.853531610999198,1728,0.0,0.19349999999999998,0.16422287390029325,12.3,38,1,1742,58
candidate-1,48,0,16,1742,3.891539541000384,1728,0.0,0.19349999999999998,0.16422287390029325,12.3,38,1,1742,58
candidate-1,48,0,16,1742,3.9275343709996378,1728,0.0,0.19349999999999998,0.16422287390029325,12.3,38,1,1742,58
candidate-1,48,0,16,1742,3.964536962999773,1728,0.0,0.19349999999999998,0.16422287390029325,12.3,38,1,1742,58
candidate-1,48,0,16,1742,4.000538348000191,1728,0.0,0.18899999999999997,0.16422287390029325,12.3,38,1,1742,58
candidate-1,48,0,16,1286,0.0040015900012804195,1728,0.0,0.18899999999999997,0.16422287390029325,12.3,38,1,1286,58
candidate-1,48,0,16,1286,0.04100931300126831,1728,0.0,0.126,0.13685239491691104,12.3,38,1,1286,58
candidate-1,48,0,16,1286,0.08101128800080915,1728,0.0,0.040499999999999994,0.09481915933528837,12.3,38,1,1286,58
candidate-1,48,0,16,1286,0.12103048500102886,1728,0.0,0.0,0.03225806451612903,12.3,38,1,1286,58
candidate-1,48,0,16,1286,0.16103466400090838,1728,0.0,-0.0225,0.05474095796676442,12.3,38,1,1286,58
candidate-1,48,0,16,1286,0.19802416400125367,1728,0.0,-0.22499999999999998,0.15347018572825025,12.3,38,1,1286,58
candidate-1,48,0,16,1286,0.23604400100157363,1728,0.0,-0.567,0.27663734115347016,12.3,38,1,1286,58
candidate-1,48,0,16,1286,0.272045904001061,1724,-8.208,-0.7695,0.3626588465298143,12.3,38,1,1286,58
candidate-1,48,0,16,1286,0.30904312700113223,1714,-21.888,-0.7649999999999999,0.33724340175953077,12.3,38,1,1286,58
candidate-1,48,0,16,1286,0.3460529050007608,1700,-32.832,-0.6525,0.3196480938416422,12.3,38,1,1286,58
candidate-1,48,0,16,1286,0.3830700530015747,1678,-43.776,-0.43649999999999994,0.2238514173998045,12.3,38,1,1286,58
candidate-1,48,0,16,1286,0.42307158300172887,1656,-41.040000000000006,-0.39149999999999996,0.21505376344086022,12.0,38,1,1286,58
candidate-1,48,0,16,1286,0.46308983600101783,1633,-46.512,-0.351,0.1652003910068426,12.0,38,1,1286,58
candidate-1,48,0,16,1286,0.5030938290001359,1616,-30.096000000000004,-0.46799999999999997,0.2541544477028348,12.0,38,1,1286,58
candidate-1,48,0,16,1286,0.5400957740002923,1600,-38.304,-0.4815,0.25317693059628543,12.3,38,1,1286,58
candidate-1,48,0,16,1286,0.5780911120000383,1582,-35.568000000000005,-0.49949999999999994,0.27174975562072334,12.3,38,1,1286,58
candidate-1,48,0,16,1286,0.6140943850004987,1563,-41.040000000000006,-0.44099999999999995,0.2434017595307918,12.3,38,1,1286,58
candidate-1,48,0,16,1286,0.6510956080001051,1543,-49.248000000000005,-0.4095,0.1935483870967742,12.3,38,1,1286,58
candidate-1,48,0,16,1286,0.688104941000347,1524,-41.040000000000006,-0.3735,0.2316715542521994,12.3,38,1,1286,58
candidate-1,48,0,16,1286,0.7250995710001007,1502,-43.776,-0.4185,0.18377321603128055,12.3,38,1,1286,58
candidate-1,48,0,16,1286,0.7651238230009767,1487,-30.096000000000004,-0.504,0.28934506353861195,12.3,38,1,1286,58
candidate-1,48,0,16,1286,0.8051186690008763,1466,-41.040000000000006,-0.477,0.22776148582600195,12.3,38,1,1286,58
candidate-1,48,0,16,1286,0.8421290580008645,1450,-32.832,-0.5804999999999999,0.2785923753665689,12.3,38,1,1286,58
candidate-1,48,0,16,1286,0.8801263210007164,1429,-43.776,-0.45899999999999996,0.2209188660801564,12.3,38,1,1286,58
candidate-1,48,0,16,1286,0.9171289510013594,1410,-38.304,-0.44099999999999995,0.23655913978494625,12.3,38,1,1286,58
candidate-1,48,0,16,1286,0.9541451540007984,1390,-41.040000000000006,-0.3735,0.187683284457478,12.3,38,1,1286,58
candidate-1,48,0,16,1286,0.9921373250017496,1374,-30.096000000000004,-0.38249999999999995,0.2209188660801564,12.3,38,1,1286,58
candidate-1,48,0,16,1286,1.0281485070008785,1360,-35.568000000000005,-0.37799999999999995,0.20332355816226785,12.3,38,1,1286,58
candidate-1,48,0,16,1286,1.065163155000846,1348,-24.624000000000002,-0.44999999999999996,0.23362658846529813,12.3,38,1,1286,58
candidate-1,48,0,16,1286,1.101163262001137,1338,-21.888,-0.4095,0.23655913978494625,12.3,38,1,1286,58
candidate-1,48,0,16,1286,1.1371784060011123,1328,-24.624000000000002,-0.288,0.2130987292277615,12.1,38,1,1286,58
candidate-1,48,0,16,1286,1.1731813840015093,1319,-16.416,-0.414,0.21114369501466276,12.1,38,1,1286,58
candidate-1,48,0,16,1286,1.2101780320008402,1319,0.0,-0.6659999999999999,0.3343108504398827,12.1,38,1,1286,58
candidate-1,48,0,16,1286,1.2471927540009347,1320,0.0,-0.855,0.39002932551319647,12.1,38,1,1286,58
candidate-1,48,0,16,1286,1.2841940320013236,1319,0.0,-0.7244999999999999,0.3919843597262952,12.1,38,1,1286,58
candidate-1,48,0,16,1286,1.3212132180015033,1311,-19.152,-0.4095,0.22678396871945258,12.1,38,1,1286,58
candidate-1,48,0,16,1286,1.359201129000212,1309,0.0,-0.38699999999999996,0.26881720430107525,12.5,38,1,1286,58
candidate-1,48,0,16,1286,1.3962104070014902,1301,-21.888,-0.11699999999999999,0.10263929618768329,12.5,38,1,1286,58
candidate-1,48,0,16,1286,1.4322149220006395,1301,0.0,-0.2115,0.17595307917888564,12.5,38,1,1286,58
candidate-1,48,0,16,1286,1.470211019000999,1300,0.0,-0.20249999999999999,0.16324535679374388,12.3,38,1,1286,58
candidate-1,48,0,16,1286,1.5062321069999598,1303,5.472,-0.306,0.2179863147605083,12.3,38,1,1286,58
candidate-1,48,0,16,1286,1.5432453850007732,1305,0.0,-0.3105,0.22678396871945258,12.3,38,1,1286,58
candidate-1,48,0,16,1286,1.5812357410013647,1305,0.0,-0.3105,0.22287390029325513,12.3,38,1,1286,58
candidate-1,48,0,16,1286,1.6172496260005573,1304,0.0,-0.27899999999999997,0.2072336265884653,12.3,38,1,1286,58
candidate-1,48,0,16,1286,1.6572479350015783,1304,0.0,-0.24749999999999997,0.2101661779081134,12.3,38,1,1286,58
candidate-1,48,0,16,1286,1.6942514350012061,1304,0.0,-0.288,0.21407624633431085,12.3,38,1,1286,58
candidate-1,48,0,16,1286,1.7322760130009556,1305,0.0,-0.315,0.2238514173998045,12.3,38,1,1286,58
candidate-1,48,0,16,1286,1.7682805830008874,1305,0.0,-0.3105,0.22287390029325513,12.3,38,1,1286,58
candidate-1,48,0,16,1286,1.8053280450003513,1305,0.0,-0.2835,0.2209188660801564,12.3,38,1,1286,58
candidate-1,48,0,16,1286,1.8422948610004823,1304,0.0,-0.3105,0.21114369501466276,12.3,38,1,1286,58
candidate-1,48,0,16,1286,1.8792822690011235,1305,0.0,-0.288,0.2238514173998045,12.3,38,1,1286,58
candidate-1,48,0,16,1286,1.9152779320011177,1304,0.0,-0.315,0.21114369501466276,12.3,38,1,1286,58
candidate-1,48,0,16,1286,1.9532783430004201,1305,0.0,-0.315,0.22287390029325513,12.3,38,1,1286,58
candidate-1,48,0,16,1286,1.9892845430003945,1304,0.0,-0.3105,0.2101661779081134,12.3,38,1,1286,58
candidate-1,48,0,16,1286,2.0262935430000653,1305,0.0,-0.288,0.2238514173998045,12.3,38,1,1286,58
candidate-1,48,0,16,1286,2.064300825000828,1305,0.0,-0.2835,0.22287390029325513,12.3,38,1,1286,58
candidate-1,48,0,16,1286,2.1003104880001047,1305,0.0,-0.27899999999999997,0.22287390029325513,12.3,38,1,1286,58
candidate-1,48,0,16,1286,2.1373217100008333,1304,0.0,-0.27899999999999997,0.21114369501466276,12.3,38,1,1286,58
candidate-1,48,0,16,1286,2.175344233000942,1305,0.0,-0.315,0.2238514173998045,12.0,38,1,1286,58
candidate-1,48,0,16,1286,2.2113093410007423,1304,0.0,-0.3105,0.2101661779081134,12.0,38,1,1286,58
candidate-1,48,0,16,1286,2.2483191930004978,1304,0.0,-0.2835,0.21114369501466276,12.0,38,1,1286,58
candidate-1,48,0,16,1286,2.2843203370011906,1304,0.0,-0.2835,0.21114369501466276,12.3,38,1,1286,58
candidate-1,48,0,16,1286,2.3203426290001516,1305,0.0,-0.2835,0.22287390029325513,12.3,38,1,1286,58
candidate-1,48,0,16,1286,2.356330793001689,1305,0.0,-0.2835,0.22287390029325513,12.3,38,1,1286,58
candidate-1,48,0,16,1286,2.392345733000184,1304,0.0,-0.2835,0.21212121212121213,12.3,38,1,1286,58
candidate-1,48,0,16,1286,2.430341478000628,1305,0.0,-0.315,0.22287390029325513,12.3,38,1,1286,58
candidate-1,48,0,16,1286,2.466344382000898,1304,0.0,-0.3105,0.2101661779081134,12.3,38,1,1286,58
candidate-1,48,0,16,1286,2.5033458080015407,1304,0.0,-0.27899999999999997,0.21114369501466276,12.0,38,1,1286,58
candidate-1,48,0,16,1286,2.5393582490014524,1305,0.0,-0.3105,0.22482893450635386,12.0,38,1,1286,58
candidate-1,48,0,16,1286,2.5763691930005734,1304,0.0,-0.2835,0.2101661779081134,12.0,38,1,1286,58
candidate-1,48,0,16,1286,2.6123623010007577,1305,0.0,-0.315,0.2238514173998045,12.0,38,1,1286,58
candidate-1,48,0,16,1286,2.648368593001578,1305,0.0,-0.2835,0.22287390029325513,12.0,38,1,1286,58
candidate-1,48,0,16,1286,2.6863790420011355,1305,0.0,-0.3105,0.2238514173998045,12.0,38,1,1286,58
candidate-1,48,0,16,1286,2.7223917420014914,1304,0.0,-0.27899999999999997,0.21114369501466276,12.0,38,1,1286,58
candidate-1,48,0,16,1286,2.7593909460010764,1305,0.0,-0.3105,0.2238514173998045,12.3,38,1,1286,58
candidate-1,48,0,16,1286,2.7953983120005432,1304,0.0,-0.2835,0.20918866080156404,12.3,38,1,1286,58
candidate-1,48,0,16,1286,2.832397498001228,1305,0.0,-0.315,0.21114369501466276,12.3,38,1,1286,58
candidate-1,48,0,16,1286,2.8683999010008847,1305,0.0,-0.288,0.22189638318670576,12.3,38,1,1286,58
candidate-1,48,0,16,1286,2.9044031940011337,1305,0.0,-0.3105,0.22287390029325513,12.3,38,1,1286,58
candidate-1,48,0,16,1286,2.942440364000504,1304,0.0,-0.27899999999999997,0.2101661779081134,12.3,38,1,1286,58
candidate-1,48,0,16,1286,2.97843330500109,1305,0.0,-0.288,0.2238514173998045,12.3,38,1,1286,58
candidate-1,48,0,16,1286,3.0154429720005282,1304,0.0,-0.2835,0.21114369501466276,12.3,38,1,1286,58
candidate-1,48,0,16,1286,3.0514345610008604,1304,0.0,-0.27899999999999997,0.21212121212121213,12.3,39,1,1286,58
candidate-1,48,0,16,1286,3.0884371730007842,1304,0.0,-0.315,0.21114369501466276,12.3,39,1,1286,58
candidate-1,48,0,16,1286,3.1264485100000456,1304,0.0,-0.3105,0.2101661779081134,12.3,39,1,1286,58
candidate-1,48,0,16,1286,3.1634559360009007,1305,0.0,-0.3105,0.2238514173998045,12.3,38,1,1286,58
candidate-1,48,0,16,1286,3.199459007000769,1304,0.0,-0.3105,0.21114369501466276,12.3,38,1,1286,58
candidate-1,48,0,16,1286,3.2374573630004306,1304,0.0,-0.3105,0.2101661779081134,12.3,38,1,1286,58
candidate-1,48,0,16,1286,3.2734634700009337,1304,0.0,-0.315,0.21114369501466276,12.3,38,1,1286,58
candidate-1,48,0,16,1286,3.3114611230012088,1304,0.0,-0.315,0.2101661779081134,12.3,38,1,1286,58
candidate-1,48,0,16,1286,3.3484740490002878,1305,0.0,-0.3105,0.22189638318670576,12.3,38,1,1286,58
candidate-1,48,0,16,1286,3.3854687530001684,1304,0.0,-0.315,0.21114369501466276,12.3,38,1,1286,58
candidate-1,48,0,16,1286,3.422486735000348,1304,0.0,-0.2835,0.21114369501466276,12.3,38,1,1286,58
candidate-1,48,0,16,1286,3.4604886100005388,1304,0.0,-0.3105,0.2238514173998045,12.3,38,1,1286,58
candidate-1,48,0,16,1286,3.4974980170009076,1304,0.0,-0.315,0.21114369501466276,12.3,38,1,1286,58
candidate-1,48,0,16,1286,3.534506907000832,1305,0.0,-0.2835,0.22287390029325513,12.3,38,1,1286,58
candidate-1,48,0,16,1286,3.570509070001208,1304,0.0,-0.3105,0.21114369501466276,12.3,38,1,1286,58
candidate-1,48,0,16,1286,3.6065159180016053,1305,0.0,-0.297,0.22287390029325513,12.3,38,1,1286,58
candidate-1,48,0,16,1286,3.643528751001213,1304,0.0,-0.2835,0.21114369501466276,12.3,38,1,1286,58
candidate-1,48,0,16,1286,3.680566770000951,1304,0.0,-0.315,0.22287390029325513,12.3,38,1,1286,58
candidate-1,48,0,16,1286,3.7185612190005486,1305,0.0,-0.288,0.22189638318670576,12.3,38,1,1286,58
candidate-1,48,0,16,1286,3.7545351040007517,1305,0.0,-0.288,0.22287390029325513,12.3,38,1,1286,58
candidate-1,48,0,16,1286,3.7905489889999444,1304,0.0,-0.27899999999999997,0.21114369501466276,12.3,38,1,1286,58
candidate-1,48,0,16,1286,3.8265640960016754,1305,0.0,-0.3105,0.2238514173998045,12.3,38,1,1286,58
candidate-1,48,0,16,1286,3.8625905370008695,1304,0.0,-0.2835,0.20918866080156404,12.3,38,1,1286,58
candidate-1,48,0,16,1286,3.8995908340002643,1304,0.0,-0.2835,0.21114369501466276,12.0,38,1,1286,58
candidate-1,48,0,16,1286,3.936582427000758,1304,0.0,-0.27899999999999997,0.22482893450635386,12.0,38,1,1286,58
candidate-1,48,0,16,1286,3.9745977830007178,1305,0.0,-0.27899999999999997,0.2238514173998045,12.0,38,1,1286,58
candidate-1,48,0,16,1286,4.011590968000746,1305,0.0,-0.2835,0.2238514173998045,12.0,38,1,1286,58
candidate-2-positioning,48,0,16,1286,0.004970094998498098,1305,0.0,0.0,0.0,12.3,38,1,1286,29
candidate-2-positioning,48,0,16,1286,0.04098916499970073,1304,0.0,0.0,0.002932551319648094,12.3,38,1,1286,29
candidate-2-positioning,48,0,16,1286,0.07798614700004691,1304,0.0,-0.013499999999999998,0.042033235581622676,12.3,38,1,1286,29
candidate-2-positioning,48,0,16,1286,0.11598554099873581,1305,0.0,-0.11249999999999999,0.12023460410557185,12.3,38,1,1286,29
candidate-2-positioning,48,0,16,1286,0.1530092999983026,1305,0.0,-0.2115,0.18181818181818182,12.3,38,1,1286,29
candidate-2-positioning,48,0,16,1286,0.1900299669996457,1304,0.0,-0.3105,0.19550342130987292,12.3,38,1,1286,29
candidate-2-positioning,48,0,16,1286,0.22702074499829905,1304,0.0,-0.288,0.21407624633431085,12.3,38,1,1286,29
candidate-2-positioning,48,0,16,1286,0.2630173529996682,1304,0.0,-0.3105,0.21114369501466276,12.3,38,1,1286,29
candidate-2-positioning,48,0,16,1286,0.3020018249990244,1304,0.0,-0.2835,0.2101661779081134,12.3,38,1,1286,29
candidate-2-positioning,48,0,16,1286,0.33800646899908315,1304,0.0,-0.2835,0.21114369501466276,12.3,38,1,1286,29
candidate-2-positioning,48,0,16,1286,0.37602289899950847,1305,0.0,-0.27899999999999997,0.22287390029325513,12.3,38,1,1286,29
candidate-2-positioning,48,0,16,1286,0.4130081589992187,1305,0.0,-0.27899999999999997,0.2238514173998045,12.3,38,1,1286,29
candidate-2-positioning,48,0,16,1286,0.4500354929987225,1305,0.0,-0.315,0.2238514173998045,12.3,38,1,1286,29
candidate-2-positioning,48,0,16,1286,0.4860646369997994,1304,0.0,-0.3105,0.2101661779081134,12.3,38,1,1286,29
candidate-2-positioning,48,0,16,1286,0.5220442259997071,1304,0.0,-0.3105,0.21114369501466276,12.3,38,1,1286,29
candidate-2-positioning,48,0,16,1286,0.5580612589983502,1304,0.0,-0.3105,0.21114369501466276,12.3,38,1,1286,29
candidate-2-positioning,48,0,16,1286,0.5940691819996573,1304,0.0,-0.3105,0.21114369501466276,12.3,38,1,1286,29
candidate-2-positioning,48,0,16,1286,0.6300678449988482,1304,0.0,-0.27899999999999997,0.2101661779081134,12.3,38,1,1286,29
candidate-2-positioning,48,0,16,1286,0.6671483259997331,1305,0.0,-0.3105,0.2238514173998045,12.3,38,1,1286,29
candidate-2-positioning,48,0,16,1286,0.7040910119994805,1304,0.0,-0.3105,0.21114369501466276,12.3,38,1,1286,29
candidate-2-positioning,48,0,16,1286,0.7400727309996,1305,0.0,-0.2835,0.22287390029325513,12.3,38,1,1286,29
candidate-2-positioning,48,0,16,1286,0.776104597000085,1305,0.0,-0.315,0.22287390029325513,12.3,38,1,1286,29
candidate-2-positioning,48,0,16,1286,0.8130881909983145,1305,0.0,-0.2835,0.22287390029325513,12.3,38,1,1286,29
candidate-2-positioning,48,0,16,1286,0.8490877429994725,1305,0.0,-0.2835,0.22287390029325513,12.3,38,1,1286,29
candidate-2-positioning,48,0,16,1286,0.885081424999953,1305,0.0,-0.3105,0.22287390029325513,12.3,38,1,1286,29
candidate-2-positioning,48,0,16,1286,0.9221182209985272,1305,0.0,-0.288,0.22287390029325513,12.3,38,1,1286,29
candidate-2-positioning,48,0,16,1286,0.9591225730000588,1304,0.0,-0.2835,0.2101661779081134,12.3,38,1,1286,29
candidate-2-positioning,48,0,16,1286,0.9951086069995654,1305,0.0,-0.2835,0.22482893450635386,12.3,38,1,1286,29
candidate-2-positioning,48,0,16,1286,1.0311262519990123,1304,0.0,-0.288,0.21114369501466276,12.3,38,1,1286,29
candidate-2-positioning,48,0,16,1286,1.0671211739991122,1305,0.0,-0.3105,0.22482893450635386,12.3,38,1,1286,29
candidate-2-positioning,48,0,16,1286,1.103144873999554,1304,0.0,-0.288,0.21114369501466276,12.3,38,1,1286,29
candidate-2-positioning,48,0,16,1286,1.1391456109995488,1305,0.0,-0.315,0.22287390029325513,12.3,38,1,1286,29
candidate-2-positioning,48,0,16,1286,1.1761611299989454,1304,0.0,-0.315,0.21114369501466276,12.3,38,1,1286,29
candidate-2-positioning,48,0,16,1286,1.2131521869996504,1305,0.0,-0.2835,0.22287390029325513,12.3,38,1,1286,29
candidate-2-positioning,48,0,16,1286,1.2491674049997528,1304,0.0,-0.2835,0.21114369501466276,12.3,38,1,1286,29
candidate-2-positioning,48,0,16,1286,1.285165141998732,1304,0.0,-0.3105,0.21114369501466276,12.3,38,1,1286,29
candidate-2-positioning,48,0,16,1286,1.32318512799975,1305,0.0,-0.315,0.22287390029325513,12.3,38,1,1286,29
candidate-2-positioning,48,0,16,1286,1.3633206939994125,1305,0.0,-0.3105,0.22287390029325513,12.3,38,1,1286,29
candidate-2-positioning,48,0,16,1286,1.4011836269983178,1304,0.0,-0.27899999999999997,0.2101661779081134,12.3,38,1,1286,29
candidate-2-positioning,48,0,16,1286,1.4391856499987625,1304,0.0,-0.2835,0.21114369501466276,12.0,38,1,1286,29
candidate-2-positioning,48,0,16,1286,1.4762000209993857,1305,0.0,-0.288,0.22482893450635386,12.0,38,1,1286,29
candidate-2-positioning,48,0,16,1286,1.5121980169988092,1304,0.0,-0.315,0.21114369501466276,12.0,38,1,1286,29
candidate-2-positioning,48,0,16,1286,1.5502963719991385,1304,0.0,-0.27899999999999997,0.21114369501466276,12.3,38,1,1286,29
candidate-2-positioning,48,0,16,1286,1.5861821479993523,1305,0.0,-0.3105,0.2238514173998045,12.3,38,1,1286,29
candidate-2-positioning,48,0,16,1286,1.624202596998657,1305,0.0,-0.288,0.22189638318670576,12.3,38,1,1286,29
candidate-2-positioning,48,0,16,1286,1.6602105570000276,1305,0.0,-0.315,0.22287390029325513,12.3,38,1,1286,29
candidate-2-positioning,48,0,16,1286,1.6962199969984795,1304,0.0,-0.27899999999999997,0.2101661779081134,12.3,38,1,1286,29
candidate-2-positioning,48,0,16,1286,1.7332352939993143,1305,0.0,-0.3105,0.22287390029325513,12.3,38,1,1286,29
candidate-2-positioning,48,0,16,1286,1.773216510999191,1304,0.0,-0.2835,0.21114369501466276,12.3,38,1,1286,29
candidate-2-positioning,48,0,16,1286,1.8102216589995805,1305,0.0,-0.2835,0.2238514173998045,12.0,38,1,1286,29
candidate-2-positioning,48,0,16,1286,1.8462278409988357,1305,0.0,-0.2835,0.2238514173998045,12.0,38,1,1286,29
candidate-2-positioning,48,0,16,1286,1.8822394119997625,1305,0.0,-0.306,0.2238514173998045,12.0,38,1,1286,29
candidate-2-positioning,48,0,16,1286,1.920268619998751,1305,0.0,-0.2835,0.22287390029325513,12.0,38,1,1286,29
candidate-2-positioning,48,0,16,1286,1.9602587429999403,1304,0.0,-0.315,0.21114369501466276,12.0,38,1,1286,29
candidate-2-positioning,48,0,16,1286,1.9982591369989677,1304,0.0,-0.2835,0.20918866080156404,12.0,38,1,1286,29
candidate-2-positioning,48,0,16,1286,2.0362593449990527,1304,0.0,-0.3105,0.21114369501466276,12.3,38,1,1286,29
candidate-2-positioning,48,0,16,1286,2.073276604998682,1305,0.0,-0.306,0.22287390029325513,12.3,38,1,1286,29
candidate-2,48,0,16,1742,0.004017053001007298,1304,0.0,-0.27899999999999997,0.21114369501466276,12.3,38,1,1742,58
candidate-2,48,0,16,1742,0.0410218500001065,1304,0.0,-0.243,0.19550342130987292,12.3,38,1,1742,58
candidate-2,48,0,16,1742,0.07702364299984765,1305,0.0,-0.1575,0.16911045943304007,12.3,38,1,1742,58
candidate-2,48,0,16,1742,0.11302371300007508,1304,0.0,-0.06749999999999999,0.10263929618768329,12.3,38,1,1742,58
candidate-2,48,0,16,1742,0.1490383020009176,1305,0.0,-0.0045,0.053763440860215055,12.1,38,1,1742,58
candidate-2,48,0,16,1742,0.18505522499981453,1304,0.0,0.040499999999999994,0.059628543499511244,12.1,38,1,1742,58
candidate-2,48,0,16,1742,0.22304963700116787,1304,0.0,0.23399999999999999,0.1681329423264907,12.1,38,1,1742,58
candidate-2,48,0,16,1742,0.2630486500002007,1304,0.0,0.6479999999999999,0.3147605083088954,12.3,38,1,1742,58
candidate-2,48,0,16,1742,0.3010526360012591,1306,5.472,0.7559999999999999,0.42130987292277616,12.3,38,1,1742,58
candidate-2,48,0,16,1742,0.3380762289998529,1322,35.568000000000005,0.5984999999999999,0.2932551319648094,12.3,38,1,1742,58
candidate-2,48,0,16,1742,0.37508906200127967,1338,35.568000000000005,0.594,0.2883675464320626,12.3,38,1,1742,58
candidate-2,48,0,16,1742,0.41108672600057616,1359,46.512,0.4275,0.2179863147605083,12.3,38,1,1742,58
candidate-2,48,0,16,1742,0.4470920929998101,1380,41.040000000000006,0.4095,0.20332355816226785,12.3,38,1,1742,58
candidate-2,48,0,16,1742,0.4830966999998054,1400,46.512,0.32399999999999995,0.1544477028347996,12.3,38,1,1742,58
candidate-2,48,0,16,1742,0.5190794570007711,1415,30.096000000000004,0.4275,0.2512218963831867,12.3,38,1,1742,58
candidate-2,48,0,16,1742,0.5550980269999854,1432,38.304,0.4275,0.23949169110459434,12.3,38,1,1742,58
candidate-2,48,0,16,1742,0.5921037680000154,1450,38.304,0.414,0.25024437927663734,12.3,38,1,1742,58
candidate-2,48,0,16,1742,0.6291174730013154,1469,43.776,0.45449999999999996,0.2238514173998045,12.3,38,1,1742,58
candidate-2,48,0,16,1742,0.6651127280001674,1490,49.248000000000005,0.306,0.16617790811339198,12.3,38,1,1742,58
candidate-2,48,0,16,1742,0.7011200030010514,1511,43.776,0.3645,0.16226783968719452,12.3,38,1,1742,58
candidate-2,48,0,16,1742,0.7401153080008953,1527,32.832,0.414,0.24633431085043989,12.3,38,1,1742,58
candidate-2,48,0,16,1742,0.7801270800009661,1550,43.776,0.4095,0.17204301075268819,12.3,38,1,1742,58
candidate-2,48,0,16,1742,0.8201227040008234,1565,30.096000000000004,0.477,0.27956989247311825,12.3,38,1,1742,58
candidate-2,48,0,16,1742,0.8601232720011467,1587,46.512,0.414,0.20234604105571846,12.3,38,1,1742,58
candidate-2,48,0,16,1742,0.897140995000882,1605,38.304,0.4185,0.22580645161290322,12.3,38,1,1742,58
candidate-2,48,0,16,1742,0.9341420140008267,1625,43.776,0.3465,0.17302052785923755,12.3,38,1,1742,58
candidate-2,48,0,16,1742,0.9711242560006212,1641,30.096000000000004,0.36,0.22189638318670576,12.3,38,1,1742,58
candidate-2,48,0,16,1742,1.0071401229997718,1655,32.832,0.297,0.2130987292277615,12.3,38,1,1742,58
candidate-2,48,0,16,1742,1.0431693970003835,1672,32.832,0.44549999999999995,0.16911045943304007,12.3,38,1,1742,58
candidate-2,48,0,16,1742,1.0811528280009952,1674,0.0,0.5984999999999999,0.3978494623655914,12.3,38,1,1742,58
candidate-2,48,0,16,1742,1.1212035070002457,1692,41.040000000000006,0.3465,0.16911045943304007,12.3,38,1,1742,58
candidate-2,48,0,16,1742,1.1611658159999934,1699,10.944,0.49949999999999994,0.2776148582600195,12.3,38,1,1742,58
candidate-2,48,0,16,1742,1.1991779319996567,1713,32.832,0.23399999999999999,0.11730205278592376,12.3,38,1,1742,58
candidate-2,48,0,16,1742,1.2352288720012439,1713,0.0,0.49049999999999994,0.28347996089931576,12.3,38,1,1742,58
candidate-2,48,0,16,1742,1.2711800920005771,1714,0.0,0.5355,0.3020527859237537,12.3,38,1,1742,58
candidate-2,48,0,16,1742,1.3091767450005136,1711,-5.472,0.7875,0.37732160312805474,12.3,38,1,1742,58
candidate-2,48,0,16,1742,1.345191407999664,1712,5.472,0.5355,0.3255131964809384,12.3,38,1,1742,58
candidate-2,48,0,16,1742,1.3822030009996524,1720,19.152,0.23399999999999999,0.1798631476050831,12.3,38,1,1742,58
candidate-2,48,0,16,1742,1.420232432001285,1726,10.944,0.1215,0.1378299120234604,12.0,38,1,1742,58
candidate-2,48,0,16,1742,1.4572108590000425,1733,10.944,0.049499999999999995,0.06549364613880743,12.0,38,1,1742,58
candidate-2,48,0,16,1742,1.4932109670007776,1731,-5.472,0.1215,0.1466275659824047,12.0,38,1,1742,58
candidate-2,48,0,16,1742,1.5312106010005664,1731,0.0,0.13499999999999998,0.12903225806451613,12.3,38,1,1742,58
candidate-2,48,0,16,1742,1.5682139350010402,1725,-10.944,0.2565,0.22482893450635386,12.3,38,1,1742,58
candidate-2,48,0,16,1742,1.6042216719997668,1725,0.0,0.19799999999999998,0.187683284457478,12.3,38,1,1742,58
candidate-2,48,0,16,1742,1.6402384100001655,1726,0.0,0.20249999999999999,0.17595307917888564,12.3,38,1,1742,58
candidate-2,48,0,16,1742,1.6783280239997111,1728,0.0,0.144,0.1603128054740958,12.3,38,1,1742,58
candidate-2,48,0,16,1742,1.7183162220007944,1730,0.0,0.13049999999999998,0.13685239491691104,12.3,38,1,1742,58
candidate-2,48,0,16,1742,1.755247502000202,1729,0.0,0.13499999999999998,0.15347018572825025,12.3,38,1,1742,58
candidate-2,48,0,16,1742,1.7932721360011783,1729,0.0,0.1575,0.15249266862170088,12.3,38,1,1742,58
candidate-2,48,0,16,1742,1.8302918589997716,1729,0.0,0.18,0.16617790811339198,12.3,38,1,1742,58
candidate-2,48,0,16,1742,1.866279874000611,1729,0.0,0.1485,0.1495601173020528,12.3,38,1,1742,58
candidate-2,48,0,16,1742,1.9042666200002714,1729,0.0,0.153,0.15249266862170088,12.1,38,1,1742,58
candidate-2,48,0,16,1742,1.9402818760008813,1729,0.0,0.153,0.15249266862170088,12.1,38,1,1742,58
candidate-2,48,0,16,1742,1.977268525000909,1729,0.0,0.153,0.15249266862170088,12.1,38,1,1742,58
candidate-2,48,0,16,1742,2.0132852440001443,1729,0.0,0.153,0.15249266862170088,12.3,38,1,1742,58
candidate-2,48,0,16,1742,2.049300796001262,1728,0.0,0.153,0.16422287390029325,12.3,38,1,1742,58
candidate-2,48,0,16,1742,2.0872982460005005,1729,0.0,0.153,0.15249266862170088,12.3,38,1,1742,58
candidate-2,48,0,16,1742,2.1233135200000106,1729,0.0,0.153,0.15249266862170088,12.3,38,1,1742,58
candidate-2,48,0,16,1742,2.160307632000695,1729,0.0,0.153,0.15249266862170088,12.3,38,1,1742,58
candidate-2,48,0,16,1742,2.1963068140012183,1729,0.0,0.153,0.15249266862170088,12.3,38,1,1742,58
candidate-2,48,0,16,1742,2.2343210590006493,1729,0.0,0.153,0.15249266862170088,12.3,38,1,1742,58
candidate-2,48,0,16,1742,2.2743208869997034,1729,0.0,0.18,0.15249266862170088,12.3,38,1,1742,58
candidate-2,48,0,16,1742,2.3113366659999883,1729,0.0,0.153,0.15249266862170088,12.3,38,1,1742,58
candidate-2,48,0,16,1742,2.3493301890011935,1729,0.0,0.153,0.15249266862170088,12.3,38,1,1742,58
candidate-2,48,0,16,1742,2.3863454120000824,1729,0.0,0.153,0.15249266862170088,12.3,38,1,1742,58
candidate-2,48,0,16,1742,2.4233497090008314,1729,0.0,0.153,0.15347018572825025,12.3,38,1,1742,58
candidate-2,48,0,16,1742,2.4613549360001343,1729,0.0,0.153,0.15249266862170088,12.3,38,1,1742,58
candidate-2,48,0,16,1742,2.4973782100005337,1729,0.0,0.153,0.15249266862170088,12.3,38,1,1742,58
candidate-2,48,0,16,1742,2.5344373770003585,1729,0.0,0.153,0.15249266862170088,12.3,38,1,1742,58
candidate-2,48,0,16,1742,2.5724510850013758,1729,0.0,0.1845,0.15249266862170088,12.3,38,1,1742,58
candidate-2,48,0,16,1742,2.6094331790009164,1729,0.0,0.1575,0.15249266862170088,12.3,38,1,1742,58
candidate-2,48,0,16,1742,2.645448231000046,1729,0.0,0.153,0.15151515151515152,12.3,38,1,1742,58
candidate-2,48,0,16,1742,2.683443494999665,1729,0.0,0.153,0.15249266862170088,12.3,38,1,1742,58
candidate-2,48,0,16,1742,2.719451492001099,1729,0.0,0.153,0.15249266862170088,12.3,38,1,1742,58
candidate-2,48,0,16,1742,2.7564516970014665,1729,0.0,0.153,0.15249266862170088,12.3,38,1,1742,58
candidate-2,48,0,16,1742,2.7944642010006646,1729,0.0,0.153,0.15347018572825025,12.3,38,1,1742,58
candidate-2,48,0,16,1742,2.830449828001292,1729,0.0,0.1755,0.15347018572825025,12.3,38,1,1742,58
candidate-2,48,0,16,1742,2.870442934001403,1729,0.0,0.153,0.15249266862170088,12.3,38,1,1742,58
candidate-2,48,0,16,1742,2.907448101001137,1729,0.0,0.153,0.15249266862170088,12.3,38,1,1742,58
candidate-2,48,0,16,1742,2.945459698999912,1729,0.0,0.153,0.15249266862170088,12.3,38,1,1742,58
candidate-2,48,0,16,1742,2.9814588250010274,1729,0.0,0.153,0.15249266862170088,12.3,38,1,1742,58
candidate-2,48,0,16,1742,3.0184482149998075,1729,0.0,0.153,0.15249266862170088,12.3,38,1,1742,58
candidate-2,48,0,16,1742,3.055470568000601,1729,0.0,0.153,0.15249266862170088,12.3,38,1,1742,58
candidate-2,48,0,16,1742,3.0924575320004806,1729,0.0,0.153,0.15249266862170088,12.3,38,1,1742,58
candidate-2,48,0,16,1742,3.1294707550005114,1729,0.0,0.153,0.15249266862170088,12.3,38,1,1742,58
candidate-2,48,0,16,1742,3.165460473999701,1729,0.0,0.153,0.15249266862170088,12.3,38,1,1742,58
candidate-2,48,0,16,1742,3.20147491500029,1729,0.0,0.153,0.15249266862170088,12.3,38,1,1742,58
candidate-2,48,0,16,1742,3.2394784200005233,1729,0.0,0.153,0.15249266862170088,12.3,38,1,1742,58
candidate-2,48,0,16,1742,3.27547801000037,1729,0.0,0.153,0.15249266862170088,12.5,38,1,1742,58
candidate-2,48,0,16,1742,3.3124907510009507,1729,0.0,0.153,0.15249266862170088,12.5,38,1,1742,58
candidate-2,48,0,16,1742,3.3505018110008677,1729,0.0,0.153,0.15249266862170088,12.5,38,1,1742,58
candidate-2,48,0,16,1742,3.386514437999722,1729,0.0,0.153,0.15249266862170088,12.3,38,1,1742,58
candidate-2,48,0,16,1742,3.4235231980001117,1729,0.0,0.153,0.15249266862170088,12.3,38,1,1742,58
candidate-2,48,0,16,1742,3.4595009360000404,1729,0.0,0.153,0.15249266862170088,12.3,38,1,1742,58
candidate-2,48,0,16,1742,3.495516729000883,1729,0.0,0.153,0.15249266862170088,12.3,38,1,1742,58
candidate-2,48,0,16,1742,3.5335141779996775,1728,0.0,0.153,0.16422287390029325,12.1,38,1,1742,58
candidate-2,48,0,16,1742,3.5695455269997183,1729,0.0,0.153,0.15249266862170088,12.1,38,1,1742,58
candidate-2,48,0,16,1742,3.6065204170008656,1729,0.0,0.153,0.15249266862170088,12.1,38,1,1742,58
candidate-2,48,0,16,1742,3.64454899500015,1729,0.0,0.153,0.15249266862170088,12.1,38,1,1742,58
candidate-2,48,0,16,1742,3.680540881001434,1729,0.0,0.1575,0.15249266862170088,12.1,38,1,1742,58
candidate-2,48,0,16,1742,3.717548993001401,1729,0.0,0.153,0.15249266862170088,12.1,38,1,1742,58
candidate-2,48,0,16,1742,3.7565747980006563,1729,0.0,0.153,0.15249266862170088,12.3,38,1,1742,58
candidate-2,48,0,16,1742,3.794483453000794,1729,0.0,0.153,0.15249266862170088,12.3,38,1,1742,58
candidate-2,48,0,16,1742,3.832592327000384,1729,0.0,0.1755,0.15249266862170088,12.3,38,1,1742,58
candidate-2,48,0,16,1742,3.869566864999797,1729,0.0,0.153,0.15249266862170088,12.3,38,1,1742,58
candidate-2,48,0,16,1742,3.90657747700061,1729,0.0,0.153,0.15151515151515152,12.3,38,1,1742,58
candidate-2,48,0,16,1742,3.943578256001274,1729,0.0,0.1575,0.15249266862170088,12.3,38,1,1742,58
candidate-2,48,0,16,1742,3.9805808490000345,1729,0.0,0.153,0.15249266862170088,12.3,38,1,1742,58
candidate-2,48,0,16,1286,0.003977276001023711,1729,0.0,0.153,0.15249266862170088,12.3,38,1,1286,58
candidate-2,48,0,16,1286,0.04200679899986426,1729,0.0,0.09899999999999999,0.13685239491691104,12.3,38,1,1286,58
candidate-2,48,0,16,1286,0.07800042599956214,1729,0.0,0.040499999999999994,0.09775171065493646,12.3,38,1,1286,58
candidate-2,48,0,16,1286,0.11500570400130528,1729,0.0,0.0,0.033235581622678395,12.3,38,1,1286,58
candidate-2,48,0,16,1286,0.1510074979996716,1729,0.0,-0.009,0.042033235581622676,12.3,38,1,1286,58
candidate-2,48,0,16,1286,0.18702810499962652,1729,0.0,-0.13499999999999998,0.1300097751710655,12.3,38,1,1286,58
candidate-2,48,0,16,1286,0.22404290300073626,1729,0.0,-0.45449999999999996,0.23851417399804498,12.3,38,1,1286,58
candidate-2,48,0,16,1286,0.2610369410012936,1728,0.0,-0.6705,0.37145650048875856,12.3,38,1,1286,58
candidate-2,48,0,16,1286,0.2980391450000752,1716,-27.360000000000003,-0.6705,0.29716520039100686,12.3,38,1,1286,58
candidate-2,48,0,16,1286,0.33402553100131627,1706,-21.888,-0.7649999999999999,0.34701857282502446,12.3,38,1,1286,58
candidate-2,48,0,16,1286,0.3700358620008046,1686,-43.776,-0.423,0.23460410557184752,12.3,38,1,1286,58
candidate-2,48,0,16,1286,0.4080460330005735,1665,-43.776,-0.40049999999999997,0.20527859237536658,12.3,38,1,1286,58
candidate-2,48,0,16,1286,0.444064678000359,1644,-43.776,-0.32849999999999996,0.18670576735092864,12.3,38,1,1286,58
candidate-2,48,0,16,1286,0.48106673500114994,1625,-43.776,-0.38699999999999996,0.17302052785923755,12.3,38,1,1286,58
candidate-2,48,0,16,1286,0.5190669990006427,1610,-30.096000000000004,-0.5265,0.2678396871945259,12.3,38,1,1286,58
candidate-2,48,0,16,1286,0.5560715000010532,1591,-41.040000000000006,-0.4815,0.22971652003910067,12.3,38,1,1286,58
candidate-2,48,0,16,1286,0.5930788160003431,1575,-35.568000000000005,-0.504,0.2727272727272727,12.3,38,1,1286,58
candidate-2,48,0,16,1286,0.6290971270009322,1556,-41.040000000000006,-0.45449999999999996,0.24144672531769307,12.3,38,1,1286,58
candidate-2,48,0,16,1286,0.6651314940008888,1536,-43.776,-0.3735,0.20918866080156404,12.3,38,1,1286,58
candidate-2,48,0,16,1286,0.7020885140009341,1516,-43.776,-0.40499999999999997,0.19941348973607037,12.3,38,1,1286,58
candidate-2,48,0,16,1286,0.7391051819995482,1497,-35.568000000000005,-0.40049999999999997,0.2209188660801564,12.3,38,1,1286,58
candidate-2,48,0,16,1286,0.7761323120012094,1482,-35.568000000000005,-0.38249999999999995,0.2619745845552297,12.3,38,1,1286,58
candidate-2,48,0,16,1286,0.8141223550010181,1462,-41.040000000000006,-0.40499999999999997,0.2287390029325513,12.3,38,1,1286,58
candidate-2,48,0,16,1286,0.8501092780006729,1444,-41.040000000000006,-0.477,0.24535679374389052,12.3,38,1,1286,58
candidate-2,48,0,16,1286,0.8871235010010423,1426,-41.040000000000006,-0.43649999999999994,0.22776148582600195,12.1,38,1,1286,58
candidate-2,48,0,16,1286,0.9231272760007414,1406,-41.040000000000006,-0.4725,0.21896383186705767,12.1,38,1,1286,58
candidate-2,48,0,16,1286,0.959117772999889,1387,-43.776,-0.351,0.17008797653958943,12.1,38,1,1286,58
candidate-2,48,0,16,1286,0.9963494740004535,1371,-32.832,-0.33749999999999997,0.2013685239491691,12.1,38,1,1286,58
candidate-2,48,0,16,1286,1.0331473120004375,1357,-32.832,-0.306,0.18377321603128055,12.1,38,1,1286,58
candidate-2,48,0,16,1286,1.0691349570006423,1346,-24.624000000000002,-0.40049999999999997,0.21994134897360704,12.1,38,1,1286,58
candidate-2,48,0,16,1286,1.105165824001233,1336,-21.888,-0.351,0.22482893450635386,12.1,38,1,1286,58
candidate-2,48,0,16,1286,1.1412533010006882,1325,-27.360000000000003,-0.2925,0.16911045943304007,12.3,38,1,1286,58
candidate-2,48,0,16,1286,1.1771604290006508,1319,-10.944,-0.44999999999999996,0.22482893450635386,12.3,38,1,1286,58
candidate-2,48,0,16,1286,1.213162777999969,1319,0.0,-0.6525,0.3333333333333333,12.3,38,1,1286,58
candidate-2,48,0,16,1286,1.2501907050009322,1319,0.0,-0.8414999999999999,0.37732160312805474,12.1,38,1,1286,58
candidate-2,48,0,16,1286,1.2871942060010042,1321,0.0,-0.7424999999999999,0.41935483870967744,12.1,38,1,1286,58
candidate-2,48,0,16,1286,1.3232075550004083,1311,-21.888,-0.38699999999999996,0.21896383186705767,12.1,38,1,1286,58
candidate-2,48,0,16,1286,1.3592039220002334,1310,0.0,-0.40049999999999997,0.2776148582600195,12.3,38,1,1286,58
candidate-2,48,0,16,1286,1.3951981789996353,1302,-19.152,-0.1215,0.12512218963831867,12.3,38,1,1286,58
candidate-2,48,0,16,1286,1.4312034350004978,1300,0.0,-0.19799999999999998,0.16129032258064516,12.3,38,1,1286,58
candidate-2,48,0,16,1286,1.4672290609996708,1300,0.0,-0.20249999999999999,0.16422287390029325,12.3,38,1,1286,58
candidate-2,48,0,16,1286,1.5042201739997836,1303,8.208,-0.3015,0.2238514173998045,12.3,38,1,1286,58
candidate-2,48,0,16,1286,1.5412198970007012,1306,5.472,-0.3105,0.25219941348973607,12.3,38,1,1286,58
candidate-2,48,0,16,1286,1.577222542000527,1305,0.0,-0.3105,0.22287390029325513,12.3,38,1,1286,58
candidate-2,48,0,16,1286,1.6152099360006105,1304,0.0,-0.27449999999999997,0.20821114369501467,12.3,38,1,1286,58
candidate-2,48,0,16,1286,1.651225396000882,1303,0.0,-0.24749999999999997,0.19648093841642228,12.3,38,1,1286,58
candidate-2,48,0,16,1286,1.6882404900006804,1304,0.0,-0.288,0.21407624633431085,12.3,38,1,1286,58
candidate-2,48,0,16,1286,1.7252491020008165,1305,0.0,-0.31949999999999995,0.22580645161290322,12.3,38,1,1286,58
candidate-2,48,0,16,1286,1.7622652879999805,1305,0.0,-0.3105,0.22287390029325513,12.3,38,1,1286,58
candidate-2,48,0,16,1286,1.7994216389997746,1305,0.0,-0.3105,0.22287390029325513,12.3,38,1,1286,58
candidate-2,48,0,16,1286,1.8352748600009363,1304,0.0,-0.27899999999999997,0.20821114369501467,12.3,38,1,1286,58
candidate-2,48,0,16,1286,1.8732619029997295,1304,0.0,-0.3105,0.21114369501466276,12.3,38,1,1286,58
candidate-2,48,0,16,1286,1.9112517970006593,1305,0.0,-0.315,0.2238514173998045,12.3,38,1,1286,58
candidate-2,48,0,16,1286,1.947272368000995,1305,0.0,-0.3105,0.22287390029325513,12.3,38,1,1286,58
candidate-2,48,0,16,1286,1.9842661660004524,1305,0.0,-0.315,0.22287390029325513,12.3,38,1,1286,58
candidate-2,48,0,16,1286,2.021290239999871,1305,0.0,-0.3105,0.2209188660801564,12.3,38,1,1286,58
candidate-2,48,0,16,1286,2.0582919270000275,1304,0.0,-0.3105,0.21114369501466276,12.3,38,1,1286,58
candidate-2,48,0,16,1286,2.094301701999939,1305,0.0,-0.3105,0.2238514173998045,12.3,38,1,1286,58
candidate-2,48,0,16,1286,2.130306273000315,1305,0.0,-0.3105,0.2238514173998045,12.3,38,1,1286,58
candidate-2,48,0,16,1286,2.166303973999675,1305,0.0,-0.27899999999999997,0.22287390029325513,12.3,38,1,1286,58
candidate-2,48,0,16,1286,2.2023067669997545,1305,0.0,-0.3105,0.2238514173998045,12.3,38,1,1286,58
candidate-2,48,0,16,1286,2.2383068569997704,1305,0.0,-0.3105,0.22287390029325513,12.3,38,1,1286,58
candidate-2,48,0,16,1286,2.2763208800006396,1305,0.0,-0.3105,0.22287390029325513,12.1,38,1,1286,58
candidate-2,48,0,16,1286,2.313332769999761,1305,0.0,-0.2835,0.2238514173998045,12.1,38,1,1286,58
candidate-2,48,0,16,1286,2.3493336560004536,1305,0.0,-0.3105,0.22287390029325513,12.1,38,1,1286,58
candidate-2,48,0,16,1286,2.385337931000322,1305,0.0,-0.315,0.22287390029325513,12.1,38,1,1286,58
candidate-2,48,0,16,1286,2.4213460390001273,1305,0.0,-0.3105,0.22287390029325513,12.3,38,1,1286,58
candidate-2,48,0,16,1286,2.459368396001082,1305,0.0,-0.3105,0.22287390029325513,12.3,38,1,1286,58
candidate-2,48,0,16,1286,2.4963902859999507,1305,0.0,-0.3105,0.22189638318670576,12.3,38,1,1286,58
candidate-2,48,0,16,1286,2.5323816910004098,1305,0.0,-0.27899999999999997,0.22287390029325513,12.3,38,1,1286,58
candidate-2,48,0,16,1286,2.56938863600044,1305,0.0,-0.315,0.22287390029325513,12.3,38,1,1286,58
candidate-2,48,0,16,1286,2.6053833000005397,1304,0.0,-0.3105,0.20918866080156404,12.3,38,1,1286,58
candidate-2,48,0,16,1286,2.6453835169995727,1304,0.0,-0.306,0.2101661779081134,12.0,38,1,1286,58
candidate-2,48,0,16,1286,2.703427305999867,1305,0.0,-0.3105,0.22189638318670576,12.0,38,1,1286,58
candidate-2,48,0,16,1286,2.740385029999743,1305,0.0,-0.3105,0.22287390029325513,12.1,38,1,1286,58
candidate-2,48,0,16,1286,2.776392546000352,1305,0.0,-0.3105,0.22287390029325513,12.1,38,1,1286,58
candidate-2,48,0,16,1286,2.812395839000601,1305,0.0,-0.3105,0.22287390029325513,12.1,38,1,1286,58
candidate-2,48,0,16,1286,2.8484031700008927,1305,0.0,-0.315,0.22287390029325513,12.1,38,1,1286,58
candidate-2,48,0,16,1286,2.8844016490002105,1304,0.0,-0.306,0.21114369501466276,12.3,38,1,1286,58
candidate-2,48,0,16,1286,2.9204031270000996,1305,0.0,-0.3105,0.22287390029325513,12.3,38,1,1286,58
candidate-2,48,0,16,1286,2.9574193879998347,1305,0.0,-0.315,0.22287390029325513,12.3,38,1,1286,58
candidate-2,48,0,16,1286,2.9944168330002867,1305,0.0,-0.27899999999999997,0.2238514173998045,12.3,38,1,1286,58
candidate-2,48,0,16,1286,3.0304350160004105,1305,0.0,-0.3105,0.2238514173998045,12.3,38,1,1286,58
candidate-2,48,0,16,1286,3.066434530999686,1305,0.0,-0.2835,0.22287390029325513,12.3,38,1,1286,58
candidate-2,48,0,16,1286,3.1024422139998933,1305,0.0,-0.2835,0.22287390029325513,12.3,38,1,1286,58
candidate-2,48,0,16,1286,3.13843015600105,1305,0.0,-0.315,0.22287390029325513,12.3,38,1,1286,58
candidate-2,48,0,16,1286,3.1744437079996715,1304,0.0,-0.3105,0.22287390029325513,12.3,39,1,1286,58
candidate-2,48,0,16,1286,3.2114509500006534,1305,0.0,-0.3105,0.22287390029325513,12.3,39,1,1286,58
candidate-2,48,0,16,1286,3.248447728999963,1305,0.0,-0.306,0.22287390029325513,12.3,39,1,1286,58
candidate-2,48,0,16,1286,3.2844523750009103,1305,0.0,-0.315,0.22287390029325513,12.3,38,1,1286,58
candidate-2,48,0,16,1286,3.320470742000907,1304,0.0,-0.3105,0.2101661779081134,12.3,38,1,1286,58
candidate-2,48,0,16,1286,3.3574819280001975,1305,0.0,-0.3105,0.22287390029325513,12.3,38,1,1286,58
candidate-2,48,0,16,1286,3.3954735820007045,1304,0.0,-0.3105,0.2101661779081134,12.3,38,1,1286,58
candidate-2,48,0,16,1286,3.4324792130009882,1304,0.0,-0.3105,0.21114369501466276,12.3,38,1,1286,58
candidate-2,48,0,16,1286,3.4684811910010467,1305,0.0,-0.3105,0.22287390029325513,12.3,38,1,1286,58
candidate-2,48,0,16,1286,3.5064944559999276,1304,0.0,-0.315,0.2101661779081134,12.3,38,1,1286,58
candidate-2,48,0,16,1286,3.5424973420012975,1305,0.0,-0.3105,0.22287390029325513,12.3,38,1,1286,58
candidate-2,48,0,16,1286,3.580517198999587,1305,0.0,-0.3105,0.2238514173998045,12.3,38,1,1286,58
candidate-2,48,0,16,1286,3.616503344001103,1305,0.0,-0.3105,0.22287390029325513,12.3,38,1,1286,58
candidate-2,48,0,16,1286,3.6524971010003355,1305,0.0,-0.315,0.22287390029325513,12.3,38,1,1286,58
candidate-2,48,0,16,1286,3.689541157000349,1305,0.0,-0.3105,0.22287390029325513,12.3,38,1,1286,58
candidate-2,48,0,16,1286,3.726534122000885,1305,0.0,-0.3105,0.22287390029325513,12.3,38,1,1286,58
candidate-2,48,0,16,1286,3.7625316560006468,1305,0.0,-0.3105,0.22287390029325513,12.3,38,1,1286,58
candidate-2,48,0,16,1286,3.7985417270010657,1305,0.0,-0.3105,0.22287390029325513,12.3,38,1,1286,58
candidate-2,48,0,16,1286,3.8345345390007424,1305,0.0,-0.2835,0.22287390029325513,12.3,38,1,1286,58
candidate-2,48,0,16,1286,3.8725699330007046,1305,0.0,-0.2835,0.22287390029325513,12.3,38,1,1286,58
candidate-2,48,0,16,1286,3.9095951939998486,1305,0.0,-0.3105,0.22287390029325513,12.3,38,1,1286,58
candidate-2,48,0,16,1286,3.945564543000728,1305,0.0,-0.3105,0.22189638318670576,12.3,38,1,1286,58
candidate-2,48,0,16,1286,3.983560975000728,1305,0.0,-0.3105,0.22287390029325513,12.3,38,1,1286,58
