trial,p,i,d,target,elapsed,position,velocity,current,load,voltage,temperature,torque,goal,speed_limit
sweep-29,64,0,0,0,0.008977634999610018,1293,0.0,0.0,0.0,12.3,40,1,1293,1
sweep-29,64,0,0,0,0.04697615500117536,1293,0.0,0.0,0.0,12.3,40,1,1293,1
sweep-29,64,0,0,0,0.0829798610011494,1293,0.0,0.0,0.0,12.3,40,1,1293,1
sweep-29,64,0,0,0,0.12698330400053237,1293,0.0,0.0,0.0,12.3,40,1,1970,3
sweep-29,64,0,0,0,0.1629843990012887,1293,0.0,0.0,0.015640273704789834,12.3,40,1,1970,5
sweep-29,64,0,0,0,0.20202059400071448,1293,0.0,0.018,0.0469208211143695,12.3,40,1,1970,7
sweep-29,64,0,0,0,0.24201992800044536,1293,0.0,0.05399999999999999,0.093841642228739,12.3,40,1,1970,9
sweep-29,64,0,0,0,0.28201692800030287,1294,0.0,0.1575,0.12512218963831867,12.3,40,1,1970,11
sweep-29,64,0,0,0,0.323025919000429,1294,0.0,0.26099999999999995,0.187683284457478,12.3,40,1,1970,13
sweep-29,64,0,0,0,0.36403368700121064,1296,5.472,0.34199999999999997,0.20821114369501467,12.3,40,1,1970,15
sweep-29,64,0,0,0,0.4040172060012992,1297,0.0,0.5309999999999999,0.29716520039100686,12.3,40,1,1970,17
sweep-29,64,0,0,0,0.4440151329999935,1302,13.680000000000001,0.5085,0.2844574780058651,12.1,40,1,1970,19
sweep-29,64,0,0,0,0.48104271800002607,1310,19.152,0.369,0.22678396871945258,12.1,40,1,1970,20
sweep-29,64,0,0,0,0.52003776499987,1321,21.888,0.306,0.15835777126099707,12.1,40,1,1970,22
sweep-29,64,0,0,0,0.5600425249995169,1323,0.0,0.621,0.29716520039100686,12.3,40,1,1970,24
sweep-29,64,0,0,0,0.6000416360002419,1327,10.944,0.6074999999999999,0.35288367546432065,12.3,40,1,1970,26
sweep-29,64,0,0,0,0.6400549520003551,1339,21.888,0.6525,0.28347996089931576,12.3,40,1,1970,28
sweep-29,64,0,0,0,0.677058888000829,1345,13.680000000000001,0.621,0.34701857282502446,12.1,40,1,1970,29
sweep-29,64,0,0,0,0.7140622879996954,1364,46.512,0.2835,0.12218963831867058,12.1,40,1,1970,29
sweep-29,64,0,0,0,0.7500805310010037,1371,13.680000000000001,0.32399999999999995,0.22189638318670576,12.1,40,1,1970,29
sweep-29,64,0,0,0,0.7870819870004198,1386,38.304,0.19349999999999998,0.0772238514173998,12.1,40,1,1970,29
sweep-29,64,0,0,0,0.8230768600005831,1385,-5.472,0.6749999999999999,0.3391984359726295,12.1,40,1,1970,29
sweep-29,64,0,0,0,0.8590953430011723,1387,5.472,0.6974999999999999,0.4115347018572825,12.1,40,1,1970,29
sweep-29,64,0,0,0,0.8970904369998607,1402,32.832,0.6389999999999999,0.2756598240469208,12.3,40,1,1970,29
sweep-29,64,0,0,0,0.9330924019996019,1414,27.360000000000003,0.4815,0.2561094819159335,12.3,40,1,1970,29
sweep-29,64,0,0,0,0.9701137840002048,1429,35.568000000000005,0.26549999999999996,0.14565004887585534,12.3,40,1,1970,29
sweep-29,64,0,0,0,1.0061158780008554,1438,16.416,0.20249999999999999,0.18475073313782991,12.3,40,1,1970,29
sweep-29,64,0,0,0,1.0431061489998683,1449,21.888,0.3465,0.14271749755620725,12.3,40,1,1970,29
sweep-29,64,0,0,0,1.0791226140008803,1447,0.0,0.711,0.3597262952101662,12.3,40,1,1970,29
sweep-29,64,0,0,0,1.1151311350004107,1455,21.888,0.6795,0.3304007820136852,12.3,40,1,1970,29
sweep-29,64,0,0,0,1.1531260250012565,1466,21.888,0.6389999999999999,0.3147605083088954,12.3,40,1,1970,29
sweep-29,64,0,0,0,1.1891602859996055,1480,35.568000000000005,0.306,0.20821114369501467,12.3,40,1,1970,29
sweep-29,64,0,0,0,1.2261587049997615,1494,27.360000000000003,0.27899999999999997,0.1466275659824047,12.3,40,1,1970,29
sweep-29,64,0,0,0,1.2621602630006237,1502,19.152,0.2115,0.1798631476050831,12.3,40,1,1970,29
sweep-29,64,0,0,0,1.2981628569996246,1510,13.680000000000001,0.43199999999999994,0.20625610948191594,12.3,40,1,1970,29
sweep-29,64,0,0,0,1.3361652660005348,1508,0.0,0.621,0.4066471163245357,12.3,40,1,1970,29
sweep-29,64,0,0,0,1.3721783790006157,1522,27.360000000000003,0.594,0.27174975562072334,12.3,40,1,1970,29
sweep-29,64,0,0,0,1.4091736130012578,1530,16.416,0.49499999999999994,0.3098729227761486,12.3,40,1,1970,29
sweep-29,64,0,0,0,1.4471899100008159,1550,41.040000000000006,0.243,0.11827956989247312,12.3,40,1,1970,29
sweep-29,64,0,0,0,1.4831874310002604,1557,10.944,0.2925,0.21212121212121213,12.3,40,1,1970,29
sweep-29,64,0,0,0,1.5231963389996963,1570,30.096000000000004,0.22949999999999998,0.12512218963831867,12.3,40,1,1970,29
sweep-29,64,0,0,0,1.5632192470002337,1570,-5.472,0.729,0.3548387096774194,12.3,40,1,1970,29
sweep-29,64,0,0,0,1.6001989619999222,1573,8.208,0.7154999999999999,0.42130987292277616,12.3,40,1,1970,29
sweep-29,64,0,0,0,1.6362325749996671,1588,30.096000000000004,0.576,0.28152492668621704,12.3,40,1,1970,29
sweep-29,64,0,0,0,1.6732233820002875,1600,30.096000000000004,0.3645,0.23460410557184752,12.3,40,1,1970,29
sweep-29,64,0,0,0,1.7112149210006464,1616,30.096000000000004,0.22499999999999998,0.12512218963831867,12.0,40,1,1970,29
sweep-29,64,0,0,0,1.7472211269996478,1624,19.152,0.20249999999999999,0.1798631476050831,12.0,40,1,1970,29
sweep-29,64,0,0,0,1.7872231090004789,1633,13.680000000000001,0.45899999999999996,0.20625610948191594,12.0,40,1,1970,29
sweep-29,64,0,0,0,1.824225471000318,1632,0.0,0.594,0.39100684261974583,12.3,40,1,1970,29
sweep-29,64,0,0,0,1.8602356030005467,1645,30.096000000000004,0.5265,0.26588465298142716,12.3,40,1,1970,29
sweep-29,64,0,0,0,1.896270290000757,1653,16.416,0.5085,0.29423264907135877,12.3,40,1,1970,29
sweep-29,64,0,0,0,1.9322597740010679,1671,41.040000000000006,0.2115,0.13391984359726294,12.3,40,1,1970,29
sweep-29,64,0,0,0,1.969652503999896,1679,13.680000000000001,0.297,0.20625610948191594,12.3,40,1,1970,29
sweep-29,64,0,0,0,2.0082439440011512,1690,24.624000000000002,0.22499999999999998,0.15249266862170088,12.3,40,1,1970,29
sweep-29,64,0,0,0,2.0452731029999995,1694,0.0,0.6164999999999999,0.29716520039100686,12.3,40,1,1970,29
sweep-29,64,0,0,0,2.0935261530012212,1703,27.360000000000003,0.5085,0.2873900293255132,12.4,40,1,1970,29
sweep-29,64,0,0,0,2.1453783720007777,1718,21.888,0.43649999999999994,0.2678396871945259,12.4,40,1,1970,29
sweep-29,64,0,0,0,2.1883519729999534,1738,30.096000000000004,0.22049999999999997,0.12512218963831867,12.0,40,1,1970,29
sweep-29,64,0,0,0,2.2299995869998384,1744,10.944,0.2385,0.22776148582600195,12.0,40,1,1970,29
sweep-29,64,0,0,0,2.2693885560001945,1756,24.624000000000002,0.3735,0.15249266862170088,12.0,40,1,1970,29
sweep-29,64,0,0,0,2.3072976140010724,1754,-5.472,0.6389999999999999,0.40175953079178883,12.3,40,1,1970,29
sweep-29,64,0,0,0,2.359291202001259,1772,27.360000000000003,0.45449999999999996,0.2561094819159335,12.3,40,1,1970,29
sweep-29,64,0,0,0,2.3973227400001633,1785,27.360000000000003,0.315,0.1935483870967742,12.3,40,1,1970,29
sweep-29,64,0,0,0,2.4343110290010372,1799,30.096000000000004,0.26549999999999996,0.12512218963831867,12.1,40,1,1970,29
sweep-29,64,0,0,0,2.470330105001267,1797,-5.472,0.6074999999999999,0.3548387096774194,12.1,40,1,1970,29
sweep-29,64,0,0,0,2.5063518660008413,1807,24.624000000000002,0.5175,0.2776148582600195,12.1,40,1,1970,29
sweep-29,64,0,0,0,2.542357313001048,1816,16.416,0.5399999999999999,0.29423264907135877,12.0,40,1,1970,29
sweep-29,64,0,0,0,2.581380805000663,1829,27.360000000000003,0.38249999999999995,0.22482893450635386,12.0,40,1,1970,29
sweep-29,64,0,0,0,2.6183595750007953,1843,27.360000000000003,0.17099999999999999,0.1466275659824047,12.0,40,1,1970,29
sweep-29,64,0,0,0,2.654363577001277,1856,27.360000000000003,0.16199999999999998,0.08406647116324535,12.3,40,1,1970,29
sweep-29,64,0,0,0,2.6933439770000405,1856,0.0,0.6164999999999999,0.29716520039100686,12.3,40,1,1970,29
sweep-29,64,0,0,0,2.7293555160013057,1860,10.944,0.7154999999999999,0.35288367546432065,12.3,40,1,1970,29
sweep-29,64,0,0,0,2.7663725270012947,1871,24.624000000000002,0.72,0.2932551319648094,12.3,40,1,1970,29
sweep-29,64,0,0,0,2.8023681770009716,1879,19.152,0.49049999999999994,0.3206256109481916,12.3,40,1,1970,29
sweep-29,64,0,0,0,2.8413989460004814,1899,41.040000000000006,0.20249999999999999,0.11827956989247312,12.3,40,1,1970,27
sweep-29,64,0,0,0,2.879387818000396,1907,13.680000000000001,0.21599999999999997,0.17497556207233628,12.3,40,1,1970,26
sweep-29,64,0,0,0,2.9163996070001303,1917,21.888,0.243,0.1270772238514174,12.3,40,1,1970,24
sweep-29,64,0,0,0,2.959388449000471,1918,-5.472,0.6569999999999999,0.30791788856304986,12.3,40,1,1970,22
sweep-29,64,0,0,0,2.9994002080002247,1922,13.680000000000001,0.5309999999999999,0.31573802541544477,12.3,40,1,1970,20
sweep-29,64,0,0,0,3.039394968000124,1933,21.888,0.44099999999999995,0.2209188660801564,12.3,40,1,1970,18
sweep-29,64,0,0,0,3.0764289230010036,1941,19.152,0.24749999999999997,0.19550342130987292,12.3,40,1,1970,16
sweep-29,64,0,0,0,3.11341486099991,1953,27.360000000000003,0.05399999999999999,0.05278592375366569,12.3,40,1,1970,14
sweep-29,64,0,0,0,3.1534038059999148,1957,0.0,0.13049999999999998,0.12512218963831867,12.3,40,1,1970,12
sweep-29,64,0,0,0,3.192431593000947,1957,0.0,0.19349999999999998,0.17204301075268819,12.3,40,1,1058,3
sweep-29,64,0,0,0,3.228438799000287,1954,-8.208,0.33299999999999996,0.2512218963831867,12.3,40,1,1058,5
sweep-29,64,0,0,0,3.267450532001021,1953,0.0,0.297,0.23460410557184752,12.3,40,1,1058,7
sweep-29,64,0,0,0,3.3124614830012433,1954,0.0,0.18899999999999997,0.17204301075268819,12.3,40,1,1058,9
sweep-29,64,0,0,0,3.348457967000286,1955,0.0,0.049499999999999995,0.10948191593352884,12.3,40,1,1058,11
sweep-29,64,0,0,0,3.387463476999983,1955,0.0,0.0,0.0469208211143695,12.3,40,1,1058,13
sweep-29,64,0,0,0,3.427455737000855,1954,0.0,0.0,0.0,12.3,40,1,1058,15
sweep-29,64,0,0,0,3.467484107999553,1954,0.0,-0.072,0.093841642228739,12.3,40,1,1058,17
sweep-29,64,0,0,0,3.5074851640001725,1955,0.0,-0.2925,0.20332355816226785,12.3,40,1,1058,19
sweep-29,64,0,0,0,3.547485737999523,1955,0.0,-0.594,0.29716520039100686,12.3,40,1,1058,21
sweep-29,64,0,0,0,3.5874927200002276,1955,0.0,-0.72,0.4066471163245357,12.3,40,1,1058,23
sweep-29,64,0,0,0,3.628495933000522,1944,-27.360000000000003,-0.5625,0.31867057673509286,12.3,40,1,1058,25
sweep-29,64,0,0,0,3.668531785000596,1929,-30.096000000000004,-0.3465,0.21896383186705767,12.3,40,1,1058,27
sweep-29,64,0,0,0,3.7085147489997325,1912,-32.832,-0.17099999999999999,0.08797653958944282,12.3,40,1,1058,29
sweep-29,64,0,0,0,3.748547803999827,1907,-10.944,-0.26999999999999996,0.21212121212121213,12.3,40,1,1058,29
sweep-29,64,0,0,0,3.7865427500000806,1897,-21.888,-0.3105,0.1739980449657869,12.3,40,1,1058,29
sweep-29,64,0,0,0,3.8225597520013253,1891,-13.680000000000001,-0.423,0.2375366568914956,12.3,40,1,1058,29
sweep-29,64,0,0,0,3.8585543839999445,1881,-24.624000000000002,-0.33749999999999997,0.19941348973607037,12.3,40,1,1058,29
sweep-29,64,0,0,0,3.8965405710005143,1871,-19.152,-0.288,0.19550342130987292,12.3,40,1,1058,29
sweep-29,64,0,0,0,3.932562369000152,1858,-27.360000000000003,-0.18,0.13098729227761485,12.3,40,1,1058,29
sweep-29,64,0,0,0,3.96957784299957,1850,-13.680000000000001,-0.31949999999999995,0.17497556207233628,12.3,40,1,1058,29
sweep-29,64,0,0,0,4.00558525300039,1846,-10.944,-0.44549999999999995,0.2590420332355816,12.3,40,1,1058,29
sweep-29,64,0,0,0,4.042574098000841,1836,-21.888,-0.4815,0.2209188660801564,12.1,40,1,1058,29
sweep-29,64,0,0,0,4.07857382200018,1830,-16.416,-0.423,0.2785923753665689,12.1,40,1,1058,29
sweep-29,64,0,0,0,4.114577917000133,1816,-30.096000000000004,-0.26549999999999996,0.17204301075268819,12.1,40,1,1058,29
sweep-29,64,0,0,0,4.152569973999562,1803,-27.360000000000003,-0.16199999999999998,0.11534701857282502,12.1,40,1,1058,29
sweep-29,64,0,0,0,4.18862856800115,1794,-16.416,-0.19349999999999998,0.15347018572825025,12.1,40,1,1058,29
sweep-29,64,0,0,0,4.2256120609999925,1792,0.0,-0.351,0.28152492668621704,12.1,40,1,1058,29
sweep-29,64,0,0,0,4.261613693000982,1781,-21.888,-0.369,0.2209188660801564,12.1,40,1,1058,29
sweep-29,64,0,0,0,4.297613769000236,1776,-10.944,-0.5579999999999999,0.30596285434995113,12.1,40,1,1058,29
sweep-29,64,0,0,0,4.333609438001076,1764,-27.360000000000003,-0.31949999999999995,0.22482893450635386,12.1,40,1,1058,29
sweep-29,64,0,0,0,4.370628134000071,1750,-30.096000000000004,-0.243,0.14076246334310852,12.1,40,1,1058,29
sweep-29,64,0,0,0,4.408621414000663,1740,-21.888,-0.16649999999999998,0.14271749755620725,12.3,40,1,1058,29
sweep-29,64,0,0,0,4.444625231000828,1730,-21.888,-0.243,0.1270772238514174,12.3,40,1,1058,29
sweep-29,64,0,0,0,4.481637353001133,1728,-5.472,-0.40049999999999997,0.270772238514174,12.3,40,1,1058,29
sweep-29,64,0,0,0,4.517646113999945,1718,-21.888,-0.44549999999999995,0.23655913978494625,12.3,40,1,1058,29
sweep-29,64,0,0,0,4.553657987000406,1711,-13.680000000000001,-0.5309999999999999,0.2844574780058651,12.3,40,1,1058,29
sweep-29,64,0,0,0,4.58972300700043,1698,-30.096000000000004,-0.297,0.20332355816226785,12.3,40,1,1058,29
sweep-29,64,0,0,0,4.626731185000608,1685,-27.360000000000003,-0.17099999999999999,0.13098729227761485,12.2,40,1,1058,29
sweep-29,64,0,0,0,4.663738176999686,1673,-27.360000000000003,-0.11699999999999999,0.09970674486803519,12.2,40,1,1058,29
sweep-29,64,0,0,0,4.700717224999607,1668,-8.208,-0.351,0.20234604105571846,12.2,40,1,1058,29
sweep-29,64,0,0,0,4.73771886600116,1661,-16.416,-0.40499999999999997,0.2316715542521994,12.3,40,1,1058,29
sweep-29,64,0,0,0,4.773730294000416,1654,-13.680000000000001,-0.5175,0.26881720430107525,12.3,40,1,1058,29
sweep-29,64,0,0,0,4.809736130000601,1646,-19.152,-0.46349999999999997,0.27370478983382207,12.3,40,1,1058,29
sweep-29,64,0,0,0,4.845727891000934,1631,-32.832,-0.3015,0.15053763440860216,12.3,40,1,1058,29
sweep-29,64,0,0,0,4.882718365999608,1620,-27.360000000000003,-0.19349999999999998,0.13098729227761485,12.3,40,1,1058,29
sweep-29,64,0,0,0,4.919746599000064,1609,-21.888,-0.22949999999999998,0.11143695014662756,12.3,40,1,1058,29
sweep-29,64,0,0,0,4.956934071000433,1610,0.0,-0.45899999999999996,0.3284457478005865,12.3,40,1,1058,29
sweep-29,64,0,0,0,4.993759065000631,1599,-27.360000000000003,-0.38249999999999995,0.2404692082111437,12.3,40,1,1058,29
sweep-29,64,0,0,0,5.0297479380005825,1592,-10.944,-0.567,0.30596285434995113,12.3,40,1,1058,29
sweep-29,64,0,0,0,5.0657603470008326,1582,-24.624000000000002,-0.39149999999999996,0.2619745845552297,12.3,40,1,1058,29
sweep-29,64,0,0,0,5.101751387001059,1566,-32.832,-0.207,0.1348973607038123,12.3,40,1,1058,29
sweep-29,64,0,0,0,5.138728676000028,1556,-21.888,-0.16199999999999998,0.14271749755620725,12.3,40,1,1058,29
sweep-29,64,0,0,0,5.176745233000474,1546,-19.152,-0.207,0.13294232649071358,12.3,40,1,1058,29
sweep-29,64,0,0,0,5.21276356800081,1543,-5.472,-0.3645,0.270772238514174,12.3,40,1,1058,29
sweep-29,64,0,0,0,5.249773098001242,1533,-24.624000000000002,-0.423,0.21505376344086022,12.3,40,1,1058,29
sweep-29,64,0,0,0,5.28577817400037,1528,-10.944,-0.576,0.32160312805474095,12.3,40,1,1058,29
sweep-29,64,0,0,0,5.321792306000134,1515,-30.096000000000004,-0.351,0.20332355816226785,12.3,40,1,1058,29
sweep-29,64,0,0,0,5.35778917800053,1502,-27.360000000000003,-0.18899999999999997,0.16226783968719452,12.3,40,1,1058,29
sweep-29,64,0,0,0,5.397227277000638,1487,-30.096000000000004,-0.13049999999999998,0.07820136852394917,12.3,40,1,1058,29
sweep-29,64,0,0,0,5.435782866001318,1486,0.0,-0.34199999999999997,0.26588465298142716,12.3,40,1,1058,29
sweep-29,64,0,0,0,5.473784034000346,1476,-24.624000000000002,-0.33749999999999997,0.19941348973607037,12.3,40,1,1058,29
sweep-29,64,0,0,0,5.509794851001061,1470,-10.944,-0.5804999999999999,0.27468230694037143,12.3,40,1,1058,29
sweep-29,64,0,0,0,5.546807213000648,1463,-19.152,-0.45449999999999996,0.28934506353861195,12.0,40,1,1058,29
sweep-29,64,0,0,0,5.582826234000095,1448,-32.832,-0.297,0.16617790811339198,12.0,40,1,1058,29
sweep-29,64,0,0,0,5.6218219849997695,1434,-27.360000000000003,-0.17099999999999999,0.11534701857282502,12.0,40,1,1058,29
sweep-29,64,0,0,0,5.661827152000114,1423,-16.416,-0.24749999999999997,0.12218963831867058,12.1,40,1,1058,29
sweep-29,64,0,0,0,5.701836244999868,1419,-8.208,-0.26099999999999995,0.23362658846529813,12.1,40,1,1058,29
sweep-29,64,0,0,0,5.740853328999947,1410,-19.152,-0.43649999999999994,0.22678396871945258,12.1,40,1,1058,29
sweep-29,64,0,0,0,5.778841331000876,1406,-5.472,-0.6345,0.3489736070381232,12.3,40,1,1058,29
sweep-29,64,0,0,0,5.8158529339998495,1392,-32.832,-0.351,0.2130987292277615,12.3,40,1,1058,29
sweep-29,64,0,0,0,5.852864927001065,1379,-27.360000000000003,-0.2835,0.17790811339198437,12.3,40,1,1058,29
sweep-29,64,0,0,0,5.889866364001136,1365,-35.568000000000005,-0.11699999999999999,0.08797653958944282,12.3,40,1,1058,29
sweep-29,64,0,0,0,5.9258746249997785,1359,-10.944,-0.2835,0.18084066471163246,12.1,40,1,1058,29
sweep-29,64,0,0,0,5.961878146001254,1354,-13.680000000000001,-0.33299999999999996,0.2375366568914956,12.1,40,1,1058,29
sweep-29,64,0,0,0,5.997878870000932,1345,-16.416,-0.5175,0.2316715542521994,12.1,40,1,1058,29
sweep-29,64,0,0,0,6.034930122001242,1342,-8.208,-0.6255,0.34310850439882695,12.1,40,1,1058,29
sweep-29,64,0,0,0,6.071882893000293,1327,-35.568000000000005,-0.315,0.19257086999022482,12.1,40,1,1058,29
sweep-29,64,0,0,0,6.10890286600079,1315,-24.624000000000002,-0.243,0.1681329423264907,12.1,40,1,1058,29
sweep-29,64,0,0,0,6.144904108999981,1301,-32.832,-0.144,0.07233626588465299,12.3,40,1,1058,29
sweep-29,64,0,0,0,6.180917888999829,1298,-5.472,-0.33299999999999996,0.2238514173998045,12.3,40,1,1058,29
sweep-29,64,0,0,0,6.218966001000808,1289,-19.152,-0.315,0.21114369501466276,12.3,40,1,1058,29
sweep-29,64,0,0,0,6.2589322610001545,1283,-8.208,-0.702,0.2961876832844575,12.3,40,1,1058,29
sweep-29,64,0,0,0,6.298942946999887,1276,-19.152,-0.49499999999999994,0.3206256109481916,12.3,40,1,1058,29
sweep-29,64,0,0,0,6.338931928999955,1260,-27.360000000000003,-0.369,0.20918866080156404,12.3,40,1,1058,29
sweep-29,64,0,0,0,6.3769366899996385,1247,-30.096000000000004,-0.18899999999999997,0.14076246334310852,12.3,40,1,1058,29
sweep-29,64,0,0,0,6.414943543000845,1236,-19.152,-0.243,0.14858260019550343,12.3,40,1,1058,29
sweep-29,64,0,0,0,6.4519348129997525,1230,-16.416,-0.26999999999999996,0.20039100684261973,12.3,40,1,1058,29
sweep-29,64,0,0,0,6.48795018599958,1221,-19.152,-0.315,0.19550342130987292,12.3,40,1,1058,29
sweep-29,64,0,0,0,6.525963445999878,1218,-5.472,-0.5219999999999999,0.3176930596285435,12.3,40,1,1058,29
sweep-29,64,0,0,0,6.562963680000394,1204,-30.096000000000004,-0.3735,0.20332355816226785,12.3,40,1,1058,29
sweep-29,64,0,0,0,6.602964142999554,1195,-19.152,-0.306,0.22678396871945258,12.5,40,1,1058,29
sweep-29,64,0,0,0,6.641965635000815,1179,-32.832,-0.1845,0.10361681329423265,12.5,40,1,1058,29
sweep-29,64,0,0,0,6.682021837999855,1173,-8.208,-0.26549999999999996,0.2179863147605083,12.5,40,1,1058,29
sweep-29,64,0,0,0,6.723988042000201,1161,-27.360000000000003,-0.22949999999999998,0.16226783968719452,12.3,40,1,1058,29
sweep-29,64,0,0,0,6.76099888600038,1156,-8.208,-0.414,0.2649071358748778,12.3,40,1,1058,29
sweep-29,64,0,0,0,6.7969855920000555,1145,-24.624000000000002,-0.297,0.19941348973607037,12.3,40,1,1058,29
sweep-29,64,0,0,0,6.832991724000749,1137,-16.416,-0.315,0.21603128054740958,12.3,40,1,1058,27
sweep-29,64,0,0,0,6.8720197530001315,1124,-27.360000000000003,-0.19349999999999998,0.13098729227761485,12.3,40,1,1058,25
sweep-29,64,0,0,0,6.91201369800001,1115,-13.680000000000001,-0.243,0.15933528836754643,12.3,40,1,1058,23
sweep-29,64,0,0,0,6.948026144000323,1110,-10.944,-0.252,0.19648093841642228,12.3,40,1,1058,21
sweep-29,64,0,0,0,6.988033515001007,1102,-16.416,-0.33749999999999997,0.16911045943304007,12.3,40,1,1058,19
sweep-29,64,0,0,0,7.027029766000851,1100,-5.472,-0.44099999999999995,0.270772238514174,12.3,40,1,1058,17
sweep-29,64,0,0,0,7.067040765999991,1091,-19.152,-0.27449999999999997,0.19550342130987292,12.3,40,1,1058,15
sweep-29,64,0,0,0,7.10703723000006,1084,-13.680000000000001,-0.207,0.17497556207233628,12.3,40,1,1058,13
sweep-29,64,0,0,0,7.148051406000377,1077,-13.680000000000001,-0.13049999999999998,0.12805474095796676,12.3,40,1,1058,11
sweep-29,64,0,0,0,7.188069165000343,1076,0.0,-0.26099999999999995,0.187683284457478,12.3,40,1,1970,2
sweep-29,64,0,0,0,7.228062592001152,1076,0.0,-0.37799999999999995,0.23460410557184752,12.3,40,1,1970,4
sweep-29,64,0,0,0,7.268065813999783,1080,8.208,-0.46799999999999997,0.31378299120234604,12.3,40,1,1970,6
sweep-29,64,0,0,0,7.3080811300005735,1079,0.0,-0.34199999999999997,0.25024437927663734,12.0,40,1,1970,8
sweep-29,64,0,0,0,7.348089074001109,1077,-5.472,-0.19349999999999998,0.16129032258064516,12.0,40,1,1970,10
sweep-29,64,0,0,0,7.388080038001135,1075,-5.472,-0.0315,0.08308895405669599,12.0,40,1,1970,12
sweep-29,64,0,0,0,7.425084771000911,1075,0.0,0.0,0.03128054740957967,12.0,40,1,1970,13
sweep-29,64,0,0,0,7.464097207001032,1076,0.0,0.0045,0.015640273704789834,12.0,40,1,1970,15
sweep-29,64,0,0,0,7.501140329000918,1078,5.472,0.058499999999999996,0.06744868035190615,12.0,40,1,1970,17
sweep-29,64,0,0,0,7.540124395000021,1078,0.0,0.243,0.17204301075268819,12.3,40,1,1970,19
sweep-29,64,0,0,0,7.580115488000956,1078,0.0,0.49049999999999994,0.26588465298142716,12.3,40,1,1970,21
sweep-29,64,0,0,0,7.620118470000307,1083,13.680000000000001,0.44999999999999996,0.2844574780058651,12.3,40,1,1970,23
sweep-29,64,0,0,0,7.657125907000591,1093,21.888,0.4275,0.2209188660801564,12.3,40,1,1970,25
sweep-29,64,0,0,0,7.696133565001219,1102,19.152,0.2115,0.22678396871945258,12.3,40,1,1970,27
sweep-29,64,0,0,0,7.7321166599995195,1119,35.568000000000005,0.18899999999999997,0.06744868035190615,12.3,40,1,1970,29
sweep-29,64,0,0,0,7.7751348720012174,1118,0.0,0.40049999999999997,0.3128054740957967,12.3,40,1,1970,29
sweep-29,64,0,0,0,7.812175234999813,1131,30.096000000000004,0.34199999999999997,0.187683284457478,12.3,40,1,1970,29
sweep-29,64,0,0,0,7.849171338000815,1138,13.680000000000001,0.5445,0.25317693059628543,12.3,40,1,1970,29
sweep-29,64,0,0,0,7.8851401370011445,1146,21.888,0.34199999999999997,0.25219941348973607,12.3,40,1,1970,29
sweep-29,64,0,0,0,7.923162916000365,1163,32.832,0.17099999999999999,0.11925708699902249,12.3,40,1,1970,29
sweep-29,64,0,0,0,7.963176713001303,1172,16.416,0.18,0.16911045943304007,12.3,40,1,1970,29
sweep-29,64,0,0,0,8.003160362000926,1182,16.416,0.39149999999999996,0.16911045943304007,12.3,40,1,1970,29
sweep-29,64,0,0,0,8.041167993000272,1183,5.472,0.44999999999999996,0.3176930596285435,12.3,40,1,1970,29
sweep-29,64,0,0,0,8.079176864001056,1196,24.624000000000002,0.46349999999999997,0.21505376344086022,12.3,40,1,1970,29
sweep-29,64,0,0,0,8.1162078010002,1203,13.680000000000001,0.4275,0.2844574780058651,12.3,40,1,1970,29
sweep-29,64,0,0,0,8.15220154400049,1219,38.304,0.17099999999999999,0.10850439882697947,12.3,40,1,1970,29
sweep-29,64,0,0,0,8.190194786000575,1228,13.680000000000001,0.26099999999999995,0.17497556207233628,12.3,40,1,1970,29
sweep-29,64,0,0,0,8.227208944999802,1239,27.360000000000003,0.18899999999999997,0.13098729227761485,12.3,40,1,1970,29
sweep-29,64,0,0,0,8.266201899999942,1243,0.0,0.49049999999999994,0.26588465298142716,12.3,40,1,1970,29
sweep-29,64,0,0,0,8.306227752000268,1255,27.360000000000003,0.3015,0.17790811339198437,12.3,40,1,1970,29
sweep-29,64,0,0,0,8.346214881999913,1263,13.680000000000001,0.369,0.2375366568914956,12.3,40,1,1970,29
sweep-29,64,0,0,0,8.384218438999596,1277,32.832,0.1755,0.11925708699902249,12.3,40,1,1970,29
sweep-29,64,0,0,0,8.420219052999528,1284,10.944,0.4275,0.21212121212121213,12.3,40,1,1970,29
sweep-29,64,0,0,0,8.456235814001047,1286,8.208,0.3735,0.3118279569892473,12.3,40,1,1970,29
sweep-29,64,0,0,0,8.494234556001174,1301,30.096000000000004,0.31949999999999995,0.187683284457478,12.3,40,1,1970,29
sweep-29,64,0,0,0,8.530238559000281,1307,10.944,0.4815,0.27468230694037143,12.3,40,1,1970,29
sweep-29,64,0,0,0,8.56724466200103,1321,35.568000000000005,0.24749999999999997,0.14565004887585534,12.3,40,1,1970,29
sweep-29,64,0,0,0,8.6062438200006,1333,21.888,0.1485,0.14271749755620725,12.3,40,1,1970,29
sweep-29,64,0,0,0,8.642283508001128,1343,21.888,0.207,0.1270772238514174,12.3,40,1,1970,29
sweep-29,64,0,0,0,8.679271334000077,1346,8.208,0.33749999999999997,0.24926686217008798,12.3,40,1,1970,29
sweep-29,64,0,0,0,8.717293519999657,1356,21.888,0.3465,0.20527859237536658,12.3,40,1,1970,29
sweep-29,64,0,0,0,8.754292716001146,1363,13.680000000000001,0.477,0.25317693059628543,12.3,40,1,1970,29
sweep-29,64,0,0,0,8.790313589001016,1375,30.096000000000004,0.252,0.17204301075268819,12.3,40,1,1970,29
sweep-29,64,0,0,0,8.829323636000481,1388,24.624000000000002,0.23399999999999999,0.13685239491691104,12.3,40,1,1970,29
sweep-29,64,0,0,0,8.86532941600126,1395,16.416,0.2115,0.18475073313782991,12.3,40,1,1970,29
sweep-29,64,0,0,0,8.904316111000298,1408,21.888,0.24749999999999997,0.14271749755620725,12.3,40,1,1970,29
sweep-29,64,0,0,0,8.944314166999902,1414,10.944,0.315,0.22776148582600195,12.3,40,1,1970,29
sweep-29,64,0,0,0,8.984320778999972,1426,21.888,0.2925,0.1739980449657869,12.3,40,1,1970,29
sweep-29,64,0,0,0,9.022319910000078,1435,21.888,0.2385,0.1739980449657869,12.3,40,1,1970,29
sweep-29,64,0,0,0,9.058323523000581,1447,24.624000000000002,0.2835,0.12121212121212122,12.1,40,1,1970,29
sweep-29,64,0,0,0,9.094316488999539,1448,0.0,0.423,0.29716520039100686,12.1,40,1,1970,29
sweep-29,64,0,0,0,9.132324971000344,1461,32.832,0.297,0.16617790811339198,12.1,40,1,1970,29
sweep-29,64,0,0,0,9.168357898999602,1468,13.680000000000001,0.43199999999999994,0.25317693059628543,12.1,40,1,1970,29
sweep-29,64,0,0,0,9.205353392000688,1479,27.360000000000003,0.252,0.1935483870967742,12.1,40,1,1970,29
sweep-29,64,0,0,0,9.241353339000852,1493,30.096000000000004,0.20249999999999999,0.10948191593352884,12.1,40,1,1970,29
sweep-29,64,0,0,0,9.278348424000797,1500,16.416,0.18,0.16911045943304007,12.3,40,1,1970,29
sweep-29,64,0,0,0,9.314361056000052,1509,16.416,0.32399999999999995,0.16911045943304007,12.3,40,1,1970,29
sweep-29,64,0,0,0,9.350366075999773,1508,0.0,0.45899999999999996,0.3597262952101662,12.3,40,1,1970,29
sweep-29,64,0,0,0,9.388385948001087,1522,30.096000000000004,0.44999999999999996,0.21896383186705767,12.3,40,1,1970,29
sweep-29,64,0,0,0,9.424394265000956,1530,16.416,0.43199999999999994,0.26295210166177907,12.0,40,1,1970,29
sweep-29,64,0,0,0,9.461384887001259,1546,38.304,0.17099999999999999,0.1300097751710655,12.0,40,1,1970,29
sweep-29,64,0,0,0,9.497395464000874,1556,16.416,0.22949999999999998,0.16911045943304007,12.0,40,1,1970,29
sweep-29,64,0,0,0,9.537086337000801,1566,24.624000000000002,0.207,0.13685239491691104,12.1,40,1,1970,29
sweep-29,64,0,0,0,9.575423780001074,1574,13.680000000000001,0.31949999999999995,0.1906158357771261,12.1,40,1,1970,29
sweep-29,64,0,0,0,9.615425095000319,1582,21.888,0.33749999999999997,0.20527859237536658,12.1,40,1,1970,29
sweep-29,64,0,0,0,9.652413255000283,1591,16.416,0.38699999999999996,0.21603128054740958,12.3,40,1,1970,29
sweep-29,64,0,0,0,9.70641626700126,1609,30.096000000000004,0.19349999999999998,0.10948191593352884,12.3,40,1,1970,29
sweep-29,64,0,0,0,9.743437574001291,1612,0.0,0.5219999999999999,0.28152492668621704,12.3,40,1,1970,29
sweep-29,64,0,0,0,9.779441169001075,1618,16.416,0.40499999999999997,0.29423264907135877,12.3,40,1,1970,29
sweep-29,64,0,0,0,9.817446836999807,1631,21.888,0.44549999999999995,0.2209188660801564,12.3,40,1,1970,29
sweep-29,64,0,0,0,9.853435969000202,1639,19.152,0.36,0.24242424242424243,12.3,40,1,1970,29
sweep-29,64,0,0,0,9.890466312999706,1654,32.832,0.20249999999999999,0.11925708699902249,12.1,40,1,1970,29
sweep-29,64,0,0,0,9.92646901900116,1665,19.152,0.19799999999999998,0.13294232649071358,12.1,40,1,1970,29
sweep-29,64,0,0,0,9.965476528999716,1674,16.416,0.243,0.15347018572825025,12.1,40,1,1970,29
sweep-29,64,0,0,0,10.00447833600083,1678,8.208,0.39149999999999996,0.2649071358748778,12.3,40,1,1970,29
sweep-29,64,0,0,0,10.042471836999539,1688,21.888,0.4275,0.2209188660801564,12.3,40,1,1970,29
sweep-29,64,0,0,0,10.078478191000613,1695,16.416,0.44549999999999995,0.26295210166177907,12.3,40,1,1970,29
sweep-29,64,0,0,0,10.115499665000243,1710,35.568000000000005,0.2385,0.1300097751710655,12.3,40,1,1970,29
sweep-29,64,0,0,0,10.15347890799967,1721,21.888,0.1845,0.14271749755620725,12.3,40,1,1970,29
sweep-29,64,0,0,0,10.189499502001127,1734,27.360000000000003,0.1575,0.08406647116324535,12.3,40,1,1970,29
sweep-29,64,0,0,0,10.229507965999801,1734,0.0,0.5399999999999999,0.29716520039100686,12.3,40,1,1970,29
sweep-29,64,0,0,0,10.269510113999786,1741,19.152,0.49499999999999994,0.30498533724340177,12.3,40,1,1970,29
sweep-29,64,0,0,0,10.309503874001166,1753,19.152,0.5535,0.27370478983382207,12.3,40,1,1970,29
sweep-29,64,0,0,0,10.346527458999844,1764,27.360000000000003,0.27449999999999997,0.22482893450635386,12.3,40,1,1970,29
sweep-29,64,0,0,0,10.38253027599967,1781,32.832,0.18899999999999997,0.08797653958944282,12.3,41,1,1970,29
sweep-29,64,0,0,0,10.419528713000545,1786,10.944,0.23399999999999999,0.19648093841642228,12.3,41,1,1970,29
sweep-29,64,0,0,0,10.457522900000185,1798,27.360000000000003,0.2115,0.11534701857282502,12.3,41,1,1970,29
sweep-29,64,0,0,0,10.493650438000259,1802,8.208,0.40499999999999997,0.24926686217008798,12.3,41,1,1970,29
sweep-29,64,0,0,0,10.530526376000125,1811,21.888,0.33299999999999996,0.20527859237536658,12.3,40,1,1970,29
sweep-29,64,0,0,0,10.568545359001291,1820,16.416,0.31949999999999995,0.2316715542521994,12.3,40,1,1970,29
sweep-29,64,0,0,0,10.60555272199963,1834,27.360000000000003,0.207,0.1466275659824047,12.3,40,1,1970,29
sweep-29,64,0,0,0,10.642551713999637,1843,19.152,0.2115,0.14858260019550343,12.3,40,1,1970,29
sweep-29,64,0,0,0,10.680551696999828,1853,21.888,0.22049999999999997,0.14271749755620725,12.3,40,1,1970,29
sweep-29,64,0,0,0,10.716567773000861,1859,10.944,0.33749999999999997,0.21212121212121213,12.3,40,1,1970,29
sweep-29,64,0,0,0,10.753578136000215,1866,16.416,0.32849999999999996,0.2316715542521994,12.3,40,1,1970,29
sweep-29,64,0,0,0,10.791580877999877,1877,19.152,0.34199999999999997,0.21114369501466276,12.3,40,1,1970,29
sweep-29,64,0,0,0,10.828371188001256,1887,24.624000000000002,0.22949999999999998,0.18377321603128055,12.3,40,1,1970,28
sweep-29,64,0,0,0,10.868655334001232,1900,24.624000000000002,0.19349999999999998,0.13685239491691104,12.3,40,1,1970,26
sweep-29,64,0,0,0,10.907614918000036,1908,16.416,0.1845,0.15347018572825025,12.3,40,1,1970,24
sweep-29,64,0,0,0,10.94760993700038,1917,16.416,0.22949999999999998,0.1378299120234604,12.3,40,1,1970,22
sweep-29,64,0,0,0,10.985596587001055,1918,0.0,0.43649999999999994,0.26588465298142716,12.3,40,1,1970,21
sweep-29,64,0,0,0,11.0246274860001,1923,13.680000000000001,0.44999999999999996,0.25317693059628543,12.3,40,1,1970,19
sweep-29,64,0,0,0,11.064635579001333,1933,19.152,0.32399999999999995,0.19550342130987292,12.3,40,1,1970,17
sweep-29,64,0,0,0,11.104633950000789,1939,13.680000000000001,0.2385,0.1906158357771261,12.3,40,1,1970,15
sweep-29,64,0,0,0,11.144613987000412,1950,24.624000000000002,0.06749999999999999,0.07429130009775171,12.0,40,1,1970,13
sweep-29,64,0,0,0,11.184645543000443,1956,10.944,0.0765,0.07135874877810362,12.0,40,1,1970,11
sweep-29,64,0,0,0,11.22763799600034,1956,0.0,0.16199999999999998,0.14076246334310852,12.0,40,1,1058,1
sweep-29,64,0,0,0,11.264650229000836,1955,0.0,0.2565,0.187683284457478,12.3,40,1,1058,3
sweep-29,64,0,0,0,11.304656618000081,1953,0.0,0.26099999999999995,0.21896383186705767,12.3,40,1,1058,5
sweep-29,64,0,0,0,11.342683564000254,1955,0.0,0.18899999999999997,0.15640273704789834,12.3,40,1,1058,7
sweep-29,64,0,0,0,11.378672714999993,1955,0.0,0.072,0.12512218963831867,12.3,40,1,1058,9
sweep-29,64,0,0,0,11.41466401300022,1955,0.0,0.013499999999999998,0.07820136852394917,12.3,40,1,1058,11
sweep-29,64,0,0,0,11.453671579000002,1955,0.0,0.0,0.015640273704789834,12.3,40,1,1058,13
sweep-29,64,0,0,0,11.493676486999902,1954,0.0,-0.0315,0.0469208211143695,12.3,40,1,1058,15
sweep-29,64,0,0,0,11.533693024000968,1954,0.0,-0.1575,0.12512218963831867,12.3,40,1,1058,17
sweep-29,64,0,0,0,11.57469023700105,1955,0.0,-0.414,0.23460410557184752,12.3,40,1,1058,19
sweep-29,64,0,0,0,11.614688274999935,1954,0.0,-0.6885,0.3284457478005865,12.1,40,1,1058,21
sweep-29,64,0,0,0,11.654685274999792,1948,-16.416,-0.5489999999999999,0.3255131964809384,12.1,40,1,1058,23
sweep-29,64,0,0,0,11.694704700999864,1936,-21.888,-0.39149999999999996,0.25219941348973607,12.1,40,1,1058,25
sweep-29,64,0,0,0,11.735713062000286,1920,-35.568000000000005,-0.144,0.09872922776148582,12.3,40,1,1058,27
sweep-29,64,0,0,0,11.775730952000231,1911,-13.680000000000001,-0.21599999999999997,0.15933528836754643,12.3,40,1,1058,29
sweep-29,64,0,0,0,11.815718748999643,1904,-16.416,-0.26999999999999996,0.20039100684261973,12.3,40,1,1058,29
sweep-29,64,0,0,0,11.852739722000479,1896,-16.416,-0.37799999999999995,0.21603128054740958,12.3,40,1,1058,29
sweep-29,64,0,0,0,11.888730725000642,1888,-19.152,-0.32849999999999996,0.22678396871945258,12.3,40,1,1058,29
sweep-29,64,0,0,0,11.924743356999898,1877,-24.624000000000002,-0.2925,0.18377321603128055,12.3,41,1,1058,29
sweep-29,64,0,0,0,11.960750229000041,1866,-27.360000000000003,-0.18,0.1466275659824047,12.3,41,1,1058,29
sweep-29,64,0,0,0,11.996758508999847,1855,-24.624000000000002,-0.153,0.12121212121212122,12.3,41,1,1058,29
sweep-29,64,0,0,0,12.033762835000744,1849,-10.944,-0.297,0.19648093841642228,12.3,41,1,1058,29
sweep-29,64,0,0,0,12.070756086999609,1842,-19.152,-0.315,0.21114369501466276,12.3,41,1,1058,29
sweep-29,64,0,0,0,12.106778182000198,1835,-13.680000000000001,-0.45449999999999996,0.25317693059628543,12.3,41,1,1058,29
sweep-29,64,0,0,0,12.142774294999981,1825,-27.360000000000003,-0.36,0.20918866080156404,12.3,41,1,1058,29
sweep-29,64,0,0,0,12.17878211199968,1813,-27.360000000000003,-0.22949999999999998,0.16226783968719452,12.3,41,1,1058,29
sweep-29,64,0,0,0,12.216767799000081,1800,-27.360000000000003,-0.126,0.09970674486803519,12.3,41,1,1058,29
sweep-29,64,0,0,0,12.252798449000693,1792,-13.680000000000001,-0.23399999999999999,0.15933528836754643,12.3,40,1,1058,29
sweep-29,64,0,0,0,12.289787701000023,1788,-10.944,-0.2925,0.22776148582600195,12.3,40,1,1058,29
sweep-29,64,0,0,0,12.325816610000402,1778,-19.152,-0.40049999999999997,0.21114369501466276,12.3,40,1,1058,29
sweep-29,64,0,0,0,12.361828815999615,1773,-13.680000000000001,-0.43649999999999994,0.26881720430107525,12.3,40,1,1058,29
sweep-29,64,0,0,0,12.39782148500126,1760,-30.096000000000004,-0.252,0.187683284457478,12.3,40,1,1058,29
sweep-29,64,0,0,0,12.434819255000548,1749,-21.888,-0.1845,0.1739980449657869,12.3,40,1,1058,29
sweep-29,64,0,0,0,12.472823164000147,1735,-27.360000000000003,-0.1215,0.08406647116324535,12.3,40,1,1058,29
sweep-29,64,0,0,0,12.508846426000673,1730,-8.208,-0.27449999999999997,0.18670576735092864,12.3,41,1,1058,29
sweep-29,64,0,0,0,12.545849621999878,1723,-13.680000000000001,-0.3555,0.22189638318670576,12.3,41,1,1058,29
sweep-29,64,0,0,0,12.581893272001253,1716,-13.680000000000001,-0.44099999999999995,0.25317693059628543,12.3,41,1,1058,29
sweep-29,64,0,0,0,12.617853719000777,1709,-13.680000000000001,-0.43649999999999994,0.26295210166177907,12.3,40,1,1058,29
sweep-29,64,0,0,0,12.653853851001259,1694,-30.096000000000004,-0.252,0.17204301075268819,12.0,40,1,1058,29
sweep-29,64,0,0,0,12.69085241799985,1683,-24.624000000000002,-0.1755,0.13685239491691104,12.0,40,1,1058,29
sweep-29,64,0,0,0,12.728850493000209,1670,-27.360000000000003,-0.13499999999999998,0.08406647116324535,12.0,40,1,1058,29
sweep-29,64,0,0,0,12.764869198999804,1667,-8.208,-0.306,0.2179863147605083,12.0,40,1,1058,29
sweep-29,64,0,0,0,12.801878136000596,1657,-21.888,-0.3555,0.18963831867057673,12.3,40,1,1058,29
sweep-29,64,0,0,0,12.837872694000907,1652,-10.944,-0.5085,0.27468230694037143,12.3,40,1,1058,29
sweep-29,64,0,0,0,12.8738867330012,1642,-24.624000000000002,-0.39149999999999996,0.23069403714565004,12.3,40,1,1058,29
sweep-29,64,0,0,0,12.909902753001006,1629,-27.360000000000003,-0.27899999999999997,0.16226783968719452,12.1,40,1,1058,29
sweep-29,64,0,0,0,12.946909450000021,1617,-30.096000000000004,-0.13949999999999999,0.10948191593352884,12.1,41,1,1058,29
sweep-29,64,0,0,0,12.984899598999618,1607,-19.152,-0.1755,0.11730205278592376,12.1,41,1,1058,29
sweep-29,64,0,0,0,13.020898415999909,1603,-8.208,-0.2385,0.23362658846529813,12.1,41,1,1058,29
sweep-29,64,0,0,0,13.057916982999814,1594,-19.152,-0.33749999999999997,0.21114369501466276,12.1,41,1,1058,29
sweep-29,64,0,0,0,13.093914356000823,1589,-10.944,-0.49499999999999994,0.2903225806451613,12.1,40,1,1058,29
sweep-29,64,0,0,0,13.129918358001305,1577,-30.096000000000004,-0.32399999999999995,0.20332355816226785,12.3,40,1,1058,29
sweep-29,64,0,0,0,13.165934823000498,1565,-24.624000000000002,-0.21599999999999997,0.1681329423264907,12.3,40,1,1058,29
sweep-29,64,0,0,0,13.202939611999682,1552,-30.096000000000004,-0.16199999999999998,0.093841642228739,12.3,40,1,1058,29
sweep-29,64,0,0,0,13.240947854001206,1545,-13.680000000000001,-0.26999999999999996,0.15933528836754643,12.3,40,1,1058,29
sweep-29,64,0,0,0,13.276949338000122,1539,-13.680000000000001,-0.3015,0.22189638318670576,12.3,40,1,1058,29
sweep-29,64,0,0,0,13.313948404000257,1530,-16.416,-0.40499999999999997,0.21603128054740958,12.3,41,1,1058,29
sweep-29,64,0,0,0,13.349961666001036,1525,-13.680000000000001,-0.44549999999999995,0.2844574780058651,12.3,41,1,1058,29
sweep-29,64,0,0,0,13.385971241999869,1512,-27.360000000000003,-0.2925,0.1935483870967742,12.3,41,1,1058,29
sweep-29,64,0,0,0,13.421974300001239,1501,-21.888,-0.2115,0.18963831867057673,12.3,41,1,1058,29
sweep-29,64,0,0,0,13.458964366000146,1487,-30.096000000000004,-0.11699999999999999,0.093841642228739,12.3,41,1,1058,29
sweep-29,64,0,0,0,13.496978757000761,1481,-10.944,-0.3015,0.18084066471163246,12.3,41,1,1058,29
sweep-29,64,0,0,0,13.533012814001268,1475,-16.416,-0.32399999999999995,0.21603128054740958,12.3,41,1,1058,29
sweep-29,64,0,0,0,13.570006455000112,1468,-10.944,-0.504,0.2590420332355816,12.3,41,1,1058,29
sweep-29,64,0,0,0,13.606005587000254,1461,-16.416,-0.423,0.2785923753665689,12.3,41,1,1058,29
sweep-29,64,0,0,0,13.642009070999848,1448,-27.360000000000003,-0.351,0.1935483870967742,12.3,41,1,1058,29
sweep-29,64,0,0,0,13.678003590999651,1436,-24.624000000000002,-0.207,0.15249266862170088,12.3,41,1,1058,29
sweep-29,64,0,0,0,13.715024102000825,1423,-27.360000000000003,-0.144,0.08406647116324535,12.3,41,1,1058,29
sweep-29,64,0,0,0,13.752040224000666,1420,-5.472,-0.24749999999999997,0.23949169110459434,12.3,41,1,1058,29
sweep-29,64,0,0,0,13.789044846000252,1409,-24.624000000000002,-0.31949999999999995,0.1681329423264907,12.3,41,1,1058,29
sweep-29,64,0,0,0,13.826031616999899,1405,-8.208,-0.5265,0.2961876832844575,12.3,41,1,1058,29
sweep-29,64,0,0,0,13.86203549000129,1394,-27.360000000000003,-0.40499999999999997,0.22482893450635386,12.3,41,1,1058,29
sweep-29,64,0,0,0,13.89803908400063,1384,-21.888,-0.351,0.2209188660801564,12.3,41,1,1058,29
sweep-29,64,0,0,0,13.934039809000751,1371,-27.360000000000003,-0.19349999999999998,0.1466275659824047,12.5,41,1,1058,29
sweep-29,64,0,0,0,13.971052635000888,1359,-24.624000000000002,-0.20249999999999999,0.10557184750733138,12.5,41,1,1058,29
sweep-29,64,0,0,0,14.008057424000071,1355,-10.944,-0.3015,0.21212121212121213,12.5,41,1,1058,29
sweep-29,64,0,0,0,14.0450560270001,1344,-21.888,-0.27899999999999997,0.19550342130987292,12.5,41,1,1058,29
sweep-29,64,0,0,0,14.082060853001167,1340,-8.208,-0.40499999999999997,0.2805474095796676,12.3,41,1,1058,29
sweep-29,64,0,0,0,14.118073003000973,1328,-27.360000000000003,-0.315,0.1935483870967742,12.3,41,1,1058,29
sweep-29,64,0,0,0,14.154065839000395,1319,-21.888,-0.2835,0.18963831867057673,12.3,41,1,1058,29
sweep-29,64,0,0,0,14.190085674999864,1306,-27.360000000000003,-0.144,0.13098729227761485,12.3,41,1,1058,29
sweep-29,64,0,0,0,14.227072297000632,1298,-13.680000000000001,-0.23399999999999999,0.17497556207233628,12.3,41,1,1058,29
sweep-29,64,0,0,0,14.264091844999712,1290,-19.152,-0.26999999999999996,0.1798631476050831,12.3,41,1,1058,29
sweep-29,64,0,0,0,14.301086356001179,1282,-13.680000000000001,-0.39599999999999996,0.20625610948191594,12.1,41,1,1058,29
sweep-29,64,0,0,0,14.338241662000655,1275,-16.416,-0.351,0.2316715542521994,12.1,41,1,1058,29
sweep-29,64,0,0,0,14.374107499001184,1264,-21.888,-0.3465,0.20527859237536658,12.1,41,1,1058,29
sweep-29,64,0,0,0,14.410114242000418,1255,-21.888,-0.243,0.18963831867057673,12.1,41,1,1058,29
sweep-29,64,0,0,0,14.446133355000711,1242,-27.360000000000003,-0.18899999999999997,0.11534701857282502,12.1,41,1,1058,29
sweep-29,64,0,0,0,14.483110422001118,1235,-13.680000000000001,-0.23399999999999999,0.17497556207233628,12.1,41,1,1058,29
sweep-29,64,0,0,0,14.521194922001087,1225,-21.888,-0.22499999999999998,0.15835777126099707,12.3,41,1,1058,29
sweep-29,64,0,0,0,14.558121156000198,1219,-10.944,-0.38699999999999996,0.22776148582600195,12.3,41,1,1058,29
sweep-29,64,0,0,0,14.595192795999537,1209,-24.624000000000002,-0.351,0.18377321603128055,12.3,41,1,1058,29
sweep-29,64,0,0,0,14.633201594000639,1200,-16.416,-0.33299999999999996,0.21603128054740958,12.2,41,1,1058,29
sweep-29,64,0,0,0,14.6701891419998,1189,-24.624000000000002,-0.24749999999999997,0.1681329423264907,12.2,41,1,1058,29
sweep-29,64,0,0,0,14.709190782001315,1178,-19.152,-0.23399999999999999,0.16422287390029325,12.2,41,1,1058,29
sweep-29,64,0,0,0,14.749205244999757,1167,-24.624000000000002,-0.19349999999999998,0.13685239491691104,12.1,41,1,1058,29
sweep-29,64,0,0,0,14.789202283000122,1159,-13.680000000000001,-0.27899999999999997,0.1906158357771261,12.1,41,1,1058,29
sweep-29,64,0,0,0,14.829199746000086,1149,-21.888,-0.2835,0.1739980449657869,12.1,41,1,1058,29
sweep-29,64,0,0,0,14.867195025999536,1141,-16.416,-0.34199999999999997,0.20039100684261973,12.3,41,1,1058,28
sweep-29,64,0,0,0,14.906212257999869,1131,-21.888,-0.288,0.1739980449657869,12.3,41,1,1058,26
sweep-29,64,0,0,0,14.942218760001197,1122,-19.152,-0.2565,0.1798631476050831,12.3,41,1,1058,24
sweep-29,64,0,0,0,14.979217086000062,1114,-16.416,-0.18,0.16911045943304007,12.3,41,1,1058,23
sweep-29,64,0,0,0,15.017224217001058,1105,-19.152,-0.1755,0.13294232649071358,12.3,41,1,1058,21
sweep-29,64,0,0,0,15.05521497799964,1099,-10.944,-0.20249999999999999,0.1652003910068426,12.3,41,1,1058,19
sweep-29,64,0,0,0,15.09521647800102,1093,-13.680000000000001,-0.20249999999999999,0.15933528836754643,12.3,41,1,1058,17
sweep-29,64,0,0,0,15.1382229310002,1089,-8.208,-0.26549999999999996,0.20234604105571846,12.3,41,1,1058,15
sweep-29,64,0,0,0,15.178265689999535,1084,-8.208,-0.2925,0.20234604105571846,12.3,41,1,1058,13
sweep-29,64,0,0,0,15.218222784000318,1080,-10.944,-0.3015,0.19648093841642228,12.3,41,1,1058,11
sweep-29,64,0,0,0,15.261243810000451,1078,0.0,-0.306,0.25024437927663734,12.3,41,1,1970,1
sweep-29,64,0,0,0,15.299229534000915,1074,-10.944,-0.3015,0.19648093841642228,12.3,41,1,1970,3
sweep-29,64,0,0,0,15.338250433000212,1075,0.0,-0.34199999999999997,0.23460410557184752,12.3,41,1,1970,5
sweep-29,64,0,0,0,15.37826252600098,1074,-5.472,-0.26099999999999995,0.176930596285435,12.3,41,1,1970,7
sweep-29,64,0,0,0,15.41825524900014,1076,0.0,-0.16199999999999998,0.187683284457478,12.3,41,1,1970,9
sweep-29,64,0,0,0,15.458270045000972,1076,0.0,-0.0765,0.12512218963831867,12.3,41,1,1970,11
sweep-29,64,0,0,0,15.498272713000915,1076,0.0,-0.0045,0.06256109481915934,12.3,41,1,1970,13
sweep-29,64,0,0,0,15.536284399000579,1075,0.0,-0.0045,0.015640273704789834,12.3,41,1,1970,15
sweep-29,64,0,0,0,15.572286549000637,1075,0.0,0.072,0.093841642228739,12.3,41,1,1970,17
sweep-29,64,0,0,0,15.608283718000166,1075,0.0,0.22499999999999998,0.187683284457478,12.3,41,1,1970,19
sweep-29,64,0,0,0,15.647285451001153,1076,0.0,0.44099999999999995,0.26588465298142716,12.3,41,1,1970,21
sweep-29,64,0,0,0,15.687287729000673,1083,19.152,0.36,0.24242424242424243,12.4,41,1,1970,23
sweep-29,64,0,0,0,15.727300210999601,1093,19.152,0.3465,0.21114369501466276,12.4,41,1,1970,25
sweep-29,64,0,0,0,15.768298127999515,1104,24.624000000000002,0.16199999999999998,0.1681329423264907,12.4,41,1,1970,27
sweep-29,64,0,0,0,15.809311711000191,1119,27.360000000000003,0.19349999999999998,0.06842619745845552,12.3,41,1,1970,29
sweep-29,64,0,0,0,15.849317211001107,1119,0.0,0.369,0.28152492668621704,12.3,41,1,1970,29
sweep-29,64,0,0,0,15.886317722000967,1129,24.624000000000002,0.32399999999999995,0.21505376344086022,12.3,41,1,1970,29
sweep-29,64,0,0,0,15.924327335000271,1137,13.680000000000001,0.5175,0.25317693059628543,12.3,41,1,1970,29
sweep-29,64,0,0,0,15.96134071599954,1146,24.624000000000002,0.306,0.23069403714565004,12.3,41,1,1970,29
sweep-29,64,0,0,0,15.99833118999959,1163,35.568000000000005,0.144,0.09872922776148582,12.3,41,1,1970,29
sweep-29,64,0,0,0,16.034338544001002,1168,8.208,0.2115,0.2179863147605083,12.3,41,1,1970,29
sweep-29,64,0,0,0,16.072341712000707,1182,30.096000000000004,0.21599999999999997,0.093841642228739,12.3,41,1,1970,29
sweep-29,64,0,0,0,16.112339287001305,1185,5.472,0.4275,0.25513196480938416,12.3,41,1,1970,29
sweep-29,64,0,0,0,16.152356657999917,1197,24.624000000000002,0.3015,0.18377321603128055,12.1,41,1,1970,29
sweep-29,64,0,0,0,16.19036104800034,1204,16.416,0.26099999999999995,0.21603128054740958,12.1,41,1,1970,29
sweep-29,64,0,0,0,16.22837103100028,1220,32.832,0.1845,0.10361681329423265,12.1,41,1,1970,29
sweep-29,64,0,0,0,16.265379745000246,1226,10.944,0.27899999999999997,0.19648093841642228,12.3,41,1,1970,29
sweep-29,64,0,0,0,16.301388433001193,1238,30.096000000000004,0.18,0.10948191593352884,12.3,41,1,1970,29
sweep-29,64,0,0,0,16.339385729999776,1242,5.472,0.46349999999999997,0.23949169110459434,12.3,41,1,1970,29
sweep-29,64,0,0,0,16.375398992000555,1250,21.888,0.3105,0.23655913978494625,12.3,41,1,1970,29
sweep-29,64,0,0,0,16.415409307001028,1262,19.152,0.3735,0.21114369501466276,12.1,41,1,1970,29
sweep-29,64,0,0,0,16.455403474001287,1274,27.360000000000003,0.18899999999999997,0.16226783968719452,12.1,41,1,1970,29
sweep-29,64,0,0,0,16.495419418999518,1286,19.152,0.23399999999999999,0.14858260019550343,12.2,41,1,1970,29
sweep-29,64,0,0,0,16.533425883000746,1293,19.152,0.1845,0.1798631476050831,12.2,41,1,1970,29
sweep-29,64,0,0,0,16.57143229200119,1304,21.888,0.20249999999999999,0.14271749755620725,12.2,41,1,1970,29
sweep-29,64,0,0,0,16.608434822001072,1309,8.208,0.3015,0.23362658846529813,12.2,41,1,1970,29
sweep-29,64,0,0,0,16.644437176000793,1321,24.624000000000002,0.2385,0.15249266862170088,12.3,41,1,1970,29
sweep-29,64,0,0,0,16.682454417999907,1330,19.152,0.207,0.1798631476050831,12.3,41,1,1970,29
sweep-29,64,0,0,0,16.71845084599954,1343,24.624000000000002,0.19349999999999998,0.10557184750733138,12.3,41,1,1970,29
sweep-29,64,0,0,0,16.756465272999776,1344,0.0,0.5445,0.28152492668621704,12.3,41,1,1970,29
sweep-29,64,0,0,0,16.79448007100109,1354,24.624000000000002,0.3645,0.23069403714565004,12.3,41,1,1970,29
sweep-29,64,0,0,0,16.831495321999682,1364,16.416,0.49949999999999994,0.2316715542521994,12.3,41,1,1970,29
sweep-29,64,0,0,0,16.868491389001065,1372,21.888,0.32849999999999996,0.23655913978494625,12.3,41,1,1970,29
sweep-29,64,0,0,0,16.90655259400046,1389,35.568000000000005,0.1485,0.08308895405669599,12.3,41,1,1970,29
sweep-29,64,0,0,0,16.942523689000154,1396,13.680000000000001,0.19349999999999998,0.17497556207233628,12.3,41,1,1970,29
sweep-29,64,0,0,0,16.98051128299994,1409,27.360000000000003,0.207,0.09970674486803519,12.3,41,1,1970,29
sweep-29,64,0,0,0,17.02951608500007,1414,13.680000000000001,0.32849999999999996,0.2375366568914956,12.3,41,1,1970,29
sweep-29,64,0,0,0,17.069724639000924,1425,19.152,0.39599999999999996,0.21114369501466276,12.3,41,1,1970,29
sweep-29,64,0,0,0,17.126544734999698,1443,30.096000000000004,0.18899999999999997,0.14076246334310852,12.3,41,1,1970,29
sweep-29,64,0,0,0,17.163571263999984,1452,16.416,0.243,0.16911045943304007,12.3,41,1,1970,29
sweep-29,64,0,0,0,17.201525766000486,1460,19.152,0.252,0.1798631476050831,12.3,41,1,1970,29
sweep-29,64,0,0,0,17.23854048100111,1470,19.152,0.2925,0.16422287390029325,12.3,41,1,1970,29
sweep-29,64,0,0,0,17.278555389000758,1479,21.888,0.26549999999999996,0.1739980449657869,12.3,41,1,1970,29
sweep-29,64,0,0,0,17.318555111000023,1489,19.152,0.243,0.1798631476050831,12.3,41,1,1970,29
sweep-29,64,0,0,0,17.35556880799959,1501,27.360000000000003,0.17099999999999999,0.11534701857282502,12.3,41,1,1970,29
sweep-29,64,0,0,0,17.391575401999944,1508,10.944,0.34199999999999997,0.18084066471163246,12.3,41,1,1970,29
sweep-29,64,0,0,0,17.42760038599954,1509,0.0,0.4095,0.3284457478005865,12.3,41,1,1970,29
sweep-29,64,0,0,0,17.463593685000887,1523,30.096000000000004,0.33299999999999996,0.187683284457478,12.3,41,1,1970,29
sweep-29,64,0,0,0,17.499595613000565,1529,10.944,0.44549999999999995,0.27468230694037143,12.3,41,1,1970,29
sweep-29,64,0,0,0,17.537590224999803,1545,35.568000000000005,0.19349999999999998,0.14565004887585534,12.3,41,1,1970,29
sweep-29,64,0,0,0,17.573594265000793,1557,24.624000000000002,0.207,0.12121212121212122,12.3,41,1,1970,29
sweep-29,64,0,0,0,17.610624998000276,1564,16.416,0.16649999999999998,0.16911045943304007,12.3,41,1,1970,29
sweep-29,64,0,0,0,17.646610593001242,1574,19.152,0.24749999999999997,0.14858260019550343,12.3,41,1,1970,29
sweep-29,64,0,0,0,17.682616336000137,1577,8.208,0.38699999999999996,0.2649071358748778,12.3,41,1,1970,29
sweep-29,64,0,0,0,17.720618670000476,1588,21.888,0.34199999999999997,0.20527859237536658,12.3,42,1,1970,29
sweep-29,64,0,0,0,17.757624736999787,1598,21.888,0.2925,0.20527859237536658,12.3,42,1,1970,29
sweep-29,64,0,0,0,17.79362305399991,1611,30.096000000000004,0.17099999999999999,0.10948191593352884,12.0,42,1,1970,29
sweep-29,64,0,0,0,17.83162640699993,1619,16.416,0.22049999999999997,0.16911045943304007,12.0,42,1,1970,29
sweep-29,64,0,0,0,17.86763542799963,1628,21.888,0.20249999999999999,0.15835777126099707,12.0,41,1,1970,29
sweep-29,64,0,0,0,17.907636447000186,1636,13.680000000000001,0.297,0.20625610948191594,12.4,41,1,1970,29
sweep-29,64,0,0,0,17.94762804000129,1647,24.624000000000002,0.26549999999999996,0.1681329423264907,12.4,41,1,1970,29
sweep-29,64,0,0,0,17.98765624400039,1656,19.152,0.27449999999999997,0.19550342130987292,12.4,41,1,1970,29
sweep-29,64,0,0,0,18.02564282000094,1670,30.096000000000004,0.22949999999999998,0.10948191593352884,12.3,41,1,1970,29
sweep-29,64,0,0,0,18.061658192000323,1674,8.208,0.5085,0.23362658846529813,12.3,41,1,1970,29
sweep-29,64,0,0,0,18.09768269400047,1679,16.416,0.49949999999999994,0.2785923753665689,12.3,41,1,1970,29
sweep-29,64,0,0,0,18.1359449520005,1692,24.624000000000002,0.40499999999999997,0.21505376344086022,12.1,41,1,1970,29
sweep-29,64,0,0,0,18.171673845999976,1700,19.152,0.3555,0.24242424242424243,12.1,41,1,1970,29
sweep-29,64,0,0,0,18.208701171999564,1715,35.568000000000005,0.17099999999999999,0.11436950146627566,12.1,41,1,1970,29
sweep-29,64,0,0,0,18.24467219300095,1724,16.416,0.1485,0.15347018572825025,12.1,41,1,1970,29
sweep-29,64,0,0,0,18.28068721300042,1734,19.152,0.207,0.14858260019550343,12.1,41,1,1970,29
sweep-29,64,0,0,0,18.319711834001282,1739,8.208,0.34199999999999997,0.23362658846529813,12.1,41,1,1970,29
sweep-29,64,0,0,0,18.359730520000085,1749,21.888,0.351,0.20527859237536658,12.1,41,1,1970,29
sweep-29,64,0,0,0,18.39571176299978,1757,16.416,0.3555,0.24731182795698925,12.3,41,1,1970,29
sweep-29,64,0,0,0,18.432718273999853,1770,30.096000000000004,0.23399999999999999,0.14076246334310852,12.3,41,1,1970,29
sweep-29,64,0,0,0,18.47170187700067,1781,21.888,0.18899999999999997,0.14271749755620725,12.3,41,1,1970,29
sweep-29,64,0,0,0,18.507716361000348,1792,24.624000000000002,0.20249999999999999,0.10557184750733138,12.3,41,1,1970,29
sweep-29,64,0,0,0,18.54671846400015,1797,5.472,0.4725,0.2238514173998045,12.3,41,1,1970,29
sweep-29,64,0,0,0,18.583755771000142,1799,8.208,0.5984999999999999,0.32746823069403713,12.3,41,1,1970,29
sweep-29,64,0,0,0,18.61972603200047,1812,30.096000000000004,0.44999999999999996,0.21896383186705767,12.0,41,1,1970,29
sweep-29,64,0,0,0,18.655754720000914,1820,19.152,0.39149999999999996,0.25806451612903225,12.0,41,1,1970,29
sweep-29,64,0,0,0,18.693746054001167,1837,35.568000000000005,0.13499999999999998,0.09872922776148582,12.0,41,1,1970,29
sweep-29,64,0,0,0,18.729761927001164,1845,13.680000000000001,0.2115,0.17497556207233628,12.3,41,1,1970,29
sweep-29,64,0,0,0,18.766745994000303,1853,19.152,0.207,0.1798631476050831,12.3,41,1,1970,29
sweep-29,64,0,0,0,18.80477045800035,1861,13.680000000000001,0.3105,0.20625610948191594,12.3,41,1,1970,29
sweep-29,64,0,0,0,18.840772460000153,1869,19.152,0.40049999999999997,0.21114369501466276,12.3,41,1,1970,29
sweep-29,64,0,0,0,18.87777172999995,1877,19.152,0.39599999999999996,0.22678396871945258,12.3,41,1,1970,29
sweep-29,64,0,0,0,18.9167990370006,1890,24.624000000000002,0.22949999999999998,0.1681329423264907,12.3,41,1,1970,28
sweep-29,64,0,0,0,18.95579736200125,1902,24.624000000000002,0.2115,0.12121212121212122,12.3,41,1,1970,26
sweep-29,64,0,0,0,18.995789566000894,1908,10.944,0.19349999999999998,0.19648093841642228,12.3,41,1,1970,24
sweep-29,64,0,0,0,19.03579210300086,1916,16.416,0.3105,0.16911045943304007,12.3,41,1,1970,22
sweep-29,64,0,0,0,19.07579306700063,1920,10.944,0.3645,0.2434017595307918,12.3,41,1,1970,20
sweep-29,64,0,0,0,19.1148256510005,1930,21.888,0.20249999999999999,0.15835777126099707,12.3,41,1,1970,18
sweep-29,64,0,0,0,19.155156667000483,1938,16.416,0.19349999999999998,0.1378299120234604,12.3,41,1,1970,16
sweep-29,64,0,0,0,19.192816097000104,1939,0.0,0.38699999999999996,0.23460410557184752,12.3,41,1,1970,14
sweep-29,64,0,0,0,19.23294022600021,1938,0.0,0.44999999999999996,0.3128054740957967,12.3,41,1,1970,12
sweep-29,64,0,0,0,19.27288433800095,1946,16.416,0.31949999999999995,0.21603128054740958,12.3,41,1,1970,10
sweep-29,64,0,0,0,19.312845839000147,1952,10.944,0.18,0.18084066471163246,12.3,41,1,1970,8
sweep-29,64,0,0,0,19.349854239000706,1959,13.680000000000001,0.072,0.0967741935483871,12.3,41,1,1970,6
sweep-29,64,0,0,0,19.385852315001102,1959,0.0,0.16199999999999998,0.15640273704789834,12.3,41,1,1058,2
sweep-29,64,0,0,0,19.425858353000876,1959,0.0,0.1575,0.15640273704789834,12.3,41,1,1058,4
sweep-29,64,0,0,0,19.470856342000843,1955,-8.208,0.22949999999999998,0.20430107526881722,12.3,41,1,1058,6
sweep-29,64,0,0,0,19.510852768000404,1954,0.0,0.1575,0.17204301075268819,12.3,41,1,1058,8
sweep-29,64,0,0,0,19.550856621001003,1954,0.0,0.0765,0.12512218963831867,12.3,41,1,1058,10
sweep-29,64,0,0,0,19.590855657999782,1955,0.0,0.0,0.0469208211143695,12.3,41,1,1058,12
sweep-29,64,0,0,0,19.630864083999768,1956,0.0,-0.0045,0.03128054740957967,12.3,41,1,1058,14
sweep-29,64,0,0,0,19.67087052900024,1955,0.0,-0.09899999999999999,0.10948191593352884,12.3,41,1,1058,16
sweep-29,64,0,0,0,19.71188381600041,1954,0.0,-0.22499999999999998,0.17204301075268819,12.3,41,1,1058,18
sweep-29,64,0,0,0,19.747891484999855,1954,0.0,-0.5085,0.26588465298142716,12.3,41,1,1058,20
sweep-29,64,0,0,0,19.7868966799997,1951,-8.208,-0.6074999999999999,0.3118279569892473,12.3,41,1,1058,22
sweep-29,64,0,0,0,19.827685284000836,1940,-21.888,-0.44549999999999995,0.23655913978494625,12.3,41,1,1058,24
sweep-29,64,0,0,0,19.866913255000327,1928,-27.360000000000003,-0.243,0.17790811339198437,12.3,41,1,1058,26
sweep-29,64,0,0,0,19.90491283099982,1915,-30.096000000000004,-0.10799999999999998,0.07820136852394917,12.1,41,1,1058,27
sweep-29,64,0,0,0,19.943925341000067,1909,-8.208,-0.19349999999999998,0.18084066471163246,12.1,41,1,1058,29
sweep-29,64,0,0,0,19.98397732200101,1899,-21.888,-0.252,0.15835777126099707,12.1,41,1,1058,29
sweep-29,64,0,0,0,20.019937418001064,1893,-13.680000000000001,-0.33749999999999997,0.22189638318670576,12.2,41,1,1058,29
sweep-29,64,0,0,0,20.056962779999594,1884,-19.152,-0.27899999999999997,0.21114369501466276,12.2,41,1,1058,29
sweep-29,64,0,0,0,20.093954977000976,1873,-21.888,-0.22499999999999998,0.1739980449657869,12.2,41,1,1058,29
sweep-29,64,0,0,0,20.130952450999757,1860,-27.360000000000003,-0.1485,0.11534701857282502,12.3,41,1,1058,29
sweep-29,64,0,0,0,20.170959896000568,1851,-13.680000000000001,-0.19799999999999998,0.15933528836754643,12.3,41,1,1058,29
sweep-29,64,0,0,0,20.207983592001256,1845,-13.680000000000001,-0.2835,0.20625610948191594,12.3,41,1,1058,29
sweep-29,64,0,0,0,20.243978020000213,1837,-16.416,-0.39599999999999996,0.21603128054740958,12.3,41,1,1058,29
sweep-29,64,0,0,0,20.28298269700099,1829,-16.416,-0.351,0.24731182795698925,12.3,41,1,1058,29
sweep-29,64,0,0,0,20.31998706000013,1817,-27.360000000000003,-0.252,0.17790811339198437,12.3,41,1,1058,29
sweep-29,64,0,0,0,20.357977302001018,1805,-24.624000000000002,-0.1575,0.13685239491691104,12.1,41,1,1058,29
sweep-29,64,0,0,0,20.3940058219996,1794,-21.888,-0.17099999999999999,0.11143695014662756,12.1,41,1,1058,29
sweep-29,64,0,0,0,20.430997741001192,1791,-8.208,-0.2925,0.23362658846529813,12.1,41,1,1058,29
sweep-29,64,0,0,0,20.467034076000346,1780,-24.624000000000002,-0.3465,0.1681329423264907,12.3,41,1,1058,29
sweep-29,64,0,0,0,20.50601155000004,1774,-10.944,-0.43649999999999994,0.2590420332355816,12.3,41,1,1058,29
sweep-29,64,0,0,0,20.54301398700045,1763,-24.624000000000002,-0.27899999999999997,0.19941348973607037,12.3,41,1,1058,29
sweep-29,64,0,0,0,20.57904211800087,1751,-21.888,-0.207,0.15835777126099707,12.3,41,1,1058,29
sweep-29,64,0,0,0,20.61503308400097,1739,-27.360000000000003,-0.126,0.09970674486803519,12.3,41,1,1058,29
sweep-29,64,0,0,0,20.65305758500108,1732,-10.944,-0.22049999999999997,0.1652003910068426,12.3,41,1,1058,29
sweep-29,64,0,0,0,20.690044596000007,1725,-13.680000000000001,-0.33749999999999997,0.22189638318670576,12.3,41,1,1058,29
sweep-29,64,0,0,0,20.727037218000987,1717,-16.416,-0.43649999999999994,0.2316715542521994,12.3,41,1,1058,29
sweep-29,64,0,0,0,20.76305792400126,1710,-16.416,-0.38699999999999996,0.26295210166177907,12.3,41,1,1058,29
sweep-29,64,0,0,0,20.799068148000515,1697,-27.360000000000003,-0.297,0.17790811339198437,12.3,41,1,1058,29
sweep-29,64,0,0,0,20.838075825000487,1685,-21.888,-0.19349999999999998,0.15835777126099707,12.3,41,1,1058,29
sweep-29,64,0,0,0,20.878076140001212,1672,-24.624000000000002,-0.13499999999999998,0.10557184750733138,12.3,41,1,1058,29
sweep-29,64,0,0,0,20.914100198000597,1667,-10.944,-0.26999999999999996,0.19648093841642228,12.3,41,1,1058,29
sweep-29,64,0,0,0,20.951086598000984,1658,-19.152,-0.2565,0.19550342130987292,12.3,41,1,1058,29
sweep-29,64,0,0,0,20.987098581999817,1652,-10.944,-0.423,0.2590420332355816,12.3,41,1,1058,29
sweep-29,64,0,0,0,21.02309802899981,1643,-21.888,-0.32399999999999995,0.23655913978494625,12.3,41,1,1058,29
sweep-29,64,0,0,0,21.059129012000994,1631,-24.624000000000002,-0.252,0.18377321603128055,12.3,41,1,1058,29
sweep-29,64,0,0,0,21.095126273999995,1619,-27.360000000000003,-0.16199999999999998,0.13098729227761485,12.3,41,1,1058,29
sweep-29,64,0,0,0,21.133112200999676,1608,-21.888,-0.17099999999999999,0.11143695014662756,12.3,41,1,1058,29
sweep-29,64,0,0,0,21.16951303300084,1603,-10.944,-0.24749999999999997,0.19648093841642228,12.3,41,1,1058,29
sweep-29,64,0,0,0,21.207235185000172,1595,-16.416,-0.3555,0.20039100684261973,12.3,41,1,1058,29
sweep-29,64,0,0,0,21.247124815999996,1588,-10.944,-0.45899999999999996,0.2590420332355816,12.3,41,1,1058,29
sweep-29,64,0,0,0,21.283156022000185,1577,-24.624000000000002,-0.26549999999999996,0.21505376344086022,12.2,41,1,1058,29
sweep-29,64,0,0,0,21.323167743999875,1564,-24.624000000000002,-0.22049999999999997,0.1681329423264907,12.2,41,1,1058,29
sweep-29,64,0,0,0,21.363156912000704,1550,-30.096000000000004,-0.144,0.093841642228739,12.2,41,1,1058,29
sweep-29,64,0,0,0,21.402164051,1543,-10.944,-0.27899999999999997,0.18084066471163246,12.4,41,1,1058,29
sweep-29,64,0,0,0,21.440164331001142,1536,-19.152,-0.3105,0.1798631476050831,12.4,41,1,1058,29
sweep-29,64,0,0,0,21.476153759000226,1528,-13.680000000000001,-0.414,0.2375366568914956,12.4,41,1,1058,29
sweep-29,64,0,0,0,21.513166900000215,1521,-19.152,-0.34199999999999997,0.25806451612903225,12.3,41,1,1058,29
sweep-29,64,0,0,0,21.550178466000943,1508,-27.360000000000003,-0.306,0.17790811339198437,12.3,41,1,1058,29
sweep-29,64,0,0,0,21.587181422000867,1497,-24.624000000000002,-0.207,0.15249266862170088,12.3,41,1,1058,29
sweep-29,64,0,0,0,21.623169849999613,1485,-27.360000000000003,-0.1485,0.09970674486803519,12.1,41,1,1058,29
sweep-29,64,0,0,0,21.659172834000856,1480,-8.208,-0.26099999999999995,0.20234604105571846,12.1,41,1,1058,29
sweep-29,64,0,0,0,21.695194428000832,1471,-21.888,-0.2835,0.1739980449657869,12.1,41,1,1058,29
sweep-29,64,0,0,0,21.734188716000062,1465,-10.944,-0.45899999999999996,0.2590420332355816,12.1,41,1,1058,29
sweep-29,64,0,0,0,21.770192089001284,1455,-24.624000000000002,-0.297,0.21505376344086022,12.1,41,1,1058,29
sweep-29,64,0,0,0,21.807203432999813,1445,-19.152,-0.27899999999999997,0.21114369501466276,12.1,41,1,1058,29
sweep-29,64,0,0,0,21.845230971001,1431,-30.096000000000004,-0.16649999999999998,0.10948191593352884,12.1,41,1,1058,29
sweep-29,64,0,0,0,21.88220411200018,1421,-19.152,-0.207,0.13294232649071358,12.3,41,1,1058,29
sweep-29,64,0,0,0,21.919219233999684,1415,-16.416,-0.24749999999999997,0.18475073313782991,12.3,41,1,1058,29
sweep-29,64,0,0,0,21.958223208001073,1406,-16.416,-0.3735,0.20039100684261973,12.3,41,1,1058,29
sweep-29,64,0,0,0,21.994244154000626,1400,-10.944,-0.4095,0.27468230694037143,12.3,41,1,1058,29
sweep-29,64,0,0,0,22.03125546100091,1389,-24.624000000000002,-0.2925,0.21505376344086022,12.3,41,1,1058,29
sweep-29,64,0,0,0,22.070246434999717,1378,-21.888,-0.243,0.18963831867057673,12.3,41,1,1058,29
sweep-29,64,0,0,0,22.106282214001112,1365,-27.360000000000003,-0.1755,0.11534701857282502,12.3,41,1,1058,29
sweep-29,64,0,0,0,22.14227155000117,1358,-13.680000000000001,-0.2115,0.17497556207233628,12.3,41,1,1058,29
sweep-29,64,0,0,0,22.17826131200127,1349,-19.152,-0.22499999999999998,0.16422287390029325,12.3,41,1,1058,29
sweep-29,64,0,0,0,22.217267822001304,1342,-10.944,-0.3465,0.22776148582600195,12.3,41,1,1058,29
sweep-29,64,0,0,0,22.256279962000917,1332,-21.888,-0.297,0.20527859237536658,12.3,41,1,1058,29
sweep-29,64,0,0,0,22.30130833899966,1321,-19.152,-0.31949999999999995,0.21114369501466276,12.3,41,1,1058,29
sweep-29,64,0,0,0,22.337330508000377,1309,-24.624000000000002,-0.22499999999999998,0.15249266862170088,12.3,41,1,1058,29
sweep-29,64,0,0,0,22.374324963000618,1299,-21.888,-0.22949999999999998,0.14271749755620725,12.3,41,1,1058,29
sweep-29,64,0,0,0,22.412321056999644,1290,-19.152,-0.19799999999999998,0.14858260019550343,12.3,41,1,1058,29
sweep-29,64,0,0,0,22.449328771999717,1282,-13.680000000000001,-0.2835,0.1906158357771261,12.3,41,1,1058,29
sweep-29,64,0,0,0,22.486321561000295,1274,-19.152,-0.288,0.19550342130987292,12.3,41,1,1058,29
sweep-29,64,0,0,0,22.522305989001325,1266,-16.416,-0.3465,0.21603128054740958,12.3,41,1,1058,29
sweep-29,64,0,0,0,22.56131785100115,1256,-19.152,-0.2835,0.21114369501466276,12.3,41,1,1058,29
sweep-29,64,0,0,0,22.600352658000702,1244,-21.888,-0.26099999999999995,0.1739980449657869,12.3,41,1,1058,29
sweep-29,64,0,0,0,22.640334547000748,1233,-24.624000000000002,-0.22499999999999998,0.15249266862170088,12.3,41,1,1058,29
sweep-29,64,0,0,0,22.680336843999612,1223,-19.152,-0.22949999999999998,0.16422287390029325,12.3,41,1,1058,29
sweep-29,64,0,0,0,22.718336216001262,1216,-16.416,-0.22499999999999998,0.20039100684261973,12.3,41,1,1058,29
sweep-29,64,0,0,0,22.75534807800068,1206,-19.152,-0.22949999999999998,0.1798631476050831,12.3,41,1,1058,29
sweep-29,64,0,0,0,22.792354811999758,1198,-13.680000000000001,-0.306,0.20625610948191594,12.3,41,1,1058,29
sweep-29,64,0,0,0,22.8293553780004,1187,-21.888,-0.315,0.15835777126099707,12.3,41,1,1058,29
sweep-29,64,0,0,0,22.867377472000953,1180,-16.416,-0.33299999999999996,0.21603128054740958,12.3,41,1,1058,29
sweep-29,64,0,0,0,22.90438118699967,1169,-24.624000000000002,-0.243,0.1681329423264907,12.3,41,1,1058,29
sweep-29,64,0,0,0,22.943398252000407,1159,-19.152,-0.288,0.1798631476050831,12.3,41,1,1058,29
sweep-29,64,0,0,0,22.98338475300079,1148,-24.624000000000002,-0.207,0.15249266862170088,12.3,41,1,1058,29
sweep-29,64,0,0,0,23.023420937999617,1139,-16.416,-0.26999999999999996,0.18475073313782991,12.1,41,1,1058,28
sweep-29,64,0,0,0,23.06139966199953,1130,-21.888,-0.21599999999999997,0.1739980449657869,12.1,41,1,1058,26
sweep-29,64,0,0,0,23.099405904000378,1121,-16.416,-0.27449999999999997,0.16911045943304007,12.1,41,1,1058,24
sweep-29,64,0,0,0,23.139496904001135,1113,-16.416,-0.19349999999999998,0.16911045943304007,12.1,41,1,1058,22
sweep-29,64,0,0,0,23.179414590000306,1105,-16.416,-0.207,0.15347018572825025,12.1,41,1,1058,20
sweep-29,64,0,0,0,23.219455645999915,1099,-10.944,-0.2385,0.1652003910068426,12.1,41,1,1058,18
sweep-29,64,0,0,0,23.259445220999623,1093,-13.680000000000001,-0.243,0.15933528836754643,12.3,41,1,1058,16
sweep-29,64,0,0,0,23.299457314000392,1087,-10.944,-0.21599999999999997,0.1652003910068426,12.3,41,1,1058,14
sweep-29,64,0,0,0,23.339442628999677,1082,-8.208,-0.18899999999999997,0.15542521994134897,12.3,41,1,1058,12
sweep-29,64,0,0,0,23.379442870000275,1078,-8.208,-0.22949999999999998,0.15542521994134897,12.3,41,1,1058,10
sweep-29,64,0,0,0,23.42043530600131,1078,0.0,-0.3015,0.21896383186705767,12.3,41,1,1970,2
sweep-58,64,0,0,0,0.008993615998406312,1081,0.0,0.0,0.0,12.3,41,1,1081,1
sweep-58,64,0,0,0,0.04699824699855526,1081,0.0,0.0,0.0,12.3,41,1,1081,1
sweep-58,64,0,0,0,0.0843384399995557,1081,0.0,0.0,0.0,12.3,41,1,1081,1
sweep-58,64,0,0,0,0.12701476700021885,1081,0.0,0.0,0.0,12.3,41,1,1970,3
sweep-58,64,0,0,0,0.1630008430001908,1081,0.0,0.0,0.015640273704789834,12.3,41,1,1970,5
sweep-58,64,0,0,0,0.20101891800004523,1081,0.0,0.018,0.0469208211143695,12.3,41,1,1970,7
sweep-58,64,0,0,0,0.24105554800007667,1081,0.0,0.05399999999999999,0.093841642228739,12.3,41,1,1970,9
sweep-58,64,0,0,0,0.28105214099923614,1081,0.0,0.16199999999999998,0.14076246334310852,12.3,41,1,1970,11
sweep-58,64,0,0,0,0.3220491510001011,1081,0.0,0.3015,0.20332355816226785,12.3,41,1,1970,13
sweep-58,64,0,0,0,0.3620525579990499,1082,0.0,0.3105,0.25024437927663734,12.3,41,1,1970,15
sweep-58,64,0,0,0,0.40206891099842323,1091,16.416,0.26549999999999996,0.16911045943304007,12.3,41,1,1970,17
sweep-58,64,0,0,0,0.44205891099954897,1095,8.208,0.315,0.2179863147605083,12.3,41,1,1970,19
sweep-58,64,0,0,0,0.4830593089991453,1101,10.944,0.2565,0.21212121212121213,12.3,41,1,1970,21
sweep-58,64,0,0,0,0.5230910689988377,1112,21.888,0.22049999999999997,0.1270772238514174,12.3,41,1,1970,23
sweep-58,64,0,0,0,0.5630951989987807,1116,5.472,0.33749999999999997,0.2238514173998045,12.3,41,1,1970,25
sweep-58,64,0,0,0,0.6030976989986812,1123,13.680000000000001,0.27449999999999997,0.2375366568914956,12.3,41,1,1970,27
sweep-58,64,0,0,0,0.6440853200001584,1137,24.624000000000002,0.2925,0.15249266862170088,12.3,41,1,1970,29
sweep-58,64,0,0,0,0.6840881539992552,1144,16.416,0.26099999999999995,0.21603128054740958,12.3,41,1,1970,31
sweep-58,64,0,0,0,0.7230901269995229,1159,30.096000000000004,0.18,0.12512218963831867,12.3,41,1,1970,33
sweep-58,64,0,0,0,0.7640977840001142,1166,10.944,0.26549999999999996,0.22776148582600195,12.3,41,1,1970,35
sweep-58,64,0,0,0,0.8030848309990688,1181,30.096000000000004,0.26099999999999995,0.14076246334310852,12.3,41,1,1970,37
sweep-58,64,0,0,0,0.8431076090000715,1191,19.152,0.32399999999999995,0.21603128054740958,12.3,41,1,1970,39
sweep-58,64,0,0,0,0.8831071280001197,1206,27.360000000000003,0.24749999999999997,0.17790811339198437,12.3,41,1,1970,41
sweep-58,64,0,0,0,0.9231383879996429,1222,32.832,0.22049999999999997,0.1348973607038123,12.4,41,1,1970,43
sweep-58,64,0,0,0,0.964122730998497,1233,19.152,0.3105,0.22678396871945258,12.4,41,1,1970,45
sweep-58,64,0,0,0,1.005130683999596,1251,35.568000000000005,0.26999999999999996,0.14565004887585534,12.4,41,1,1970,47
sweep-58,64,0,0,0,1.045131388998925,1264,24.624000000000002,0.31949999999999995,0.23069403714565004,12.3,41,1,1970,49
sweep-58,64,0,0,0,1.0851410739996936,1283,38.304,0.26099999999999995,0.1710654936461388,12.3,41,1,1970,51
sweep-58,64,0,0,0,1.1251447229988116,1302,35.568000000000005,0.297,0.16129032258064516,12.3,41,1,1970,53
sweep-58,64,0,0,0,1.1688936869995814,1321,38.304,0.2385,0.13978494623655913,12.3,41,1,1970,55
sweep-58,64,0,0,0,1.206153972998436,1339,35.568000000000005,0.297,0.16129032258064516,12.3,41,1,1970,57
sweep-58,64,0,0,0,1.2467064499996923,1355,32.832,0.369,0.2130987292277615,12.3,41,1,1970,58
sweep-58,64,0,0,0,1.282238141999187,1373,38.304,0.32399999999999995,0.18670576735092864,12.1,41,1,1970,58
sweep-58,64,0,0,0,1.3182163479996234,1392,41.040000000000006,0.2925,0.1652003910068426,12.1,41,1,1970,58
sweep-58,64,0,0,0,1.3562277749988425,1414,43.776,0.23399999999999999,0.1436950146627566,12.1,41,1,1970,58
sweep-58,64,0,0,0,1.3962376639992726,1435,41.040000000000006,0.2115,0.13391984359726294,12.1,41,1,1970,58
sweep-58,64,0,0,0,1.4362688869987323,1455,41.040000000000006,0.243,0.13391984359726294,12.1,41,1,1970,58
sweep-58,64,0,0,0,1.4762563129988848,1472,32.832,0.2565,0.19745845552297164,12.1,41,1,1970,58
sweep-58,64,0,0,0,1.5142712779997964,1490,38.304,0.306,0.18670576735092864,12.3,41,1,1970,58
sweep-58,64,0,0,0,1.5569048449997354,1510,38.304,0.3645,0.20234604105571846,12.3,41,1,1970,58
sweep-58,64,0,0,0,1.612908745999448,1542,43.776,0.26549999999999996,0.1436950146627566,12.1,41,1,1970,58
sweep-58,64,0,0,0,1.6587767820001318,1565,41.040000000000006,0.2565,0.1495601173020528,12.1,41,1,1970,58
sweep-58,64,0,0,0,1.7049379820000468,1587,38.304,0.3015,0.15542521994134897,12.1,41,1,1970,58
sweep-58,64,0,0,0,1.744257877999189,1606,35.568000000000005,0.2925,0.19257086999022482,12.1,41,1,1970,58
sweep-58,64,0,0,0,1.7883485980000842,1627,38.304,0.3465,0.20821114369501467,12.1,41,1,1970,58
sweep-58,64,0,0,0,1.830282745999284,1648,41.040000000000006,0.3645,0.18084066471163246,12.1,41,1,1970,58
sweep-58,64,0,0,0,1.869272201000058,1669,41.040000000000006,0.3015,0.18084066471163246,12.3,41,1,1970,58
sweep-58,64,0,0,0,1.9052684250000311,1689,43.776,0.26999999999999996,0.1436950146627566,12.3,41,1,1970,58
sweep-58,64,0,0,0,1.9422734729996591,1706,38.304,0.252,0.1710654936461388,12.3,41,1,1970,56
sweep-58,64,0,0,0,1.978280678998999,1725,38.304,0.288,0.15542521994134897,12.3,41,1,1970,54
sweep-58,64,0,0,0,2.019268743999419,1744,35.568000000000005,0.23399999999999999,0.176930596285435,12.3,41,1,1970,52
sweep-58,64,0,0,0,2.056288699999641,1759,32.832,0.2385,0.18181818181818182,12.3,41,1,1970,51
sweep-58,64,0,0,0,2.094299904998479,1776,35.568000000000005,0.297,0.18181818181818182,12.2,41,1,1970,49
sweep-58,64,0,0,0,2.1342870720000064,1792,32.832,0.2925,0.18181818181818182,12.2,41,1,1970,47
sweep-58,64,0,0,0,2.1742995909989986,1808,30.096000000000004,0.297,0.17204301075268819,12.2,41,1,1970,45
sweep-58,64,0,0,0,2.215317006999612,1825,32.832,0.26549999999999996,0.15053763440860216,12.3,41,1,1970,43
sweep-58,64,0,0,0,2.252312869999514,1839,30.096000000000004,0.24749999999999997,0.15640273704789834,12.3,41,1,1970,40
sweep-58,64,0,0,0,2.2913229360001424,1852,27.360000000000003,0.2835,0.16226783968719452,12.3,41,1,1970,38
sweep-58,64,0,0,0,2.3313355469999806,1865,24.624000000000002,0.22949999999999998,0.1681329423264907,12.3,41,1,1970,36
sweep-58,64,0,0,0,2.372316389999469,1878,24.624000000000002,0.252,0.1681329423264907,12.3,41,1,1970,34
sweep-58,64,0,0,0,2.4133485839993227,1889,21.888,0.32849999999999996,0.1739980449657869,12.3,41,1,1970,32
sweep-58,64,0,0,0,2.4533469369998784,1901,24.624000000000002,0.22499999999999998,0.15249266862170088,12.3,41,1,1970,30
sweep-58,64,0,0,0,2.4933482149990596,1911,21.888,0.20249999999999999,0.15835777126099707,12.3,41,1,1970,28
sweep-58,64,0,0,0,2.5303612999996403,1920,19.152,0.22499999999999998,0.16422287390029325,12.3,41,1,1970,27
sweep-58,64,0,0,0,2.5693560509989766,1926,10.944,0.26999999999999996,0.21212121212121213,12.3,41,1,1970,25
sweep-58,64,0,0,0,2.6093740509986674,1937,19.152,0.2385,0.14858260019550343,12.3,41,1,1970,23
sweep-58,64,0,0,0,2.649373700000069,1942,10.944,0.252,0.21212121212121213,12.3,41,1,1970,21
sweep-58,64,0,0,0,2.689367107999715,1952,19.152,0.13049999999999998,0.11730205278592376,12.3,41,1,1970,19
sweep-58,64,0,0,0,2.7264108780000242,1957,8.208,0.13949999999999999,0.1241446725317693,12.3,41,1,1970,17
sweep-58,64,0,0,0,2.7643864169986045,1958,0.0,0.207,0.15640273704789834,12.3,41,1,1970,15
sweep-58,64,0,0,0,2.805382851998729,1957,0.0,0.207,0.17204301075268819,12.1,41,1,1058,3
sweep-58,64,0,0,0,2.8454373519998626,1954,-5.472,0.27899999999999997,0.21407624633431085,12.1,41,1,1058,5
sweep-58,64,0,0,0,2.8844280659996,1953,0.0,0.243,0.187683284457478,12.1,41,1,1058,7
sweep-58,64,0,0,0,2.920408771999064,1954,0.0,0.10799999999999998,0.14076246334310852,12.3,41,1,1058,9
sweep-58,64,0,0,0,2.9604267349986912,1954,0.0,0.018,0.093841642228739,12.3,41,1,1058,11
sweep-58,64,0,0,0,3.0004344760000095,1955,0.0,0.0,0.015640273704789834,12.3,41,1,1058,13
sweep-58,64,0,0,0,3.0404319949993805,1954,0.0,-0.018,0.0469208211143695,12.3,41,1,1058,15
sweep-58,64,0,0,0,3.0794424309988244,1954,0.0,-0.13949999999999999,0.12512218963831867,12.3,41,1,1058,17
sweep-58,64,0,0,0,3.1194402469991473,1954,0.0,-0.40499999999999997,0.23460410557184752,12.3,41,1,1058,19
sweep-58,64,0,0,0,3.160439162998955,1952,-5.472,-0.504,0.28641251221896386,12.3,41,1,1058,21
sweep-58,64,0,0,0,3.200441793000209,1943,-16.416,-0.369,0.24731182795698925,12.3,41,1,1058,23
sweep-58,64,0,0,0,3.2404492379992007,1933,-21.888,-0.27899999999999997,0.20527859237536658,12.3,41,1,1058,25
sweep-58,64,0,0,0,3.280451460999757,1920,-27.360000000000003,-0.144,0.11534701857282502,12.3,41,1,1058,27
sweep-58,64,0,0,0,3.3214684699996724,1912,-10.944,-0.207,0.18084066471163246,12.3,41,1,1058,29
sweep-58,64,0,0,0,3.36147576699841,1903,-19.152,-0.27899999999999997,0.19550342130987292,12.3,41,1,1058,31
sweep-58,64,0,0,0,3.401470970999071,1895,-13.680000000000001,-0.4185,0.2375366568914956,12.3,41,1,1058,33
sweep-58,64,0,0,0,3.4414854899987404,1883,-27.360000000000003,-0.297,0.20918866080156404,12.3,41,1,1058,35
sweep-58,64,0,0,0,3.4815070829990873,1869,-27.360000000000003,-0.27899999999999997,0.17790811339198437,12.1,41,1,1058,37
sweep-58,64,0,0,0,3.522488999999041,1853,-32.832,-0.19349999999999998,0.11925708699902249,12.1,41,1,1058,39
sweep-58,64,0,0,0,3.5625125549995573,1840,-24.624000000000002,-0.21599999999999997,0.13685239491691104,12.1,41,1,1058,41
sweep-58,64,0,0,0,3.6015024179996544,1827,-27.360000000000003,-0.2385,0.16226783968719452,12.3,41,1,1058,43
sweep-58,64,0,0,0,3.6425142049993156,1816,-24.624000000000002,-0.4185,0.23069403714565004,12.3,41,1,1058,45
sweep-58,64,0,0,0,3.683530416999929,1800,-32.832,-0.3645,0.2130987292277615,12.3,41,1,1058,47
sweep-58,64,0,0,0,3.7225219089996244,1784,-32.832,-0.32849999999999996,0.2130987292277615,12.3,41,1,1058,49
sweep-58,64,0,0,0,3.7625306129993987,1764,-38.304,-0.26549999999999996,0.15542521994134897,12.3,41,1,1058,51
sweep-58,64,0,0,0,3.80254168799911,1745,-38.304,-0.18,0.13978494623655913,12.3,41,1,1058,53
sweep-58,64,0,0,0,3.843542881999383,1726,-35.568000000000005,-0.21599999999999997,0.16129032258064516,12.2,41,1,1058,55
sweep-58,64,0,0,0,3.88357793799878,1709,-30.096000000000004,-0.32399999999999995,0.20332355816226785,12.2,41,1,1058,57
sweep-58,64,0,0,0,3.9235718459985947,1692,-38.304,-0.3645,0.2179863147605083,12.2,41,1,1058,58
sweep-58,64,0,0,0,3.960570708999512,1674,-38.304,-0.39599999999999996,0.2179863147605083,12.3,41,1,1058,58
sweep-58,64,0,0,0,3.9965964519997215,1654,-43.776,-0.3465,0.1906158357771261,12.3,41,1,1058,58
sweep-58,64,0,0,0,4.032589749998806,1634,-46.512,-0.2925,0.15347018572825025,12.3,41,1,1058,58
sweep-58,64,0,0,0,4.068572159998439,1615,-43.776,-0.22049999999999997,0.1436950146627566,12.3,41,1,1058,58
sweep-58,64,0,0,0,4.104595736000192,1596,-41.040000000000006,-0.22049999999999997,0.11827956989247312,12.3,41,1,1058,58
sweep-58,64,0,0,0,4.142593885999304,1579,-35.568000000000005,-0.288,0.16129032258064516,12.3,41,1,1058,58
sweep-58,64,0,0,0,4.178597794998495,1564,-35.568000000000005,-0.3465,0.2238514173998045,12.3,41,1,1058,58
sweep-58,64,0,0,0,4.215592454998841,1547,-35.568000000000005,-0.40049999999999997,0.23949169110459434,12.3,41,1,1058,58
sweep-58,64,0,0,0,4.251620956998522,1528,-38.304,-0.38249999999999995,0.23362658846529813,12.3,41,1,1058,58
sweep-58,64,0,0,0,4.2876450329986255,1508,-43.776,-0.369,0.17497556207233628,12.3,41,1,1058,58
sweep-58,64,0,0,0,4.323621905999971,1488,-43.776,-0.306,0.15933528836754643,12.3,41,1,1058,58
sweep-58,64,0,0,0,4.359621926998443,1469,-43.776,-0.22949999999999998,0.12805474095796676,12.3,41,1,1058,58
sweep-58,64,0,0,0,4.397620260999247,1451,-35.568000000000005,-0.27899999999999997,0.16129032258064516,12.3,41,1,1058,58
sweep-58,64,0,0,0,4.433632151998609,1434,-35.568000000000005,-0.32849999999999996,0.19257086999022482,12.3,41,1,1058,58
sweep-58,64,0,0,0,4.470628162998764,1418,-35.568000000000005,-0.4185,0.2238514173998045,12.3,41,1,1058,58
sweep-58,64,0,0,0,4.506644609999057,1400,-38.304,-0.39149999999999996,0.23362658846529813,12.3,41,1,1058,58
sweep-58,64,0,0,0,4.542641168000046,1381,-41.040000000000006,-0.38249999999999995,0.19648093841642228,12.3,41,1,1058,58
sweep-58,64,0,0,0,4.580640983998819,1361,-41.040000000000006,-0.288,0.18084066471163246,12.3,41,1,1058,58
sweep-58,64,0,0,0,4.616651985999852,1340,-43.776,-0.2565,0.1436950146627566,12.3,41,1,1058,58
sweep-58,64,0,0,0,4.653658385999734,1323,-38.304,-0.26999999999999996,0.1710654936461388,12.3,41,1,1058,56
sweep-58,64,0,0,0,4.6936700899987045,1303,-41.040000000000006,-0.288,0.1495601173020528,12.3,41,1,1058,54
sweep-58,64,0,0,0,4.7326831739992485,1286,-32.832,-0.288,0.18181818181818182,12.3,41,1,1058,52
sweep-58,64,0,0,0,4.768671583999094,1269,-35.568000000000005,-0.3015,0.176930596285435,12.1,41,1,1058,50
sweep-58,64,0,0,0,4.807702704998519,1253,-30.096000000000004,-0.3105,0.20332355816226785,12.1,41,1,1058,48
sweep-58,64,0,0,0,4.8477009649996035,1236,-32.832,-0.26999999999999996,0.18181818181818182,12.1,41,1,1058,46
sweep-58,64,0,0,0,4.887712873000055,1219,-32.832,-0.26099999999999995,0.15053763440860216,12.1,41,1,1058,44
sweep-58,64,0,0,0,4.927696632999869,1203,-32.832,-0.24749999999999997,0.1348973607038123,12.1,41,1,1058,42
sweep-58,64,0,0,0,4.967715465998481,1190,-24.624000000000002,-0.27449999999999997,0.18377321603128055,12.1,41,1,1058,40
sweep-58,64,0,0,0,5.007721910998953,1176,-27.360000000000003,-0.22499999999999998,0.16226783968719452,12.3,41,1,1058,38
sweep-58,64,0,0,0,5.047724799998832,1163,-27.360000000000003,-0.243,0.16226783968719452,12.3,41,1,1058,36
sweep-58,64,0,0,0,5.087740855999073,1152,-21.888,-0.24749999999999997,0.18377321603128055,12.3,41,1,1058,34
sweep-58,64,0,0,0,5.127733023999099,1139,-24.624000000000002,-0.297,0.1681329423264907,12.2,41,1,1058,32
sweep-58,64,0,0,0,5.1677325059990835,1127,-24.624000000000002,-0.23399999999999999,0.15249266862170088,12.2,41,1,1058,30
sweep-58,64,0,0,0,5.208740569998554,1116,-19.152,-0.243,0.14858260019550343,12.2,41,1,1058,28
sweep-58,64,0,0,0,5.248744051999893,1107,-19.152,-0.243,0.16422287390029325,12.3,41,1,1058,26
sweep-58,64,0,0,0,5.288789292999354,1098,-16.416,-0.26549999999999996,0.16911045943304007,12.3,41,1,1058,24
sweep-58,64,0,0,0,5.328783256998577,1091,-16.416,-0.22499999999999998,0.18475073313782991,12.3,41,1,1058,22
sweep-58,64,0,0,0,5.369780487999378,1083,-13.680000000000001,-0.252,0.1906158357771261,12.3,41,1,1058,20
sweep-58,64,0,0,0,5.409782376998919,1076,-13.680000000000001,-0.1845,0.17497556207233628,12.3,41,1,1058,18
sweep-58,64,0,0,0,5.4497850999996444,1072,-5.472,-0.26099999999999995,0.176930596285435,12.3,41,1,1058,16
sweep-58,64,0,0,0,5.494802088998767,1072,0.0,-0.33749999999999997,0.21896383186705767,12.3,41,1,1970,3
sweep-58,64,0,0,0,5.530783831998633,1074,5.472,-0.4185,0.26099706744868034,12.3,41,1,1970,5
sweep-58,64,0,0,0,5.569802989999516,1076,0.0,-0.37799999999999995,0.26588465298142716,12.3,41,1,1970,7
sweep-58,64,0,0,0,5.60980843499965,1076,0.0,-0.297,0.21896383186705767,12.3,41,1,1970,9
sweep-58,64,0,0,0,5.6498115839985985,1075,0.0,-0.13049999999999998,0.15640273704789834,12.3,41,1,1970,11
sweep-58,64,0,0,0,5.689819805998923,1075,0.0,-0.018,0.093841642228739,12.3,41,1,1970,13
sweep-58,64,0,0,0,5.730812018999131,1075,0.0,0.0,0.03128054740957967,12.3,41,1,1970,15
sweep-58,64,0,0,0,5.770815668000068,1076,0.0,0.018,0.0469208211143695,12.3,41,1,1970,17
sweep-58,64,0,0,0,5.8108162239987,1075,0.0,0.1575,0.15640273704789834,12.3,41,1,1970,19
sweep-58,64,0,0,0,5.850820910000039,1075,0.0,0.4095,0.25024437927663734,12.3,41,1,1970,21
sweep-58,64,0,0,0,5.8918322889985575,1080,13.680000000000001,0.423,0.26881720430107525,12.3,41,1,1970,23
sweep-58,64,0,0,0,5.931835011999283,1091,24.624000000000002,0.369,0.19941348973607037,12.3,41,1,1970,25
sweep-58,64,0,0,0,5.97185115999855,1102,21.888,0.1755,0.15835777126099707,12.3,41,1,1970,27
sweep-58,64,0,0,0,6.0118564939984935,1117,32.832,0.09899999999999999,0.04105571847507331,12.3,42,1,1970,29
sweep-58,64,0,0,0,6.048861245999433,1117,0.0,0.3645,0.25024437927663734,12.3,42,1,1970,30
sweep-58,64,0,0,0,6.08887981999942,1127,24.624000000000002,0.32849999999999996,0.21505376344086022,12.3,42,1,1970,32
sweep-58,64,0,0,0,6.128865079999741,1137,16.416,0.5085,0.24731182795698925,12.3,43,1,1970,34
sweep-58,64,0,0,0,6.1688675440000225,1148,27.360000000000003,0.40499999999999997,0.2404692082111437,12.0,43,1,1970,36
sweep-58,64,0,0,0,6.2058651839997765,1166,38.304,0.17099999999999999,0.1241446725317693,12.0,43,1,1970,38
sweep-58,64,0,0,0,6.241885852999985,1180,30.096000000000004,0.17099999999999999,0.10948191593352884,12.0,41,1,1970,40
sweep-58,64,0,0,0,6.279896946998633,1187,13.680000000000001,0.3105,0.2375366568914956,12.3,41,1,1970,42
sweep-58,64,0,0,0,6.3158892639985424,1202,32.832,0.3465,0.18181818181818182,12.3,41,1,1970,44
sweep-58,64,0,0,0,6.355908875999376,1213,21.888,0.49049999999999994,0.2678396871945259,12.3,41,1,1970,46
sweep-58,64,0,0,0,6.399910021998949,1231,35.568000000000005,0.36,0.2238514173998045,12.3,41,1,1970,48
sweep-58,64,0,0,0,6.435940784000195,1252,41.040000000000006,0.1845,0.13391984359726294,12.3,41,1,1970,50
sweep-58,64,0,0,0,6.475951968999652,1269,30.096000000000004,0.23399999999999999,0.15640273704789834,12.3,41,1,1970,52
sweep-58,64,0,0,0,6.515935302999424,1284,32.832,0.27449999999999997,0.18181818181818182,12.1,41,1,1970,54
sweep-58,64,0,0,0,6.556947534998471,1302,35.568000000000005,0.38249999999999995,0.19257086999022482,12.1,41,1,1970,56
sweep-58,64,0,0,0,6.5929340189995855,1316,32.832,0.4725,0.24437927663734116,12.1,41,1,1970,58
sweep-58,64,0,0,0,6.631934454999282,1338,43.776,0.3735,0.1906158357771261,12.1,41,1,1970,58
sweep-58,64,0,0,0,6.66796484599945,1359,46.512,0.2835,0.1378299120234604,12.1,41,1,1970,58
sweep-58,64,0,0,0,6.704976801000157,1379,43.776,0.23399999999999999,0.11241446725317693,12.1,41,1,1970,58
sweep-58,64,0,0,0,6.742976116998761,1392,27.360000000000003,0.33299999999999996,0.22482893450635386,12.3,41,1,1970,58
sweep-58,64,0,0,0,6.779965683999762,1412,41.040000000000006,0.351,0.21212121212121213,12.3,41,1,1970,58
sweep-58,64,0,0,0,6.815987352998491,1429,35.568000000000005,0.4815,0.2238514173998045,12.3,41,1,1970,58
sweep-58,64,0,0,0,6.854997047999859,1449,43.776,0.315,0.20625610948191594,12.1,41,1,1970,58
sweep-58,64,0,0,0,6.891007254000215,1472,46.512,0.22049999999999997,0.12218963831867058,12.1,41,1,1970,58
sweep-58,64,0,0,0,6.928010468998764,1492,43.776,0.26549999999999996,0.0967741935483871,12.1,41,1,1970,58
sweep-58,64,0,0,0,6.965008960998603,1504,27.360000000000003,0.3465,0.2404692082111437,12.1,41,1,1970,58
sweep-58,64,0,0,0,7.002012527998886,1524,43.776,0.32849999999999996,0.17497556207233628,12.1,41,1,1970,58
sweep-58,64,0,0,0,7.03801004900015,1540,32.832,0.46799999999999997,0.24437927663734116,12.1,41,1,1970,58
sweep-58,64,0,0,0,7.074015309999595,1560,46.512,0.37799999999999995,0.18475073313782991,12.1,41,1,1970,58
sweep-58,64,0,0,0,7.113039467998533,1583,46.512,0.252,0.1378299120234604,12.3,41,1,1970,58
sweep-58,64,0,0,0,7.152037126999858,1605,43.776,0.19799999999999998,0.11241446725317693,12.3,41,1,1970,58
sweep-58,64,0,0,0,7.190030812998884,1620,32.832,0.34199999999999997,0.18181818181818182,12.3,41,1,1970,58
sweep-58,64,0,0,0,7.228053054999691,1635,35.568000000000005,0.351,0.23949169110459434,12.3,41,1,1970,58
sweep-58,64,0,0,0,7.265042010998513,1654,38.304,0.43199999999999994,0.2179863147605083,12.3,41,1,1970,58
sweep-58,64,0,0,0,7.302050891999897,1673,41.040000000000006,0.44099999999999995,0.21212121212121213,12.3,41,1,1970,58
sweep-58,64,0,0,0,7.3410577539998485,1696,49.248000000000005,0.24749999999999997,0.14760508308895406,12.2,41,1,1970,57
sweep-58,64,0,0,0,7.377061441999103,1717,43.776,0.26099999999999995,0.11241446725317693,12.2,41,1,1970,55
sweep-58,64,0,0,0,7.417065978999744,1735,32.832,0.2565,0.16617790811339198,12.2,41,1,1970,53
sweep-58,64,0,0,0,7.45808032199966,1752,35.568000000000005,0.36,0.19257086999022482,12.3,41,1,1970,51
sweep-58,64,0,0,0,7.497083294998447,1768,32.832,0.40049999999999997,0.2130987292277615,12.3,41,1,1970,49
sweep-58,64,0,0,0,7.538084896999862,1785,35.568000000000005,0.315,0.19257086999022482,12.3,41,1,1970,47
sweep-58,64,0,0,0,7.577083758998924,1805,38.304,0.21599999999999997,0.1241446725317693,12.3,41,1,1970,45
sweep-58,64,0,0,0,7.618099268000151,1821,32.832,0.1755,0.1348973607038123,12.3,41,1,1970,43
sweep-58,64,0,0,0,7.6580957869991835,1835,30.096000000000004,0.2385,0.12512218963831867,12.3,41,1,1970,41
sweep-58,64,0,0,0,7.698116342999128,1846,21.888,0.306,0.18963831867057673,12.3,41,1,1970,39
sweep-58,64,0,0,0,7.738120194999283,1858,24.624000000000002,0.31949999999999995,0.21505376344086022,12.3,41,1,1970,37
sweep-58,64,0,0,0,7.779124314998626,1873,27.360000000000003,0.3015,0.17790811339198437,12.3,41,1,1970,35
sweep-58,64,0,0,0,7.819126759999563,1885,24.624000000000002,0.22049999999999997,0.18377321603128055,12.3,41,1,1970,33
sweep-58,64,0,0,0,7.85912861199904,1900,27.360000000000003,0.19799999999999998,0.11534701857282502,12.3,41,1,1970,31
sweep-58,64,0,0,0,7.899156760999176,1905,8.208,0.2835,0.24926686217008798,12.3,41,1,1970,29
sweep-58,64,0,0,0,7.9401618629999575,1917,24.624000000000002,0.288,0.1681329423264907,12.3,41,1,1970,27
sweep-58,64,0,0,0,7.980162344998462,1924,13.680000000000001,0.33749999999999997,0.22189638318670576,12.3,41,1,1970,25
sweep-58,64,0,0,0,8.024179898999137,1937,27.360000000000003,0.20249999999999999,0.13098729227761485,12.3,41,1,1970,23
sweep-58,64,0,0,0,8.064206287999696,1946,16.416,0.16199999999999998,0.1378299120234604,12.3,41,1,1970,21
sweep-58,64,0,0,0,8.100185086999772,1954,16.416,0.09449999999999999,0.09090909090909091,12.3,41,1,1970,19
sweep-58,64,0,0,0,8.139216521998605,1957,5.472,0.16199999999999998,0.1300097751710655,12.3,41,1,1970,17
sweep-58,64,0,0,0,8.185213261000172,1957,0.0,0.19349999999999998,0.187683284457478,12.3,41,1,1058,3
sweep-58,64,0,0,0,8.225195539000197,1955,-5.472,0.2925,0.22971652003910067,12.3,41,1,1058,5
sweep-58,64,0,0,0,8.261195096998563,1955,0.0,0.22949999999999998,0.187683284457478,12.3,41,1,1058,7
sweep-58,64,0,0,0,8.325205882998489,1955,0.0,0.0765,0.12512218963831867,12.3,41,1,1058,10
sweep-58,64,0,0,0,8.361207699999795,1956,0.0,0.0045,0.0469208211143695,12.3,41,1,1058,12
sweep-58,64,0,0,0,8.402231172000029,1955,0.0,0.0,0.0,12.3,41,1,1058,14
sweep-58,64,0,0,0,8.442234950000056,1955,0.0,-0.05399999999999999,0.07820136852394917,12.3,41,1,1058,16
sweep-58,64,0,0,0,8.481236478999563,1955,0.0,-0.22499999999999998,0.17204301075268819,12.3,41,1,1058,18
sweep-58,64,0,0,0,8.521237367998765,1955,0.0,-0.5085,0.26588465298142716,12.3,41,1,1058,20
sweep-58,64,0,0,0,8.561233331998665,1952,-8.208,-0.5579999999999999,0.3118279569892473,12.3,41,1,1058,22
sweep-58,64,0,0,0,8.601246387999709,1941,-21.888,-0.4095,0.23655913978494625,12.0,41,1,1058,24
sweep-58,64,0,0,0,8.642252544999792,1929,-27.360000000000003,-0.2115,0.16226783968719452,12.0,41,1,1058,26
sweep-58,64,0,0,0,8.682260989999122,1915,-27.360000000000003,-0.17099999999999999,0.09970674486803519,12.0,41,1,1058,28
sweep-58,64,0,0,0,8.722282545999406,1910,-8.208,-0.243,0.20234604105571846,12.4,41,1,1058,30
sweep-58,64,0,0,0,8.76226569499886,1899,-21.888,-0.315,0.1739980449657869,12.4,41,1,1058,32
sweep-58,64,0,0,0,8.803266814999006,1892,-16.416,-0.44099999999999995,0.24731182795698925,12.4,41,1,1058,34
sweep-58,64,0,0,0,8.843286981998972,1879,-27.360000000000003,-0.31949999999999995,0.20918866080156404,12.3,41,1,1058,36
sweep-58,64,0,0,0,8.88328700099919,1864,-30.096000000000004,-0.243,0.17204301075268819,12.3,41,1,1058,38
sweep-58,64,0,0,0,8.923305037998944,1848,-30.096000000000004,-0.1485,0.12512218963831867,12.3,41,1,1058,40
sweep-58,64,0,0,0,8.96433604699996,1834,-27.360000000000003,-0.22049999999999997,0.13098729227761485,12.3,41,1,1058,42
sweep-58,64,0,0,0,9.003316946998893,1824,-21.888,-0.38249999999999995,0.2209188660801564,12.3,41,1,1058,44
sweep-58,64,0,0,0,9.044314881999526,1811,-27.360000000000003,-0.423,0.2404692082111437,12.3,41,1,1058,46
sweep-58,64,0,0,0,9.084342881998964,1795,-32.832,-0.4095,0.2287390029325513,12.1,41,1,1058,48
sweep-58,64,0,0,0,9.123344151999845,1776,-38.304,-0.27899999999999997,0.18670576735092864,12.1,41,1,1058,50
sweep-58,64,0,0,0,9.163348078000126,1756,-38.304,-0.243,0.15542521994134897,12.1,41,1,1058,52
sweep-58,64,0,0,0,9.203352781998547,1737,-38.304,-0.20249999999999999,0.14565004887585534,12.3,41,1,1058,54
sweep-58,64,0,0,0,9.243441688999155,1720,-30.096000000000004,-0.297,0.187683284457478,12.3,41,1,1058,56
sweep-58,64,0,0,0,9.284355996000158,1703,-35.568000000000005,-0.43199999999999994,0.2238514173998045,12.3,41,1,1058,58
sweep-58,64,0,0,0,9.325371689999884,1685,-38.304,-0.486,0.23362658846529813,12.3,41,1,1058,58
sweep-58,64,0,0,0,9.362376922999829,1666,-46.512,-0.38249999999999995,0.18475073313782991,12.3,41,1,1058,58
sweep-58,64,0,0,0,9.400384127999132,1643,-46.512,-0.2925,0.15347018572825025,12.3,41,1,1058,58
sweep-58,64,0,0,0,9.437380527999267,1622,-43.776,-0.1845,0.12805474095796676,12.3,41,1,1058,58
sweep-58,64,0,0,0,9.477374676998807,1602,-35.568000000000005,-0.23399999999999999,0.14565004887585534,12.3,41,1,1058,58
sweep-58,64,0,0,0,9.514370428998518,1588,-32.832,-0.306,0.2130987292277615,12.3,41,1,1058,58
sweep-58,64,0,0,0,9.553399641999931,1570,-35.568000000000005,-0.44999999999999996,0.2238514173998045,12.3,41,1,1058,58
sweep-58,64,0,0,0,9.5894284219994,1552,-38.304,-0.38699999999999996,0.23362658846529813,12.3,41,1,1058,58
sweep-58,64,0,0,0,9.628400469999178,1529,-43.776,-0.306,0.1906158357771261,12.3,41,1,1058,58
sweep-58,64,0,0,0,9.668395506998422,1507,-43.776,-0.288,0.15933528836754643,12.5,41,1,1058,58
sweep-58,64,0,0,0,9.706412711999292,1487,-43.776,-0.24749999999999997,0.12805474095796676,12.5,41,1,1058,58
sweep-58,64,0,0,0,9.744425675999082,1469,-38.304,-0.2385,0.13978494623655913,12.5,41,1,1058,58
sweep-58,64,0,0,0,9.781406835998496,1453,-32.832,-0.33299999999999996,0.19745845552297164,12.3,41,1,1058,58
sweep-58,64,0,0,0,9.81742191199919,1437,-35.568000000000005,-0.38249999999999995,0.2238514173998045,12.3,41,1,1058,58
sweep-58,64,0,0,0,9.855425042998831,1420,-32.832,-0.44549999999999995,0.260019550342131,12.3,41,1,1058,58
sweep-58,64,0,0,0,9.891449692999231,1398,-43.776,-0.3555,0.20625610948191594,12.3,41,1,1058,58
sweep-58,64,0,0,0,9.93156850699961,1377,-41.040000000000006,-0.3015,0.19648093841642228,12.3,41,1,1058,58
sweep-58,64,0,0,0,9.971440064999115,1354,-43.776,-0.23399999999999999,0.1436950146627566,12.3,41,1,1058,58
sweep-58,64,0,0,0,10.011453768998763,1334,-41.040000000000006,-0.20249999999999999,0.1495601173020528,12.1,41,1,1058,57
sweep-58,64,0,0,0,10.052456888999586,1315,-38.304,-0.288,0.1710654936461388,12.1,41,1,1058,55
sweep-58,64,0,0,0,10.094160705999457,1297,-35.568000000000005,-0.3465,0.19257086999022482,12.1,41,1,1058,53
sweep-58,64,0,0,0,10.13856197899986,1278,-35.568000000000005,-0.32849999999999996,0.19257086999022482,12.1,41,1,1058,51
sweep-58,64,0,0,0,10.177498416000162,1261,-35.568000000000005,-0.297,0.19257086999022482,12.1,41,1,1058,49
sweep-58,64,0,0,0,10.213492454999141,1243,-35.568000000000005,-0.27899999999999997,0.16129032258064516,12.1,41,1,1058,47
sweep-58,64,0,0,0,10.254491945999689,1226,-32.832,-0.24749999999999997,0.1348973607038123,12.3,41,1,1058,45
sweep-58,64,0,0,0,10.294495575999463,1210,-30.096000000000004,-0.21599999999999997,0.15640273704789834,12.3,41,1,1058,43
sweep-58,64,0,0,0,10.334504057998856,1196,-27.360000000000003,-0.2115,0.16226783968719452,12.3,41,1,1058,41
sweep-58,64,0,0,0,10.373500845998933,1182,-30.096000000000004,-0.27899999999999997,0.15640273704789834,12.2,41,1,1058,39
sweep-58,64,0,0,0,10.413539586999832,1170,-24.624000000000002,-0.252,0.19941348973607037,12.2,41,1,1058,37
sweep-58,64,0,0,0,10.453536475999499,1157,-24.624000000000002,-0.26999999999999996,0.18377321603128055,12.2,41,1,1058,35
sweep-58,64,0,0,0,10.493540864999886,1143,-27.360000000000003,-0.24749999999999997,0.1466275659824047,12.2,41,1,1058,33
sweep-58,64,0,0,0,10.53355125499911,1131,-24.624000000000002,-0.22049999999999997,0.15249266862170088,12.2,41,1,1058,31
sweep-58,64,0,0,0,10.574552670999765,1120,-21.888,-0.20249999999999999,0.14271749755620725,12.2,41,1,1058,29
sweep-58,64,0,0,0,10.614547856999707,1111,-16.416,-0.1845,0.16911045943304007,12.3,41,1,1058,27
sweep-58,64,0,0,0,10.65457185699961,1101,-19.152,-0.22499999999999998,0.14858260019550343,12.3,41,1,1058,25
sweep-58,64,0,0,0,10.69459254299909,1095,-13.680000000000001,-0.297,0.20625610948191594,12.3,41,1,1058,23
sweep-58,64,0,0,0,10.735571162998895,1085,-19.152,-0.2565,0.16422287390029325,12.3,41,1,1058,21
sweep-58,64,0,0,0,10.776567709999654,1079,-10.944,-0.20249999999999999,0.18084066471163246,12.3,41,1,1058,19
sweep-58,64,0,0,0,10.813574609999705,1072,-13.680000000000001,-0.19349999999999998,0.12805474095796676,12.3,41,1,1058,17
sweep-58,64,0,0,0,10.852586563998557,1072,0.0,-0.3015,0.20332355816226785,12.3,41,1,1970,2
sweep-58,64,0,0,0,10.888588529000117,1073,0.0,-0.33749999999999997,0.25024437927663734,12.3,41,1,1970,4
sweep-58,64,0,0,0,10.928586825999446,1075,5.472,-0.423,0.27663734115347016,12.3,41,1,1970,6
sweep-58,64,0,0,0,10.968597529999897,1076,0.0,-0.33749999999999997,0.25024437927663734,12.3,41,1,1970,8
sweep-58,64,0,0,0,11.008605068000179,1075,0.0,-0.19349999999999998,0.187683284457478,12.3,41,1,1970,10
sweep-58,64,0,0,0,11.048605104999297,1075,0.0,-0.0765,0.12512218963831867,12.3,41,1,1970,12
sweep-58,64,0,0,0,11.08861866099869,1075,0.0,-0.0045,0.06256109481915934,12.3,41,1,1970,14
sweep-58,64,0,0,0,11.129612762999386,1075,0.0,0.0,0.015640273704789834,12.3,41,1,1970,16
sweep-58,64,0,0,0,11.169623244999457,1076,0.0,0.072,0.093841642228739,12.3,41,1,1970,18
sweep-58,64,0,0,0,11.2096454120001,1075,0.0,0.3015,0.20332355816226785,12.3,41,1,1970,20
sweep-58,64,0,0,0,11.249720336998507,1076,0.0,0.45899999999999996,0.29716520039100686,12.3,41,1,1970,22
sweep-58,64,0,0,0,11.289736134000123,1085,19.152,0.3465,0.22678396871945258,12.3,41,1,1970,24
sweep-58,64,0,0,0,11.330733662000057,1097,24.624000000000002,0.24749999999999997,0.1681329423264907,12.3,41,1,1970,26
sweep-58,64,0,0,0,11.367726524998943,1108,27.360000000000003,0.072,0.11534701857282502,12.3,41,1,1970,27
sweep-58,64,0,0,0,11.405724118998478,1118,16.416,0.22049999999999997,0.12218963831867058,12.3,41,1,1970,29
sweep-58,64,0,0,0,11.4457233789999,1119,5.472,0.351,0.28641251221896386,12.3,41,1,1970,31
sweep-58,64,0,0,0,11.485804637999536,1133,27.360000000000003,0.351,0.1935483870967742,12.3,41,1,1970,33
sweep-58,64,0,0,0,11.525752952999028,1139,10.944,0.6255,0.30596285434995113,12.3,41,1,1970,35
sweep-58,64,0,0,0,11.56473953800014,1157,41.040000000000006,0.243,0.1495601173020528,12.3,41,1,1970,37
sweep-58,64,0,0,0,11.605731177000052,1174,30.096000000000004,0.1485,0.12512218963831867,12.3,41,1,1970,39
sweep-58,64,0,0,0,11.642731354999341,1184,19.152,0.3105,0.19550342130987292,12.3,41,1,1970,41
sweep-58,64,0,0,0,11.682732448000024,1196,24.624000000000002,0.3645,0.21505376344086022,12.3,41,1,1970,43
sweep-58,64,0,0,0,11.722724096000093,1209,24.624000000000002,0.423,0.24633431085043989,12.3,41,1,1970,45
sweep-58,64,0,0,0,11.762732577999486,1224,30.096000000000004,0.3465,0.25024437927663734,12.1,41,1,1970,47
sweep-58,64,0,0,0,11.802734060000148,1246,43.776,0.23399999999999999,0.12805474095796676,12.1,41,1,1970,49
sweep-58,64,0,0,0,11.838735617999191,1262,35.568000000000005,0.252,0.1300097751710655,12.1,41,1,1970,51
sweep-58,64,0,0,0,11.877749368999503,1276,27.360000000000003,0.288,0.1935483870967742,12.1,41,1,1970,53
sweep-58,64,0,0,0,11.917752109999128,1294,38.304,0.40049999999999997,0.18670576735092864,12.1,41,1,1970,55
sweep-58,64,0,0,0,11.957755147999706,1309,30.096000000000004,0.44999999999999996,0.26588465298142716,12.1,41,1,1970,57
sweep-58,64,0,0,0,11.996754731999317,1331,43.776,0.26999999999999996,0.1906158357771261,12.3,41,1,1970,58
sweep-58,64,0,0,0,12.032776807998744,1353,46.512,0.207,0.12218963831867058,12.3,41,1,1970,58
sweep-58,64,0,0,0,12.069769244999407,1371,38.304,0.243,0.13978494623655913,12.3,41,1,1970,58
sweep-58,64,0,0,0,12.107795653999347,1387,32.832,0.3015,0.19745845552297164,12.2,41,1,1970,58
sweep-58,64,0,0,0,12.144769238999288,1406,41.040000000000006,0.369,0.18084066471163246,12.2,41,1,1970,58
sweep-58,64,0,0,0,12.181781305998811,1423,35.568000000000005,0.3645,0.2238514173998045,12.2,41,1,1970,58
sweep-58,64,0,0,0,12.219818046998626,1444,43.776,0.297,0.17497556207233628,12.1,41,1,1970,58
sweep-58,64,0,0,0,12.255817234999995,1465,46.512,0.26999999999999996,0.12218963831867058,12.1,41,1,1970,58
sweep-58,64,0,0,0,12.292796264999197,1484,43.776,0.18,0.11241446725317693,12.1,41,1,1970,58
sweep-58,64,0,0,0,12.33001527399938,1499,30.096000000000004,0.3465,0.20332355816226785,12.3,41,1,1970,58
sweep-58,64,0,0,0,12.366795952999382,1517,41.040000000000006,0.3645,0.19648093841642228,12.3,41,1,1970,58
sweep-58,64,0,0,0,12.406813416999285,1536,35.568000000000005,0.45899999999999996,0.23949169110459434,12.3,41,1,1970,58
sweep-58,64,0,0,0,12.44380992799961,1555,43.776,0.33299999999999996,0.1906158357771261,12.3,41,1,1970,58
sweep-58,64,0,0,0,12.479842558999735,1577,49.248000000000005,0.2385,0.11632453567937438,12.3,41,1,1970,58
sweep-58,64,0,0,0,12.515869209999437,1596,43.776,0.207,0.11241446725317693,12.3,41,1,1970,58
sweep-58,64,0,0,0,12.553825451999728,1612,32.832,0.32399999999999995,0.18181818181818182,12.3,41,1,1970,58
sweep-58,64,0,0,0,12.589831953999237,1629,38.304,0.38699999999999996,0.20234604105571846,12.3,41,1,1970,58
sweep-58,64,0,0,0,12.626848538999184,1645,35.568000000000005,0.43199999999999994,0.2238514173998045,12.3,41,1,1970,58
sweep-58,64,0,0,0,12.662834670998564,1665,41.040000000000006,0.37799999999999995,0.21212121212121213,12.3,41,1,1970,58
sweep-58,64,0,0,0,12.698856747998434,1685,43.776,0.3105,0.15933528836754643,12.3,41,1,1970,58
sweep-58,64,0,0,0,12.734870267999213,1706,43.776,0.18899999999999997,0.12805474095796676,12.3,41,1,1970,56
sweep-58,64,0,0,0,12.77485941699888,1724,32.832,0.288,0.16617790811339198,12.3,41,1,1970,54
sweep-58,64,0,0,0,12.813873704999423,1740,30.096000000000004,0.32849999999999996,0.21896383186705767,12.3,41,1,1970,52
sweep-58,64,0,0,0,12.853879038999366,1757,30.096000000000004,0.3645,0.23460410557184752,12.3,41,1,1970,50
sweep-58,64,0,0,0,12.893876964999436,1776,38.304,0.288,0.18670576735092864,12.3,41,1,1970,48
sweep-58,64,0,0,0,12.933903372999339,1795,38.304,0.243,0.13978494623655913,12.3,41,1,1970,46
sweep-58,64,0,0,0,12.973890613999174,1812,32.832,0.21599999999999997,0.1348973607038123,12.3,41,1,1970,44
sweep-58,64,0,0,0,13.013904687999457,1827,30.096000000000004,0.22949999999999998,0.14076246334310852,12.3,41,1,1970,42
sweep-58,64,0,0,0,13.053916780998406,1837,21.888,0.3735,0.2209188660801564,12.3,41,1,1970,40
sweep-58,64,0,0,0,13.093926337000084,1852,30.096000000000004,0.36,0.187683284457478,12.3,41,1,1970,38
sweep-58,64,0,0,0,13.134942253998815,1864,24.624000000000002,0.27899999999999997,0.21505376344086022,12.3,41,1,1970,36
sweep-58,64,0,0,0,13.174948068999583,1880,30.096000000000004,0.19349999999999998,0.14076246334310852,12.3,41,1,1970,34
sweep-58,64,0,0,0,13.21495151399904,1892,21.888,0.16199999999999998,0.14271749755620725,12.3,41,1,1970,32
sweep-58,64,0,0,0,13.254935273998854,1903,19.152,0.26549999999999996,0.14858260019550343,12.3,41,1,1970,30
sweep-58,64,0,0,0,13.292942459998812,1907,8.208,0.38249999999999995,0.24926686217008798,12.3,41,1,1970,29
sweep-58,64,0,0,0,13.331952988999547,1918,21.888,0.3465,0.18963831867057673,12.3,41,1,1970,27
sweep-58,64,0,0,0,13.368937260000166,1926,19.152,0.3015,0.21114369501466276,12.3,41,1,1970,25
sweep-58,64,0,0,0,13.404954613999507,1938,27.360000000000003,0.153,0.11534701857282502,12.3,41,1,1970,23
sweep-58,64,0,0,0,13.442977725999299,1946,16.416,0.1485,0.12218963831867058,12.3,41,1,1970,21
sweep-58,64,0,0,0,13.478977709999526,1949,5.472,0.19349999999999998,0.19257086999022482,12.3,41,1,1970,19
sweep-58,64,0,0,0,13.518972265999764,1955,10.944,0.22949999999999998,0.1495601173020528,12.3,41,1,1970,17
sweep-58,64,0,0,0,13.558987784999772,1954,0.0,0.34199999999999997,0.21896383186705767,12.3,41,1,1058,2
sweep-58,64,0,0,0,13.599986997998712,1955,0.0,0.3015,0.21896383186705767,12.3,41,1,1058,4
sweep-58,64,0,0,0,13.635994906999258,1953,-5.472,0.34199999999999997,0.24535679374389052,12.3,41,1,1058,6
sweep-58,64,0,0,0,13.67199198399976,1953,0.0,0.22949999999999998,0.187683284457478,12.3,41,1,1058,8
sweep-58,64,0,0,0,13.71101041899965,1953,0.0,0.13049999999999998,0.14076246334310852,12.3,41,1,1058,10
sweep-58,64,0,0,0,13.752004483998462,1953,0.0,0.0315,0.093841642228739,12.3,41,1,1058,12
sweep-58,64,0,0,0,13.792043280998769,1954,0.0,0.0,0.015640273704789834,12.3,41,1,1058,14
sweep-58,64,0,0,0,13.832018929999322,1953,0.0,-0.0315,0.06256109481915934,12.3,41,1,1058,16
sweep-58,64,0,0,0,13.872030022999752,1954,0.0,-0.18899999999999997,0.15640273704789834,12.3,41,1,1058,18
sweep-58,64,0,0,0,13.91303184699973,1953,0.0,-0.38249999999999995,0.25024437927663734,12.3,41,1,1058,20
sweep-58,64,0,0,0,13.95304801400016,1949,-10.944,-0.40499999999999997,0.27468230694037143,12.3,41,1,1058,22
sweep-58,64,0,0,0,13.993052607000209,1941,-16.416,-0.423,0.24731182795698925,12.3,41,1,1058,24
sweep-58,64,0,0,0,14.033090550999987,1929,-27.360000000000003,-0.22499999999999998,0.17790811339198437,12.3,41,1,1058,26
sweep-58,64,0,0,0,14.071062885999709,1917,-24.624000000000002,-0.17099999999999999,0.12121212121212122,12.3,41,1,1058,27
sweep-58,64,0,0,0,14.11008817399852,1909,-13.680000000000001,-0.22499999999999998,0.17497556207233628,12.3,41,1,1058,29
sweep-58,64,0,0,0,14.150088303998928,1899,-21.888,-0.2565,0.15835777126099707,12.3,41,1,1058,31
sweep-58,64,0,0,0,14.190090526999484,1891,-16.416,-0.32399999999999995,0.21603128054740958,12.3,41,1,1058,33
sweep-58,64,0,0,0,14.230115470998498,1879,-24.624000000000002,-0.33299999999999996,0.19941348973607037,12.3,41,1,1058,35
sweep-58,64,0,0,0,14.272093952999057,1866,-24.624000000000002,-0.26999999999999996,0.19941348973607037,12.3,41,1,1058,38
sweep-58,64,0,0,0,14.312083564000204,1851,-30.096000000000004,-0.21599999999999997,0.15640273704789834,12.1,41,1,1058,40
sweep-58,64,0,0,0,14.352100897998753,1836,-30.096000000000004,-0.19799999999999998,0.14076246334310852,12.1,41,1,1058,42
sweep-58,64,0,0,0,14.392125471998952,1824,-21.888,-0.2835,0.20527859237536658,12.1,41,1,1058,44
sweep-58,64,0,0,0,14.428141029999097,1810,-30.096000000000004,-0.3555,0.187683284457478,12.3,41,1,1058,46
sweep-58,64,0,0,0,14.46813836399997,1796,-27.360000000000003,-0.38249999999999995,0.22482893450635386,12.3,41,1,1058,48
sweep-58,64,0,0,0,14.508149937999406,1779,-35.568000000000005,-0.315,0.20821114369501467,12.3,41,1,1058,50
sweep-58,64,0,0,0,14.54814747599994,1760,-38.304,-0.2925,0.1710654936461388,12.3,41,1,1058,52
sweep-58,64,0,0,0,14.588127476999944,1741,-38.304,-0.23399999999999999,0.15542521994134897,12.3,41,1,1058,54
sweep-58,64,0,0,0,14.628138402998957,1720,-38.304,-0.26549999999999996,0.13978494623655913,12.3,41,1,1058,56
sweep-58,64,0,0,0,14.668132569999216,1702,-35.568000000000005,-0.306,0.176930596285435,12.3,41,1,1058,58
sweep-58,64,0,0,0,14.708152829998653,1685,-35.568000000000005,-0.3465,0.20821114369501467,12.3,41,1,1058,58
sweep-58,64,0,0,0,14.747157172998413,1665,-38.304,-0.38249999999999995,0.20234604105571846,12.3,41,1,1058,58
sweep-58,64,0,0,0,14.785166192999895,1646,-41.040000000000006,-0.315,0.19648093841642228,12.3,41,1,1058,58
sweep-58,64,0,0,0,14.823341952000192,1625,-43.776,-0.27899999999999997,0.15933528836754643,12.3,41,1,1058,58
sweep-58,64,0,0,0,14.860169834999397,1606,-41.040000000000006,-0.23399999999999999,0.1652003910068426,12.3,41,1,1058,58
sweep-58,64,0,0,0,14.897181512998941,1587,-41.040000000000006,-0.2565,0.13391984359726294,12.3,41,1,1058,58
sweep-58,64,0,0,0,14.935193366000021,1569,-38.304,-0.2565,0.15542521994134897,12.3,41,1,1058,58
sweep-58,64,0,0,0,14.972179061998759,1551,-38.304,-0.288,0.1710654936461388,12.3,41,1,1058,58
sweep-58,64,0,0,0,15.008191860999432,1534,-35.568000000000005,-0.32849999999999996,0.20821114369501467,12.3,41,1,1058,58
sweep-58,64,0,0,0,15.047201149000102,1514,-41.040000000000006,-0.351,0.18084066471163246,12.3,41,1,1058,58
sweep-58,64,0,0,0,15.083210613998745,1496,-41.040000000000006,-0.32399999999999995,0.19648093841642228,12.3,41,1,1058,58
sweep-58,64,0,0,0,15.120220550999875,1478,-38.304,-0.34199999999999997,0.18670576735092864,12.3,41,1,1058,58
sweep-58,64,0,0,0,15.157232838999334,1458,-41.040000000000006,-0.2835,0.1652003910068426,12.3,41,1,1058,58
sweep-58,64,0,0,0,15.19423198000004,1439,-38.304,-0.24749999999999997,0.1710654936461388,12.3,41,1,1058,58
sweep-58,64,0,0,0,15.23123023199878,1421,-41.040000000000006,-0.26999999999999996,0.1652003910068426,12.3,41,1,1058,58
sweep-58,64,0,0,0,15.267231122999874,1403,-38.304,-0.31949999999999995,0.18670576735092864,12.1,41,1,1058,58
sweep-58,64,0,0,0,15.306239411000206,1383,-41.040000000000006,-0.288,0.18084066471163246,12.1,41,1,1058,58
sweep-58,64,0,0,0,15.345279938999738,1364,-38.304,-0.3015,0.20234604105571846,12.1,41,1,1058,58
sweep-58,64,0,0,0,15.38528068099913,1343,-41.040000000000006,-0.3465,0.18084066471163246,12.1,41,1,1058,58
sweep-58,64,0,0,0,15.42329123699892,1326,-41.040000000000006,-0.297,0.18084066471163246,12.1,41,1,1058,57
sweep-58,64,0,0,0,15.46028148899859,1307,-38.304,-0.26099999999999995,0.1710654936461388,12.1,41,1,1058,55
sweep-58,64,0,0,0,15.50029074899976,1288,-35.568000000000005,-0.3015,0.176930596285435,12.3,41,1,1058,53
sweep-58,64,0,0,0,15.54028960100004,1269,-38.304,-0.2925,0.15542521994134897,12.3,41,1,1058,51
sweep-58,64,0,0,0,15.580307582999012,1252,-32.832,-0.27899999999999997,0.16617790811339198,12.3,41,1,1058,49
sweep-58,64,0,0,0,15.62031947200012,1236,-30.096000000000004,-0.22949999999999998,0.17204301075268819,12.2,41,1,1058,47
sweep-58,64,0,0,0,15.660311842999363,1220,-30.096000000000004,-0.315,0.17204301075268819,12.2,41,1,1058,45
sweep-58,64,0,0,0,15.698305677999087,1205,-32.832,-0.23399999999999999,0.16617790811339198,12.2,41,1,1058,43
sweep-58,64,0,0,0,15.73430856899904,1192,-27.360000000000003,-0.24749999999999997,0.17790811339198437,12.2,41,1,1058,41
sweep-58,64,0,0,0,15.770308552999268,1177,-30.096000000000004,-0.2385,0.14076246334310852,12.2,41,1,1058,39
sweep-58,64,0,0,0,15.81031136799902,1164,-27.360000000000003,-0.1845,0.1466275659824047,12.2,41,1,1058,37
sweep-58,64,0,0,0,15.850324349999937,1152,-21.888,-0.207,0.1739980449657869,12.3,41,1,1058,35
sweep-58,64,0,0,0,15.89034834999984,1140,-24.624000000000002,-0.2565,0.1681329423264907,12.3,41,1,1058,33
sweep-58,64,0,0,0,15.92734256499898,1130,-19.152,-0.31949999999999995,0.19550342130987292,12.3,41,1,1058,31
sweep-58,64,0,0,0,15.966355759999715,1119,-24.624000000000002,-0.26549999999999996,0.15249266862170088,12.3,41,1,1058,29
sweep-58,64,0,0,0,16.002368484998442,1110,-19.152,-0.2115,0.16422287390029325,12.3,41,1,1058,27
sweep-58,64,0,0,0,16.042356707999716,1100,-19.152,-0.22949999999999998,0.16422287390029325,12.3,41,1,1058,25
sweep-58,64,0,0,0,16.082356948998495,1092,-16.416,-0.243,0.16911045943304007,12.3,41,1,1058,23
sweep-58,64,0,0,0,16.1223639309992,1083,-16.416,-0.20249999999999999,0.15347018572825025,12.3,41,1,1058,21
sweep-58,64,0,0,0,16.161378662998686,1077,-13.680000000000001,-0.18,0.15933528836754643,12.3,41,1,1058,19
sweep-58,64,0,0,0,16.201369570999304,1072,-8.208,-0.26099999999999995,0.15542521994134897,12.3,41,1,1058,17
sweep-58,64,0,0,0,16.24738040199918,1072,0.0,-0.33749999999999997,0.21896383186705767,12.3,41,1,1970,3
sweep-116,64,0,0,0,0.009957477001080406,1076,0.0,0.0,0.0,12.3,41,1,1076,1
sweep-116,64,0,0,0,0.046968394999566954,1076,0.0,0.0,0.0,12.3,41,1,1076,1
sweep-116,64,0,0,0,0.08296234199951869,1076,0.0,0.0,0.0,12.3,41,1,1076,1
sweep-116,64,0,0,0,0.12696234100076254,1076,0.0,0.0,0.0,12.3,41,1,1970,3
sweep-116,64,0,0,0,0.16697263800051587,1076,0.0,0.0,0.03128054740957967,12.3,41,1,1970,5
sweep-116,64,0,0,0,0.2069676379996963,1076,0.0,0.018,0.0469208211143695,12.3,41,1,1970,7
sweep-116,64,0,0,0,0.24695954600065306,1076,0.0,0.049499999999999995,0.093841642228739,12.3,41,1,1970,9
sweep-116,64,0,0,0,0.2860065000004397,1076,0.0,0.18899999999999997,0.14076246334310852,12.3,41,1,1970,11
sweep-116,64,0,0,0,0.32198804000108794,1076,0.0,0.3015,0.20332355816226785,12.3,41,1,1970,13
sweep-116,64,0,0,0,0.36200194800039753,1076,0.0,0.44549999999999995,0.26588465298142716,12.3,41,1,1970,15
sweep-116,64,0,0,0,0.3990140509995399,1080,10.944,0.37799999999999995,0.2590420332355816,12.3,41,1,1970,16
sweep-116,64,0,0,0,0.43700444100068125,1090,21.888,0.2385,0.15835777126099707,12.3,41,1,1970,18
sweep-116,64,0,0,0,0.47701609000068856,1098,16.416,0.18,0.15347018572825025,12.3,41,1,1970,20
sweep-116,64,0,0,0,0.5150122400009423,1104,8.208,0.34199999999999997,0.18670576735092864,12.3,41,1,1970,22
sweep-116,64,0,0,0,0.5580258030004188,1106,5.472,0.39149999999999996,0.28641251221896386,12.3,41,1,1970,24
sweep-116,64,0,0,0,0.5980284150009538,1117,21.888,0.4095,0.20527859237536658,12.3,41,1,1970,26
sweep-116,64,0,0,0,0.6380480999996507,1122,10.944,0.513,0.30596285434995113,12.3,41,1,1970,28
sweep-116,64,0,0,0,0.678029360000437,1140,38.304,0.1755,0.1241446725317693,12.1,41,1,1970,30
sweep-116,64,0,0,0,0.7180389719997038,1152,19.152,0.19349999999999998,0.13294232649071358,12.1,41,1,1970,32
sweep-116,64,0,0,0,0.7570722969994677,1162,19.152,0.2925,0.14858260019550343,12.1,41,1,1970,34
sweep-116,64,0,0,0,0.7970833150011458,1169,16.416,0.40499999999999997,0.2316715542521994,12.1,41,1,1970,36
sweep-116,64,0,0,0,0.8370762790000299,1180,19.152,0.504,0.25806451612903225,12.1,41,1,1970,38
sweep-116,64,0,0,0,0.8770786500008398,1194,30.096000000000004,0.306,0.21896383186705767,12.1,41,1,1970,40
sweep-116,64,0,0,0,0.9171010570007638,1213,35.568000000000005,0.1755,0.1300097751710655,12.3,41,1,1970,42
sweep-116,64,0,0,0,0.957094983999923,1228,27.360000000000003,0.24749999999999997,0.1466275659824047,12.3,41,1,1970,44
sweep-116,64,0,0,0,0.9950887630002399,1241,30.096000000000004,0.2385,0.17204301075268819,12.3,41,1,1970,46
sweep-116,64,0,0,0,1.2231144010002026,1340,32.832,0.2565,0.18181818181818182,12.2,41,1,1970,57
sweep-116,64,0,0,0,1.262130392000472,1358,38.304,0.38699999999999996,0.18670576735092864,12.3,41,1,1970,60
sweep-116,64,0,0,0,1.2981216170010157,1376,38.304,0.45899999999999996,0.2179863147605083,12.3,41,1,1970,62
sweep-116,64,0,0,0,1.33812330299952,1398,46.512,0.38699999999999996,0.18475073313782991,12.3,41,1,1970,64
sweep-116,64,0,0,0,1.3781422100000782,1424,49.248000000000005,0.3015,0.14760508308895406,12.3,41,1,1970,66
sweep-116,64,0,0,0,1.4191438119996747,1448,49.248000000000005,0.26099999999999995,0.11632453567937438,12.3,41,1,1970,68
sweep-116,64,0,0,0,1.4591469610004424,1469,41.040000000000006,0.306,0.18084066471163246,12.3,41,1,1970,70
sweep-116,64,0,0,0,1.4981581009997171,1491,43.776,0.414,0.20625610948191594,12.3,41,1,1970,72
sweep-116,64,0,0,0,1.5381635270005063,1514,43.776,0.46349999999999997,0.2375366568914956,12.3,41,1,1970,74
sweep-116,64,0,0,0,1.5791828319997876,1542,54.720000000000006,0.38249999999999995,0.19941348973607037,12.3,41,1,1970,73
sweep-116,64,0,0,0,1.6201852859994688,1570,54.720000000000006,0.2385,0.13685239491691104,12.3,41,1,1970,71
sweep-116,64,0,0,0,1.6601896379997925,1596,51.984,0.22949999999999998,0.11143695014662756,12.3,41,1,1970,69
sweep-116,64,0,0,0,1.7001849910011515,1616,35.568000000000005,0.3105,0.20821114369501467,12.3,41,1,1970,67
sweep-116,64,0,0,0,1.7401935840007354,1638,46.512,0.3645,0.18475073313782991,12.3,41,1,1970,65
sweep-116,64,0,0,0,1.7772006129998772,1656,41.040000000000006,0.44999999999999996,0.22776148582600195,12.3,41,1,1970,63
sweep-116,64,0,0,0,1.813193133999448,1679,46.512,0.31949999999999995,0.18475073313782991,12.3,41,1,1970,61
sweep-116,64,0,0,0,1.8502115339997545,1700,49.248000000000005,0.22049999999999997,0.13196480938416422,12.3,41,1,1970,59
sweep-116,64,0,0,0,1.889217488000213,1721,41.040000000000006,0.22049999999999997,0.13391984359726294,12.3,41,1,1970,57
sweep-116,64,0,0,0,1.9252092320002703,1738,32.832,0.27899999999999997,0.18181818181818182,12.3,41,1,1970,55
sweep-116,64,0,0,0,1.9642258160001802,1756,35.568000000000005,0.3645,0.19257086999022482,12.3,41,1,1970,53
sweep-116,64,0,0,0,2.0052205470001354,1773,32.832,0.37799999999999995,0.2287390029325513,12.3,41,1,1970,51
sweep-116,64,0,0,0,2.045234622000862,1793,41.040000000000006,0.26999999999999996,0.1652003910068426,12.3,41,1,1970,49
sweep-116,64,0,0,0,2.0852559369996015,1811,32.832,0.2385,0.16617790811339198,12.3,41,1,1970,47
sweep-116,64,0,0,0,2.1252416229999653,1829,35.568000000000005,0.153,0.11436950146627566,12.3,41,1,1970,45
sweep-116,64,0,0,0,2.166257687000325,1843,21.888,0.3105,0.1739980449657869,12.3,41,1,1970,43
sweep-116,64,0,0,0,2.2072670300003665,1854,24.624000000000002,0.38249999999999995,0.23069403714565004,12.3,41,1,1970,41
sweep-116,64,0,0,0,2.247256771001048,1868,27.360000000000003,0.3735,0.20918866080156404,12.3,41,1,1970,39
sweep-116,64,0,0,0,2.284264115000042,1880,27.360000000000003,0.2925,0.20918866080156404,12.3,41,1,1970,38
sweep-116,64,0,0,0,2.322277932000361,1897,35.568000000000005,0.18899999999999997,0.11436950146627566,12.3,41,1,1970,36
sweep-116,64,0,0,0,2.3602795629994944,1908,21.888,0.2115,0.15835777126099707,12.3,41,1,1970,34
sweep-116,64,0,0,0,2.396285880000505,1917,21.888,0.252,0.1739980449657869,12.3,41,1,1970,32
sweep-116,64,0,0,0,2.432284067001092,1927,19.152,0.26549999999999996,0.1798631476050831,12.3,41,1,1970,30
sweep-116,64,0,0,0,2.4703114019994246,1936,19.152,0.243,0.1798631476050831,12.3,41,1,1970,28
sweep-116,64,0,0,0,2.5102990129998943,1945,19.152,0.19349999999999998,0.14858260019550343,12.3,41,1,1970,26
sweep-116,64,0,0,0,2.550304717000472,1955,19.152,0.11249999999999999,0.08602150537634409,12.3,41,1,1970,24
sweep-116,64,0,0,0,2.5913097450011264,1959,8.208,0.13049999999999998,0.10850439882697947,12.3,41,1,1970,22
sweep-116,64,0,0,0,2.63130624599944,1958,0.0,0.243,0.17204301075268819,12.3,41,1,1058,2
sweep-116,64,0,0,0,2.6673270629999024,1957,0.0,0.32399999999999995,0.187683284457478,12.3,41,1,1058,4
sweep-116,64,0,0,0,2.7063280170004873,1955,0.0,0.22949999999999998,0.187683284457478,12.3,41,1,1058,6
sweep-116,64,0,0,0,2.742339444999743,1956,0.0,0.1575,0.14076246334310852,12.3,41,1,1058,8
sweep-116,64,0,0,0,2.7813381039995875,1956,0.0,0.05399999999999999,0.093841642228739,12.4,41,1,1058,10
sweep-116,64,0,0,0,2.826338463000866,1956,0.0,0.0045,0.03128054740957967,12.4,41,1,1058,12
sweep-116,64,0,0,0,2.8663467040005344,1956,0.0,-0.0045,0.03128054740957967,12.4,41,1,1058,14
sweep-116,64,0,0,0,2.902365113999622,1955,0.0,-0.09899999999999999,0.093841642228739,12.3,41,1,1058,16
sweep-116,64,0,0,0,2.9413695679995726,1955,0.0,-0.297,0.17204301075268819,12.3,41,1,1058,18
sweep-116,64,0,0,0,2.9813813460004894,1955,0.0,-0.4815,0.28152492668621704,12.3,41,1,1058,20
sweep-116,64,0,0,0,3.0213746250010445,1949,-19.152,-0.44999999999999996,0.25806451612903225,12.3,41,1,1058,22
sweep-116,64,0,0,0,3.0623818559997744,1939,-19.152,-0.3735,0.22678396871945258,12.3,41,1,1058,24
sweep-116,64,0,0,0,3.103379309999582,1926,-27.360000000000003,-0.153,0.13098729227761485,12.3,41,1,1058,26
sweep-116,64,0,0,0,3.143398051000986,1917,-10.944,-0.24749999999999997,0.1652003910068426,12.3,41,1,1058,28
sweep-116,64,0,0,0,3.1834034029998293,1912,-10.944,-0.36,0.2434017595307918,12.3,41,1,1058,30
sweep-116,64,0,0,0,3.2204119140005787,1902,-21.888,-0.38249999999999995,0.20527859237536658,12.1,41,1,1058,31
sweep-116,64,0,0,0,3.259399573000337,1894,-16.416,-0.423,0.26295210166177907,12.1,41,1,1058,33
sweep-116,64,0,0,0,3.2994161660008103,1879,-30.096000000000004,-0.243,0.187683284457478,12.1,41,1,1058,35
sweep-116,64,0,0,0,3.3394279809999716,1864,-30.096000000000004,-0.18899999999999997,0.14076246334310852,12.3,41,1,1058,37
sweep-116,64,0,0,0,3.3794204629994056,1849,-27.360000000000003,-0.1755,0.13098729227761485,12.3,41,1,1058,39
sweep-116,64,0,0,0,3.4164226410011906,1840,-19.152,-0.306,0.19550342130987292,12.3,41,1,1058,41
sweep-116,64,0,0,0,3.453421911000987,1828,-24.624000000000002,-0.3645,0.19941348973607037,12.3,41,1,1058,43
sweep-116,64,0,0,0,3.4914427080002497,1817,-24.624000000000002,-0.4275,0.2619745845552297,12.3,41,1,1058,45
sweep-116,64,0,0,0,3.531444800999452,1799,-38.304,-0.3555,0.20234604105571846,12.3,41,1,1058,47
sweep-116,64,0,0,0,3.5714624310003273,1781,-35.568000000000005,-0.2835,0.176930596285435,12.3,41,1,1058,49
sweep-116,64,0,0,0,3.611465080000926,1761,-41.040000000000006,-0.207,0.13391984359726294,12.3,41,1,1058,51
sweep-116,64,0,0,0,3.65147754300051,1743,-35.568000000000005,-0.21599999999999997,0.1300097751710655,12.3,41,1,1058,53
sweep-116,64,0,0,0,3.6914729140007694,1726,-32.832,-0.252,0.18181818181818182,12.3,41,1,1058,55
sweep-116,64,0,0,0,3.7314734699994005,1709,-32.832,-0.369,0.2130987292277615,12.3,41,1,1058,57
sweep-116,64,0,0,0,3.771471026000654,1691,-35.568000000000005,-0.39149999999999996,0.23949169110459434,12.3,41,1,1058,59
sweep-116,64,0,0,0,3.811483303999921,1669,-43.776,-0.3645,0.20625610948191594,12.3,41,1,1058,61
sweep-116,64,0,0,0,3.851484323000477,1645,-46.512,-0.351,0.16911045943304007,12.3,41,1,1058,63
sweep-116,64,0,0,0,3.8885194640006375,1624,-46.512,-0.24749999999999997,0.16911045943304007,12.3,41,1,1058,65
sweep-116,64,0,0,0,3.924511948000145,1603,-46.512,-0.2835,0.15347018572825025,12.3,41,1,1058,67
sweep-116,64,0,0,0,3.9605098760002875,1582,-43.776,-0.33749999999999997,0.17497556207233628,12.3,41,1,1058,69
sweep-116,64,0,0,0,4.000514265000675,1560,-43.776,-0.40499999999999997,0.20625610948191594,12.3,41,1,1058,71
sweep-116,64,0,0,0,4.0405200620007236,1537,-46.512,-0.43199999999999994,0.21603128054740958,12.3,41,1,1058,73
sweep-116,64,0,0,0,4.080529562001175,1511,-49.248000000000005,-0.4275,0.2101661779081134,12.3,41,1,1058,75
sweep-116,64,0,0,0,4.123551126000166,1484,-51.984,-0.3465,0.20527859237536658,12.3,41,1,1058,73
sweep-116,64,0,0,0,4.163568460000533,1457,-51.984,-0.34199999999999997,0.1739980449657869,12.1,41,1,1058,71
sweep-116,64,0,0,0,4.203704200001084,1431,-51.984,-0.27899999999999997,0.14271749755620725,12.1,41,1,1058,69
sweep-116,64,0,0,0,4.2435606270009885,1406,-46.512,-0.22499999999999998,0.12218963831867058,12.1,41,1,1058,67
sweep-116,64,0,0,0,4.2835576470006345,1385,-38.304,-0.3105,0.18670576735092864,12.3,41,1,1058,65
sweep-116,64,0,0,0,4.323562702000345,1364,-43.776,-0.3555,0.1906158357771261,12.3,41,1,1058,63
sweep-116,64,0,0,0,4.362579804999768,1345,-38.304,-0.43199999999999994,0.23362658846529813,12.3,41,1,1058,61
sweep-116,64,0,0,0,4.40257693500098,1322,-46.512,-0.32849999999999996,0.16911045943304007,12.3,41,1,1058,59
sweep-116,64,0,0,0,4.440586159000304,1301,-43.776,-0.2835,0.15933528836754643,12.3,41,1,1058,57
sweep-116,64,0,0,0,4.47658280900032,1282,-43.776,-0.207,0.12805474095796676,12.3,41,1,1058,55
sweep-116,64,0,0,0,4.51559646700116,1262,-41.040000000000006,-0.2115,0.10263929618768329,12.1,41,1,1058,53
sweep-116,64,0,0,0,4.5556038380000246,1249,-24.624000000000002,-0.3465,0.21505376344086022,12.1,41,1,1058,51
sweep-116,64,0,0,0,4.595601930999692,1231,-35.568000000000005,-0.3645,0.176930596285435,12.1,41,1,1058,49
sweep-116,64,0,0,0,4.635592691000056,1217,-27.360000000000003,-0.40049999999999997,0.2404692082111437,12.2,41,1,1058,47
sweep-116,64,0,0,0,4.675611079999726,1199,-38.304,-0.288,0.1710654936461388,12.2,41,1,1058,45
sweep-116,64,0,0,0,4.71561235900117,1182,-32.832,-0.243,0.15053763440860216,12.2,41,1,1058,43
sweep-116,64,0,0,0,4.752613259001009,1166,-35.568000000000005,-0.1575,0.11436950146627566,12.3,41,1,1058,41
sweep-116,64,0,0,0,4.788623149999694,1154,-24.624000000000002,-0.252,0.15249266862170088,12.3,41,1,1058,39
sweep-116,64,0,0,0,4.824624652001148,1144,-21.888,-0.27449999999999997,0.18963831867057673,12.3,41,1,1058,37
sweep-116,64,0,0,0,4.864629392999632,1132,-21.888,-0.3645,0.20527859237536658,12.3,41,1,1058,35
sweep-116,64,0,0,0,4.904654097001185,1121,-21.888,-0.32399999999999995,0.2209188660801564,12.3,41,1,1058,33
sweep-116,64,0,0,0,4.944646597999963,1107,-27.360000000000003,-0.21599999999999997,0.16226783968719452,12.3,41,1,1058,31
sweep-116,64,0,0,0,4.984642450001047,1095,-21.888,-0.18,0.15835777126099707,12.3,41,1,1058,29
sweep-116,64,0,0,0,5.0256441260007705,1082,-24.624000000000002,-0.1035,0.08993157380254155,12.3,41,1,1058,27
sweep-116,64,0,0,0,5.065657959999953,1079,0.0,-0.2925,0.20332355816226785,12.3,41,1,1970,1
sweep-116,64,0,0,0,5.109679310000502,1075,-10.944,-0.243,0.18084066471163246,12.3,41,1,1970,3
sweep-116,64,0,0,0,5.1497472539995215,1072,-5.472,-0.297,0.20821114369501467,12.3,41,1,1970,5
sweep-116,64,0,0,0,5.189752809999845,1070,-5.472,-0.23399999999999999,0.19257086999022482,12.3,41,1,1970,7
sweep-116,64,0,0,0,5.229739551999955,1065,-10.944,-0.058499999999999996,0.08699902248289346,12.3,41,1,1970,9
sweep-116,64,0,0,0,5.269743163000385,1063,0.0,0.0,0.03128054740957967,12.3,41,1,1970,11
sweep-116,64,0,0,0,5.309742719000496,1062,0.0,0.018,0.0469208211143695,12.3,41,1,1970,13
sweep-116,64,0,0,0,5.346747212000992,1063,0.0,0.08099999999999999,0.093841642228739,12.3,41,1,1970,15
sweep-116,64,0,0,0,5.38474787999985,1065,5.472,0.13949999999999999,0.1300097751710655,12.3,43,1,1970,17
sweep-116,64,0,0,0,5.420758382000713,1068,8.208,0.1755,0.1710654936461388,12.3,43,1,1970,19
sweep-116,64,0,0,0,5.459758244000113,1073,8.208,0.3015,0.18670576735092864,12.3,43,1,1970,21
sweep-116,64,0,0,0,5.499760337001135,1078,10.944,0.3105,0.22776148582600195,12.3,41,1,1970,23
sweep-116,64,0,0,0,5.539757671000189,1088,24.624000000000002,0.2115,0.1681329423264907,12.3,41,1,1970,25
sweep-116,64,0,0,0,5.579765911999857,1096,13.680000000000001,0.2565,0.1906158357771261,12.0,41,1,1970,27
sweep-116,64,0,0,0,5.620762476999516,1108,27.360000000000003,0.1485,0.13098729227761485,12.0,41,1,1970,29
sweep-116,64,0,0,0,5.6597645609999745,1119,19.152,0.297,0.13294232649071358,12.0,41,1,1970,31
sweep-116,64,0,0,0,5.69977043200015,1121,8.208,0.38249999999999995,0.2805474095796676,12.3,41,1,1970,33
sweep-116,64,0,0,0,5.739779654999438,1138,32.832,0.33749999999999997,0.15053763440860216,12.3,41,1,1970,35
sweep-116,64,0,0,0,5.7807746270009375,1145,16.416,0.38249999999999995,0.26295210166177907,12.3,41,1,1970,37
sweep-116,64,0,0,0,5.820776331000161,1163,35.568000000000005,0.19799999999999998,0.14565004887585534,12.3,41,1,1970,39
sweep-116,64,0,0,0,5.860776461000569,1180,32.832,0.17099999999999999,0.08797653958944282,12.3,41,1,1970,41
sweep-116,64,0,0,0,5.900787239001147,1188,10.944,0.2925,0.2434017595307918,12.1,41,1,1970,43
sweep-116,64,0,0,0,5.941805767000915,1205,35.568000000000005,0.24749999999999997,0.16129032258064516,12.1,41,1,1970,45
sweep-116,64,0,0,0,5.981803082000624,1217,24.624000000000002,0.4185,0.23069403714565004,12.1,41,1,1970,47
sweep-116,64,0,0,0,6.0218025270005455,1234,35.568000000000005,0.306,0.20821114369501467,12.1,41,1,1970,49
sweep-116,64,0,0,0,6.0618127130001085,1254,41.040000000000006,0.2115,0.13391984359726294,12.1,41,1,1970,51
sweep-116,64,0,0,0,6.098823464000816,1272,41.040000000000006,0.19799999999999998,0.10263929618768329,12.1,41,1,1970,53
sweep-116,64,0,0,0,6.134823393000261,1287,30.096000000000004,0.2925,0.17204301075268819,12.3,41,1,1970,55
sweep-116,64,0,0,0,6.174846115000037,1303,32.832,0.38249999999999995,0.19745845552297164,12.3,41,1,1970,57
sweep-116,64,0,0,0,6.21484952299943,1322,41.040000000000006,0.40049999999999997,0.19648093841642228,12.3,41,1,1970,59
sweep-116,64,0,0,0,6.254845449000641,1343,43.776,0.315,0.17497556207233628,12.1,41,1,1970,61
sweep-116,64,0,0,0,6.294840264999948,1366,46.512,0.288,0.15347018572825025,12.1,41,1,1970,63
sweep-116,64,0,0,0,6.33584549599982,1389,43.776,0.27899999999999997,0.1436950146627566,12.1,41,1,1970,65
sweep-116,64,0,0,0,6.382903965000878,1412,38.304,0.27449999999999997,0.20234604105571846,12.1,41,1,1970,67
sweep-116,64,0,0,0,6.423905363000813,1435,43.776,0.43649999999999994,0.1906158357771261,12.1,41,1,1970,69
sweep-116,64,0,0,0,6.466462616999706,1460,46.512,0.4275,0.2316715542521994,12.1,41,1,1970,71
sweep-116,64,0,0,0,6.513898527000492,1490,54.720000000000006,0.3105,0.1681329423264907,12.3,41,1,1970,73
sweep-116,64,0,0,0,6.58296793000045,1538,54.720000000000006,0.26549999999999996,0.13685239491691104,12.3,41,1,1970,73
sweep-116,64,0,0,0,6.619291892000547,1561,49.248000000000005,0.315,0.14760508308895406,12.3,41,1,1970,71
sweep-116,64,0,0,0,6.658918692999578,1584,43.776,0.288,0.17497556207233628,12.3,41,1,1970,69
sweep-116,64,0,0,0,6.734930361999432,1625,43.776,0.38699999999999996,0.20625610948191594,12.3,41,1,1970,66
sweep-116,64,0,0,0,6.773960946000443,1649,46.512,0.297,0.15347018572825025,12.3,41,1,1970,64
sweep-116,64,0,0,0,6.82094534099997,1677,43.776,0.24749999999999997,0.1436950146627566,12.3,41,1,1970,61
sweep-116,64,0,0,0,6.860996692999834,1699,43.776,0.243,0.12805474095796676,12.3,41,1,1970,59
sweep-116,64,0,0,0,6.90095543499956,1719,38.304,0.2835,0.13978494623655913,12.3,41,1,1970,57
sweep-116,64,0,0,0,6.9449805630010815,1738,32.832,0.315,0.19745845552297164,12.3,41,1,1970,55
sweep-116,64,0,0,0,6.984957804001169,1757,38.304,0.33749999999999997,0.18670576735092864,12.3,41,1,1970,53
sweep-116,64,0,0,0,7.020974584000214,1774,35.568000000000005,0.3015,0.176930596285435,12.3,41,1,1970,51
sweep-116,64,0,0,0,7.060982770000919,1793,38.304,0.3015,0.15542521994134897,12.3,41,1,1970,49
sweep-116,64,0,0,0,7.101008065999849,1810,32.832,0.2385,0.15053763440860216,12.3,41,1,1970,47
sweep-116,64,0,0,0,7.140994400000636,1826,30.096000000000004,0.24749999999999997,0.17204301075268819,12.3,41,1,1970,45
sweep-116,64,0,0,0,7.181009826999798,1842,27.360000000000003,0.243,0.16226783968719452,12.3,41,1,1970,43
sweep-116,64,0,0,0,7.221999503000916,1856,30.096000000000004,0.27899999999999997,0.17204301075268819,12.3,41,1,1970,41
sweep-116,64,0,0,0,7.262037447000694,1870,27.360000000000003,0.26099999999999995,0.16226783968719452,12.3,41,1,1970,39
sweep-116,64,0,0,0,7.3060477420003735,1884,27.360000000000003,0.2565,0.16226783968719452,12.3,41,1,1970,37
sweep-116,64,0,0,0,7.342031652000514,1897,27.360000000000003,0.22049999999999997,0.1466275659824047,12.3,41,1,1970,35
sweep-116,64,0,0,0,7.382035541000732,1908,19.152,0.207,0.1798631476050831,12.3,41,1,1970,33
sweep-116,64,0,0,0,7.422033467999427,1920,21.888,0.22499999999999998,0.15835777126099707,12.3,41,1,1970,31
sweep-116,64,0,0,0,7.46203598700049,1930,19.152,0.2385,0.1798631476050831,12.3,41,1,1970,29
sweep-116,64,0,0,0,7.501040793000357,1940,19.152,0.2385,0.14858260019550343,12.3,41,1,1970,27
sweep-116,64,0,0,0,7.542043636000017,1948,16.416,0.17099999999999999,0.1378299120234604,12.3,41,1,1970,25
sweep-116,64,0,0,0,7.583055570999932,1956,13.680000000000001,0.10799999999999998,0.0967741935483871,12.3,41,1,1970,23
sweep-116,64,0,0,0,7.6230655899998965,1958,0.0,0.17099999999999999,0.15640273704789834,12.3,41,1,1058,1
sweep-116,64,0,0,0,7.667063996001161,1958,0.0,0.243,0.17204301075268819,12.3,41,1,1058,3
sweep-116,64,0,0,0,7.704070211000726,1955,-5.472,0.26549999999999996,0.21407624633431085,12.3,41,1,1058,5
sweep-116,64,0,0,0,7.741067666000163,1956,0.0,0.1575,0.15640273704789834,12.3,41,1,1058,7
sweep-116,64,0,0,0,7.780090287000348,1956,0.0,0.0765,0.12512218963831867,12.3,41,1,1058,9
sweep-116,64,0,0,0,7.816116308000346,1957,0.0,0.0045,0.06256109481915934,12.3,41,1,1058,11
sweep-116,64,0,0,0,7.855092891999448,1956,0.0,0.0,0.015640273704789834,12.3,41,1,1058,13
sweep-116,64,0,0,0,7.895108819000598,1956,0.0,-0.0315,0.06256109481915934,12.3,41,1,1058,15
sweep-116,64,0,0,0,7.936095938999642,1956,0.0,-0.18899999999999997,0.15640273704789834,12.3,41,1,1058,17
sweep-116,64,0,0,0,7.9771580590004305,1956,0.0,-0.4185,0.23460410557184752,12.3,41,1,1058,19
sweep-116,64,0,0,0,8.016141846999744,1955,0.0,-0.5535,0.3284457478005865,12.3,41,1,1058,21
sweep-116,64,0,0,0,8.056131477000235,1944,-24.624000000000002,-0.351,0.23069403714565004,12.3,41,1,1058,23
sweep-116,64,0,0,0,8.097144098001081,1933,-21.888,-0.2385,0.18963831867057673,12.3,41,1,1058,25
sweep-116,64,0,0,0,8.138144013999408,1918,-30.096000000000004,-0.1575,0.07820136852394917,12.1,41,1,1058,27
sweep-116,64,0,0,0,8.178120866999961,1916,0.0,-0.33299999999999996,0.25024437927663734,12.1,41,1,1058,29
sweep-116,64,0,0,0,8.218135015000371,1906,-24.624000000000002,-0.38249999999999995,0.19941348973607037,12.1,41,1,1058,31
sweep-116,64,0,0,0,8.259177154001009,1898,-13.680000000000001,-0.477,0.26881720430107525,12.3,41,1,1058,33
sweep-116,64,0,0,0,8.298164830999667,1884,-30.096000000000004,-0.297,0.20332355816226785,12.3,41,1,1058,35
sweep-116,64,0,0,0,8.338148368000475,1869,-27.360000000000003,-0.2115,0.16226783968719452,12.3,41,1,1058,37
sweep-116,64,0,0,0,8.38441025300017,1852,-30.096000000000004,-0.13499999999999998,0.10948191593352884,12.3,41,1,1058,39
sweep-116,64,0,0,0,8.423168061000979,1842,-16.416,-0.26549999999999996,0.18475073313782991,12.3,41,1,1058,41
sweep-116,64,0,0,0,8.459160526999767,1831,-24.624000000000002,-0.32849999999999996,0.21505376344086022,12.1,41,1,1058,43
sweep-116,64,0,0,0,8.496181129999968,1820,-21.888,-0.49499999999999994,0.25219941348973607,12.1,41,1,1058,45
sweep-116,64,0,0,0,8.532175725000343,1805,-32.832,-0.38249999999999995,0.2287390029325513,12.1,41,1,1058,47
sweep-116,64,0,0,0,8.570183707999604,1786,-38.304,-0.306,0.1710654936461388,12.1,41,1,1058,49
sweep-116,64,0,0,0,8.611207976000514,1767,-38.304,-0.207,0.13978494623655913,12.3,41,1,1058,51
sweep-116,64,0,0,0,8.6512125320005,1747,-38.304,-0.18,0.10850439882697947,12.3,41,1,1058,53
sweep-116,64,0,0,0,8.69220239400056,1733,-30.096000000000004,-0.36,0.20332355816226785,12.3,41,1,1058,55
sweep-116,64,0,0,0,8.732203616000334,1715,-35.568000000000005,-0.44999999999999996,0.20821114369501467,12.3,41,1,1058,57
sweep-116,64,0,0,0,8.772238839001147,1697,-38.304,-0.423,0.23362658846529813,12.3,41,1,1058,59
sweep-116,64,0,0,0,8.812220375999459,1675,-43.776,-0.369,0.20625610948191594,12.3,41,1,1058,61
sweep-116,64,0,0,0,8.853229588999966,1651,-46.512,-0.2835,0.16911045943304007,12.3,41,1,1058,63
sweep-116,64,0,0,0,8.893231404001199,1627,-46.512,-0.19799999999999998,0.15347018572825025,12.3,41,1,1058,65
sweep-116,64,0,0,0,8.93322392400114,1604,-46.512,-0.26099999999999995,0.1378299120234604,12.3,41,1,1058,67
sweep-116,64,0,0,0,8.973255146000156,1583,-43.776,-0.3465,0.17497556207233628,12.3,41,1,1058,69
sweep-116,64,0,0,0,9.014266674001192,1561,-43.776,-0.45449999999999996,0.20625610948191594,12.3,41,1,1058,71
sweep-116,64,0,0,0,9.054258395999568,1538,-46.512,-0.44549999999999995,0.2316715542521994,12.3,41,1,1058,73
sweep-116,64,0,0,0,9.0942784150011,1511,-51.984,-0.423,0.20527859237536658,12.3,41,1,1058,75
sweep-116,64,0,0,0,9.137276831001145,1484,-51.984,-0.32849999999999996,0.18963831867057673,12.3,41,1,1058,73
sweep-116,64,0,0,0,9.175271850999707,1457,-54.720000000000006,-0.252,0.15249266862170088,12.3,41,1,1058,71
sweep-116,64,0,0,0,9.21827674800079,1430,-51.984,-0.24749999999999997,0.11143695014662756,12.3,41,1,1058,69
sweep-116,64,0,0,0,9.258269841000583,1408,-41.040000000000006,-0.27899999999999997,0.1652003910068426,12.3,41,1,1058,67
sweep-116,64,0,0,0,9.29730199900041,1385,-43.776,-0.34199999999999997,0.15933528836754643,12.3,41,1,1058,65
sweep-116,64,0,0,0,9.335306037999544,1365,-41.040000000000006,-0.4095,0.19648093841642228,12.3,41,1,1058,63
sweep-116,64,0,0,0,9.372324919000675,1346,-43.776,-0.3735,0.1906158357771261,12.3,41,1,1058,61
sweep-116,64,0,0,0,9.412381993000963,1325,-43.776,-0.3465,0.17497556207233628,12.1,41,1,1058,59
sweep-116,64,0,0,0,9.451330652000252,1303,-43.776,-0.27899999999999997,0.15933528836754643,12.1,41,1,1058,57
sweep-116,64,0,0,0,9.487313284000265,1282,-46.512,-0.243,0.10654936461388075,12.1,41,1,1058,55
sweep-116,64,0,0,0,9.52431807299945,1265,-38.304,-0.20249999999999999,0.1241446725317693,12.1,41,1,1058,53
sweep-116,64,0,0,0,9.560320982000121,1251,-30.096000000000004,-0.26549999999999996,0.187683284457478,12.1,41,1,1058,51
sweep-116,64,0,0,0,9.598338224001054,1234,-35.568000000000005,-0.3105,0.176930596285435,12.1,41,1,1058,49
sweep-116,64,0,0,0,9.638338873000976,1219,-30.096000000000004,-0.3735,0.21896383186705767,12.3,41,1,1058,47
sweep-116,64,0,0,0,9.678496668000662,1202,-35.568000000000005,-0.3015,0.19257086999022482,12.3,41,1,1058,45
sweep-116,64,0,0,0,9.718367985000441,1185,-32.832,-0.23399999999999999,0.16617790811339198,12.3,41,1,1058,43
sweep-116,64,0,0,0,9.759369216000778,1168,-32.832,-0.20249999999999999,0.1348973607038123,12.2,41,1,1058,41
sweep-116,64,0,0,0,9.79937179099943,1154,-24.624000000000002,-0.24749999999999997,0.15249266862170088,12.2,41,1,1058,39
sweep-116,64,0,0,0,9.83936595799969,1144,-21.888,-0.26549999999999996,0.20527859237536658,12.2,41,1,1058,37
sweep-116,64,0,0,0,9.879378773001008,1131,-21.888,-0.31949999999999995,0.20527859237536658,12.2,41,1,1058,35
sweep-116,64,0,0,0,9.920396708001135,1120,-21.888,-0.32849999999999996,0.2209188660801564,12.2,41,1,1058,33
sweep-116,64,0,0,0,9.960376004999489,1106,-27.360000000000003,-0.21599999999999997,0.16226783968719452,12.2,41,1,1058,31
sweep-116,64,0,0,0,10.004404522000186,1094,-21.888,-0.16649999999999998,0.15835777126099707,12.3,41,1,1058,29
sweep-116,64,0,0,0,10.04040111699942,1082,-24.624000000000002,-0.13049999999999998,0.08993157380254155,12.3,41,1,1058,27
sweep-116,64,0,0,0,10.07942225700026,1079,0.0,-0.297,0.20332355816226785,12.3,41,1,1970,1
sweep-116,64,0,0,0,10.123406163000254,1075,-10.944,-0.2835,0.19648093841642228,12.3,41,1,1970,3
sweep-116,64,0,0,0,10.163412886000515,1072,-5.472,-0.2835,0.20821114369501467,12.3,41,1,1970,5
sweep-116,64,0,0,0,10.204413543000555,1069,-5.472,-0.1755,0.176930596285435,12.3,41,1,1970,7
sweep-116,64,0,0,0,10.245412608001061,1064,-8.208,-0.018,0.0772238514173998,12.3,41,1,1970,9
sweep-116,64,0,0,0,10.285424034000243,1062,0.0,0.0,0.015640273704789834,12.3,41,1,1970,11
sweep-116,64,0,0,0,10.325450349000675,1062,0.0,0.018,0.0469208211143695,12.3,41,1,1970,13
sweep-116,64,0,0,0,10.364453526000943,1064,5.472,0.08099999999999999,0.08308895405669599,12.3,41,1,1970,15
sweep-116,64,0,0,0,10.402455972000098,1066,5.472,0.16199999999999998,0.1300097751710655,12.3,41,1,1970,17
sweep-116,64,0,0,0,10.439457594000487,1069,8.208,0.1755,0.15542521994134897,12.3,41,1,1970,19
sweep-116,64,0,0,0,10.47545855899989,1073,8.208,0.34199999999999997,0.20234604105571846,12.3,41,1,1970,21
sweep-116,64,0,0,0,10.512469143999624,1075,5.472,0.33749999999999997,0.270772238514174,12.3,41,1,1970,22
sweep-116,64,0,0,0,10.55046571999992,1085,21.888,0.24749999999999997,0.18963831867057673,12.3,41,1,1970,24
sweep-116,64,0,0,0,10.59047794199978,1095,16.416,0.2835,0.18475073313782991,12.3,41,1,1970,26
sweep-116,64,0,0,0,10.627513768000426,1106,24.624000000000002,0.11699999999999999,0.13685239491691104,12.3,43,1,1970,29
sweep-116,64,0,0,0,10.667512175999946,1119,21.888,0.18899999999999997,0.09579667644183773,12.3,43,1,1970,31
sweep-116,64,0,0,0,10.707515473000967,1120,5.472,0.38699999999999996,0.28641251221896386,12.3,43,1,1970,33
sweep-116,64,0,0,0,10.74752991800051,1136,32.832,0.33299999999999996,0.15053763440860216,12.3,41,1,1970,35
sweep-116,64,0,0,0,10.787512566001169,1142,10.944,0.486,0.30596285434995113,12.1,41,1,1970,37
sweep-116,64,0,0,0,10.827510529999927,1161,41.040000000000006,0.23399999999999999,0.13391984359726294,12.1,41,1,1970,39
sweep-116,64,0,0,0,10.868535076000626,1179,35.568000000000005,0.144,0.08308895405669599,12.1,41,1,1970,41
sweep-116,64,0,0,0,10.908540354001161,1187,13.680000000000001,0.27899999999999997,0.22189638318670576,12.3,41,1,1970,43
sweep-116,64,0,0,0,10.94853887300087,1203,35.568000000000005,0.27449999999999997,0.16129032258064516,12.3,41,1,1970,45
sweep-116,64,0,0,0,10.98562640199998,1214,21.888,0.44549999999999995,0.2209188660801564,12.3,41,1,1970,46
sweep-116,64,0,0,0,11.02356121900084,1228,30.096000000000004,0.3555,0.23460410557184752,12.3,41,1,1970,48
sweep-116,64,0,0,0,11.06353646000025,1249,43.776,0.20249999999999999,0.1436950146627566,12.3,41,1,1970,50
sweep-116,64,0,0,0,11.10354379400087,1268,38.304,0.207,0.1241446725317693,12.3,41,1,1970,52
sweep-116,64,0,0,0,11.143550831000539,1284,27.360000000000003,0.306,0.17790811339198437,12.1,41,1,1970,54
sweep-116,64,0,0,0,11.18356434999987,1299,32.832,0.43199999999999994,0.2287390029325513,12.1,41,1,1970,56
sweep-116,64,0,0,0,11.22058084300079,1317,38.304,0.4725,0.2179863147605083,12.1,41,1,1970,58
sweep-116,64,0,0,0,11.260593435999908,1336,38.304,0.43199999999999994,0.23362658846529813,12.1,41,1,1970,60
sweep-116,64,0,0,0,11.300577936000991,1362,51.984,0.26999999999999996,0.1270772238514174,12.1,41,1,1970,62
sweep-116,64,0,0,0,11.340569678000975,1385,43.776,0.26999999999999996,0.12805474095796676,12.1,41,1,1970,64
sweep-116,64,0,0,0,11.377582670000265,1400,32.832,0.39599999999999996,0.2287390029325513,12.3,41,1,1970,66
sweep-116,64,0,0,0,11.413592228000198,1424,49.248000000000005,0.369,0.16324535679374388,12.3,41,1,1970,68
sweep-116,64,0,0,0,11.453591024999696,1443,38.304,0.46799999999999997,0.2649071358748778,12.3,41,1,1970,70
sweep-116,64,0,0,0,11.493602414000634,1470,54.720000000000006,0.3555,0.18377321603128055,12.1,41,1,1970,72
sweep-116,64,0,0,0,11.533608450999964,1497,51.984,0.26549999999999996,0.15835777126099707,12.1,41,1,1970,74
sweep-116,64,0,0,0,11.573635136999656,1524,51.984,0.26099999999999995,0.14271749755620725,12.1,41,1,1970,74
sweep-116,64,0,0,0,11.618610718000127,1550,43.776,0.3105,0.17497556207233628,12.1,41,1,1970,72
sweep-116,64,0,0,0,11.658626644999458,1573,43.776,0.3555,0.20625610948191594,12.1,41,1,1970,70
sweep-116,64,0,0,0,11.69862390399976,1596,43.776,0.4185,0.22189638318670576,12.1,41,1,1970,68
sweep-116,64,0,0,0,11.734627240000918,1620,49.248000000000005,0.3015,0.17888563049853373,12.3,41,1,1970,66
sweep-116,64,0,0,0,11.773643139000342,1645,49.248000000000005,0.24749999999999997,0.13196480938416422,12.3,41,1,1970,64
sweep-116,64,0,0,0,11.813655713000117,1669,46.512,0.2385,0.12218963831867058,12.3,41,1,1970,62
sweep-116,64,0,0,0,11.853652380999847,1686,32.832,0.40049999999999997,0.2130987292277615,12.3,41,1,1970,60
sweep-116,64,0,0,0,11.894650796999485,1706,41.040000000000006,0.3735,0.21212121212121213,12.3,41,1,1970,58
sweep-116,64,0,0,0,11.935675120999804,1726,41.040000000000006,0.3735,0.21212121212121213,12.3,41,1,1970,56
sweep-116,64,0,0,0,11.975673861999894,1749,43.776,0.2385,0.15933528836754643,12.1,41,1,1970,54
sweep-116,64,0,0,0,12.015681326000049,1770,38.304,0.252,0.1241446725317693,12.1,41,1,1970,52
sweep-116,64,0,0,0,12.054703724999854,1783,24.624000000000002,0.288,0.21505376344086022,12.1,41,1,1970,50
sweep-116,64,0,0,0,12.09270033699977,1798,32.832,0.39149999999999996,0.19745845552297164,12.3,41,1,1970,48
sweep-116,64,0,0,0,12.132688079000218,1813,30.096000000000004,0.37799999999999995,0.23460410557184752,12.3,41,1,1970,46
sweep-116,64,0,0,0,12.172696023000753,1831,38.304,0.32849999999999996,0.1710654936461388,12.3,41,1,1970,44
sweep-116,64,0,0,0,12.212700764999681,1849,32.832,0.19349999999999998,0.1348973607038123,12.3,41,1,1970,42
sweep-116,64,0,0,0,12.248698729999887,1864,30.096000000000004,0.18,0.12512218963831867,12.3,41,1,1970,40
sweep-116,64,0,0,0,12.288724248999642,1875,19.152,0.27449999999999997,0.1798631476050831,12.3,41,1,1970,38
sweep-116,64,0,0,0,12.328740934000962,1886,21.888,0.3735,0.20527859237536658,12.3,41,1,1970,36
sweep-116,64,0,0,0,12.368725137999718,1898,21.888,0.3645,0.20527859237536658,12.3,41,1,1970,34
sweep-116,64,0,0,0,12.413753312001063,1912,30.096000000000004,0.22499999999999998,0.15640273704789834,12.3,41,1,1970,32
sweep-116,64,0,0,0,12.454737322001165,1926,24.624000000000002,0.153,0.12121212121212122,12.3,41,1,1970,30
sweep-116,64,0,0,0,12.494757452001068,1937,24.624000000000002,0.1575,0.10557184750733138,12.3,41,1,1970,28
sweep-116,64,0,0,0,12.530749564999496,1941,5.472,0.34199999999999997,0.21896383186705767,12.3,41,1,1970,26
sweep-116,64,0,0,0,12.56977001999985,1942,0.0,0.4095,0.29716520039100686,12.3,41,1,1970,24
sweep-116,64,0,0,0,12.614771841999755,1952,16.416,0.2565,0.18475073313782991,12.3,41,1,1970,22
sweep-116,64,0,0,0,12.650781770000322,1955,5.472,0.22499999999999998,0.19257086999022482,12.3,41,1,1970,20
sweep-116,64,0,0,0,12.689770058001159,1960,8.208,0.13049999999999998,0.1241446725317693,12.3,41,1,1970,18
sweep-116,64,0,0,0,12.72980465100045,1957,-8.208,0.19349999999999998,0.1827956989247312,12.3,41,1,1058,2
sweep-116,64,0,0,0,12.766800514000352,1957,0.0,0.19349999999999998,0.17204301075268819,12.3,41,1,1058,4
sweep-116,64,0,0,0,12.805799117000788,1955,-5.472,0.22949999999999998,0.1827956989247312,12.3,41,1,1058,6
sweep-116,64,0,0,0,12.841803692999747,1955,0.0,0.16199999999999998,0.14076246334310852,12.3,41,1,1058,8
sweep-116,64,0,0,0,12.880796221999844,1954,0.0,0.0765,0.10948191593352884,12.3,41,1,1058,10
sweep-116,64,0,0,0,12.920816425999874,1955,0.0,0.0,0.0469208211143695,12.3,41,1,1058,12
sweep-116,64,0,0,0,12.958844463999412,1955,0.0,0.0,0.015640273704789834,12.3,41,1,1058,13
sweep-116,64,0,0,0,12.997863010999936,1954,0.0,-0.0765,0.07820136852394917,12.3,41,1,1058,15
sweep-116,64,0,0,0,13.037837215000764,1955,0.0,-0.22499999999999998,0.17204301075268819,12.3,41,1,1058,17
sweep-116,64,0,0,0,13.077820623000662,1955,0.0,-0.5085,0.28152492668621704,12.3,41,1,1058,19
sweep-116,64,0,0,0,13.117836346000331,1951,-10.944,-0.513,0.30596285434995113,12.3,41,1,1058,21
sweep-116,64,0,0,0,13.154849911999918,1941,-21.888,-0.40049999999999997,0.23655913978494625,12.3,41,1,1058,23
sweep-116,64,0,0,0,13.19193045999964,1931,-24.624000000000002,-0.2385,0.18377321603128055,12.3,41,1,1058,25
sweep-116,64,0,0,0,13.227873185000135,1917,-27.360000000000003,-0.11249999999999999,0.09970674486803519,12.3,41,1,1058,27
sweep-116,64,0,0,0,13.266888547001145,1911,-8.208,-0.22049999999999997,0.18670576735092864,12.0,41,1,1058,29
sweep-116,64,0,0,0,13.306877084000007,1901,-21.888,-0.2565,0.15835777126099707,12.0,41,1,1058,31
sweep-116,64,0,0,0,13.346875991999696,1895,-13.680000000000001,-0.4095,0.25317693059628543,12.0,41,1,1058,33
sweep-116,64,0,0,0,13.388875881000786,1883,-24.624000000000002,-0.33749999999999997,0.23069403714565004,12.1,41,1,1058,35
sweep-116,64,0,0,0,13.424892697999894,1870,-27.360000000000003,-0.315,0.1935483870967742,12.1,41,1,1058,37
sweep-116,64,0,0,0,13.463910800001031,1855,-32.832,-0.18899999999999997,0.11925708699902249,12.1,41,1,1058,39
sweep-116,64,0,0,0,13.503965263000282,1839,-30.096000000000004,-0.16649999999999998,0.10948191593352884,12.3,41,1,1058,41
sweep-116,64,0,0,0,13.543900413000301,1829,-19.152,-0.26999999999999996,0.19550342130987292,12.3,41,1,1058,43
sweep-116,64,0,0,0,13.583903228000054,1816,-27.360000000000003,-0.39599999999999996,0.20918866080156404,12.3,41,1,1058,45
sweep-116,64,0,0,0,13.623913969000569,1802,-30.096000000000004,-0.423,0.23460410557184752,12.3,41,1,1058,47
sweep-116,64,0,0,0,13.66294799699972,1785,-38.304,-0.3735,0.20234604105571846,12.3,41,1,1058,49
sweep-116,64,0,0,0,13.698935352000262,1766,-41.040000000000006,-0.26999999999999996,0.1495601173020528,12.3,41,1,1058,51
sweep-116,64,0,0,0,13.739931861000514,1746,-38.304,-0.18,0.1241446725317693,12.1,41,1,1058,53
sweep-116,64,0,0,0,13.779949380001199,1728,-35.568000000000005,-0.2565,0.14565004887585534,12.1,41,1,1058,55
sweep-116,64,0,0,0,13.819955250999556,1712,-30.096000000000004,-0.40499999999999997,0.21896383186705767,12.3,41,1,1058,57
sweep-116,64,0,0,0,13.859949436000534,1694,-35.568000000000005,-0.486,0.23949169110459434,12.3,41,1,1058,59
sweep-116,64,0,0,0,13.899944011000116,1674,-41.040000000000006,-0.4095,0.22776148582600195,12.3,41,1,1058,61
sweep-116,64,0,0,0,13.94098564900014,1650,-46.512,-0.33299999999999996,0.18475073313782991,12.3,41,1,1058,63
sweep-116,64,0,0,0,13.980980649999765,1626,-46.512,-0.24749999999999997,0.15347018572825025,12.3,41,1,1058,65
sweep-116,64,0,0,0,14.020976132000214,1603,-46.512,-0.22949999999999998,0.13196480938416422,12.3,41,1,1058,67
sweep-116,64,0,0,0,14.05998762300078,1579,-46.512,-0.27449999999999997,0.1378299120234604,12.3,41,1,1058,69
sweep-116,64,0,0,0,14.100988076999784,1558,-41.040000000000006,-0.3645,0.19648093841642228,12.3,41,1,1058,71
sweep-116,64,0,0,0,14.141002115000447,1536,-43.776,-0.43649999999999994,0.2375366568914956,12.3,41,1,1058,73
sweep-116,64,0,0,0,14.181009726000411,1510,-49.248000000000005,-0.4275,0.22580645161290322,12.3,41,1,1058,75
sweep-116,64,0,0,0,14.222126697000931,1484,-51.984,-0.34199999999999997,0.20527859237536658,12.3,41,1,1058,73
sweep-116,64,0,0,0,14.259007542999825,1460,-51.984,-0.31949999999999995,0.1739980449657869,12.3,41,1,1058,71
sweep-116,64,0,0,0,14.295026138001049,1434,-54.720000000000006,-0.2115,0.12121212121212122,12.4,41,1,1058,69
sweep-116,64,0,0,0,14.335026971000843,1411,-43.776,-0.3015,0.1436950146627566,12.4,41,1,1058,67
sweep-116,64,0,0,0,14.375035656999898,1389,-41.040000000000006,-0.306,0.1652003910068426,12.4,41,1,1058,65
sweep-116,64,0,0,0,14.415033176001089,1368,-38.304,-0.36,0.20234604105571846,12.3,41,1,1058,63
sweep-116,64,0,0,0,14.451068936999945,1350,-41.040000000000006,-0.37799999999999995,0.21212121212121213,12.3,41,1,1058,61
sweep-116,64,0,0,0,14.49107967800046,1329,-43.776,-0.36,0.20625610948191594,12.3,41,1,1058,59
sweep-116,64,0,0,0,14.53108629000053,1306,-46.512,-0.26099999999999995,0.15347018572825025,12.3,41,1,1058,57
sweep-116,64,0,0,0,14.57107814200026,1285,-41.040000000000006,-0.2385,0.13391984359726294,12.3,41,1,1058,55
sweep-116,64,0,0,0,14.611066327999652,1266,-35.568000000000005,-0.23399999999999999,0.14565004887585534,12.3,41,1,1058,53
sweep-116,64,0,0,0,14.651131550001082,1249,-35.568000000000005,-0.26099999999999995,0.16129032258064516,12.1,41,1,1058,51
sweep-116,64,0,0,0,14.690102042000944,1234,-30.096000000000004,-0.34199999999999997,0.20332355816226785,12.1,41,1,1058,49
sweep-116,64,0,0,0,14.726118044000032,1218,-32.832,-0.33299999999999996,0.19745845552297164,12.1,41,1,1058,47
sweep-116,64,0,0,0,14.763099740999678,1203,-35.568000000000005,-0.2925,0.176930596285435,12.1,41,1,1058,46
sweep-116,64,0,0,0,14.799103428000308,1187,-35.568000000000005,-0.243,0.14565004887585534,12.1,41,1,1058,44
sweep-116,64,0,0,0,14.835089264000999,1173,-32.832,-0.21599999999999997,0.1348973607038123,12.1,41,1,1058,42
sweep-116,64,0,0,0,14.875097135000033,1158,-30.096000000000004,-0.22949999999999998,0.1466275659824047,12.3,41,1,1058,40
sweep-116,64,0,0,0,14.915110042000379,1145,-24.624000000000002,-0.2835,0.15249266862170088,12.3,41,1,1058,38
sweep-116,64,0,0,0,14.955116098000872,1134,-21.888,-0.26099999999999995,0.18963831867057673,12.3,41,1,1058,36
sweep-116,64,0,0,0,14.994146181999895,1122,-21.888,-0.288,0.18963831867057673,12.1,41,1,1058,34
sweep-116,64,0,0,0,15.03014075899955,1110,-27.360000000000003,-0.243,0.16226783968719452,12.1,41,1,1058,32
sweep-116,64,0,0,0,15.070142685000974,1099,-21.888,-0.26099999999999995,0.1739980449657869,12.1,41,1,1058,30
sweep-116,64,0,0,0,15.110155018999649,1087,-24.624000000000002,-0.126,0.12121212121212122,12.3,41,1,1058,28
sweep-116,64,0,0,0,15.150148427001113,1078,-16.416,-0.19349999999999998,0.12218963831867058,12.3,41,1,1058,26
sweep-116,64,0,0,0,15.189154306999626,1078,0.0,-0.26999999999999996,0.23460410557184752,12.3,41,1,1970,2
