trial,p,i,d,target,elapsed,position,velocity,current,load,voltage,temperature,torque
baseline-positioning,32,0,0,1400,0.005003969999961555,1361,0.0,0.0,0.007820136852394917,12.3,35,1
baseline-positioning,32,0,0,1400,0.041017749999809894,1361,0.0,0.0,0.0,12.3,35,1
baseline-positioning,32,0,0,1400,0.07800677900013397,1361,0.0,0.0,0.02346041055718475,12.3,35,1
baseline-positioning,32,0,0,1400,0.11402292999991914,1361,0.0,0.018,0.05474095796676442,12.3,35,1
baseline-positioning,32,0,0,1400,0.15003228400018997,1361,0.0,0.0765,0.093841642228739,12.3,35,1
baseline-positioning,32,0,0,1400,0.18804928499957896,1361,0.0,0.1845,0.15640273704789834,12.3,35,1
baseline-positioning,32,0,0,1400,0.22504879600091954,1361,0.0,0.315,0.21114369501466276,12.3,35,1
baseline-positioning,32,0,0,1400,0.2610524829997303,1361,0.0,0.40049999999999997,0.25024437927663734,12.3,35,1
baseline-positioning,32,0,0,1400,0.29710418899958313,1361,0.0,0.49499999999999994,0.27370478983382207,12.3,35,1
baseline-positioning,32,0,0,1400,0.3350872270002583,1361,0.0,0.5445,0.28934506353861195,12.3,35,1
baseline-positioning,32,0,0,1400,0.3740718860008201,1361,0.0,0.5445,0.29716520039100686,12.3,35,1
baseline-positioning,32,0,0,1400,0.41179772299983597,1361,0.0,0.5445,0.29716520039100686,12.3,35,1
baseline-positioning,32,0,0,1400,0.4480765000007523,1361,0.0,0.5445,0.29716520039100686,12.3,35,1
baseline-positioning,32,0,0,1400,0.485073382000337,1361,0.0,0.5489999999999999,0.29716520039100686,12.3,35,1
baseline-positioning,32,0,0,1400,0.522081134000473,1361,0.0,0.5445,0.29716520039100686,12.3,35,1
baseline-positioning,32,0,0,1400,0.5580818769994949,1361,0.0,0.5445,0.29716520039100686,12.3,35,1
baseline-positioning,32,0,0,1400,0.5961006369998358,1361,0.0,0.5445,0.29716520039100686,12.3,35,1
baseline-positioning,32,0,0,1400,0.6320956759991532,1361,0.0,0.5489999999999999,0.29716520039100686,12.3,35,1
baseline-positioning,32,0,0,1400,0.6680852709996543,1361,0.0,0.5445,0.29716520039100686,12.3,35,1
baseline-positioning,32,0,0,1400,0.7050959680000233,1361,0.0,0.5445,0.29716520039100686,12.3,35,1
baseline-positioning,32,0,0,1400,0.7421208300002036,1361,0.0,0.5445,0.29716520039100686,12.0,35,1
baseline-positioning,32,0,0,1400,0.7780999250007881,1361,0.0,0.5445,0.29716520039100686,12.0,35,1
baseline-positioning,32,0,0,1400,0.8141078720000223,1361,0.0,0.5445,0.29716520039100686,12.0,35,1
baseline-positioning,32,0,0,1400,0.8501244300005055,1361,0.0,0.5399999999999999,0.29716520039100686,12.3,35,1
baseline-positioning,32,0,0,1400,0.8861268020009447,1361,0.0,0.5445,0.29716520039100686,12.3,35,1
baseline-positioning,32,0,0,1400,0.922137138000835,1361,0.0,0.5445,0.29716520039100686,12.3,35,1
baseline-positioning,32,0,0,1400,0.9591409450003994,1361,0.0,0.5445,0.29716520039100686,12.3,35,1
baseline-positioning,32,0,0,1400,0.9961559559997113,1361,0.0,0.5445,0.29716520039100686,12.3,35,1
baseline-positioning,32,0,0,1400,1.0351644839993241,1361,0.0,0.5445,0.29716520039100686,12.3,35,1
baseline-positioning,32,0,0,1400,1.0721414220006409,1361,0.0,0.5445,0.29716520039100686,12.0,35,1
baseline-positioning,32,0,0,1400,1.1081609049997496,1361,0.0,0.5445,0.29716520039100686,12.0,35,1
baseline-positioning,32,0,0,1400,1.1441886659995362,1361,0.0,0.5445,0.29716520039100686,12.0,35,1
baseline-positioning,32,0,0,1400,1.1801910579997639,1361,0.0,0.5445,0.29716520039100686,12.0,35,1
baseline-positioning,32,0,0,1400,1.2161987630006479,1361,0.0,0.5445,0.29716520039100686,12.0,35,1
baseline-positioning,32,0,0,1400,1.254210819999571,1361,0.0,0.5445,0.29716520039100686,12.0,35,1
baseline-positioning,32,0,0,1400,1.2912045169996418,1361,0.0,0.5445,0.29716520039100686,12.3,35,1
baseline-positioning,32,0,0,1400,1.327228500000274,1361,0.0,0.5445,0.29716520039100686,12.3,35,1
baseline-positioning,32,0,0,1400,1.3632329650008614,1361,0.0,0.5445,0.29716520039100686,12.3,35,1
baseline-positioning,32,0,0,1400,1.4012287999994442,1361,0.0,0.5445,0.29716520039100686,12.3,35,1
baseline-positioning,32,0,0,1400,1.4392260420008824,1361,0.0,0.5445,0.29716520039100686,12.3,35,1
baseline-positioning,32,0,0,1400,1.4762265350000234,1361,0.0,0.5445,0.29716520039100686,12.3,35,1
baseline-positioning,32,0,0,1400,1.513221971999883,1361,0.0,0.5399999999999999,0.29716520039100686,12.3,35,1
baseline-positioning,32,0,0,1400,1.5492458070002613,1361,0.0,0.5445,0.29716520039100686,12.3,35,1
baseline-positioning,32,0,0,1400,1.5852314389994717,1361,0.0,0.5445,0.29716520039100686,12.3,36,1
baseline-positioning,32,0,0,1400,1.6212358489992766,1361,0.0,0.5399999999999999,0.29716520039100686,12.3,36,1
baseline-positioning,32,0,0,1400,1.6572298880000744,1361,0.0,0.5399999999999999,0.29716520039100686,12.3,36,1
baseline-positioning,32,0,0,1400,1.693241148999732,1361,0.0,0.5399999999999999,0.29716520039100686,12.3,36,1
baseline-positioning,32,0,0,1400,1.7302616970009694,1361,0.0,0.5445,0.29716520039100686,12.3,35,1
baseline-positioning,32,0,0,1400,1.7672607820004487,1361,0.0,0.5399999999999999,0.29716520039100686,12.3,35,1
baseline-positioning,32,0,0,1400,1.8032688589992176,1361,0.0,0.5445,0.29716520039100686,12.3,35,1
baseline-positioning,32,0,0,1400,1.8392757500005246,1361,0.0,0.5445,0.29716520039100686,12.3,35,1
baseline-positioning,32,0,0,1400,1.8762778349992004,1361,0.0,0.5399999999999999,0.29716520039100686,12.3,35,1
baseline-positioning,32,0,0,1400,1.9122825590002321,1361,0.0,0.5399999999999999,0.29716520039100686,12.3,35,1
baseline-positioning,32,0,0,1400,1.948295338999742,1361,0.0,0.5445,0.29716520039100686,12.3,35,1
baseline-positioning,32,0,0,1400,1.9852985720008292,1361,0.0,0.5399999999999999,0.29716520039100686,12.3,35,1
baseline-positioning,32,0,0,1400,2.0222818429992913,1361,0.0,0.5399999999999999,0.29716520039100686,12.5,35,1
baseline-positioning,32,0,0,1400,2.0583811960004823,1361,0.0,0.5399999999999999,0.29716520039100686,12.5,35,1
baseline-positioning,32,0,0,1400,2.094371938999757,1361,0.0,0.5399999999999999,0.29716520039100686,12.5,35,1
baseline-positioning,32,0,0,1400,2.1323607369995443,1361,0.0,0.5399999999999999,0.29716520039100686,12.5,35,1
baseline-positioning,32,0,0,1400,2.1723612929999945,1361,0.0,0.5445,0.29716520039100686,12.5,35,1
baseline-positioning,32,0,0,1400,2.2123695530008263,1361,0.0,0.5445,0.29716520039100686,12.5,35,1
baseline-positioning,32,0,0,1400,2.250375924000764,1361,0.0,0.5399999999999999,0.29716520039100686,12.3,35,1
baseline-positioning,32,0,0,1400,2.2873775089992705,1361,0.0,0.5399999999999999,0.29716520039100686,12.3,35,1
baseline-positioning,32,0,0,1400,2.3243729650002933,1361,0.0,0.5399999999999999,0.29716520039100686,12.3,35,1
baseline-positioning,32,0,0,1400,2.3603742079994845,1361,0.0,0.5399999999999999,0.29716520039100686,12.3,35,1
baseline-positioning,32,0,0,1400,2.3963772660008544,1361,0.0,0.5399999999999999,0.29716520039100686,12.3,35,1
baseline-positioning,32,0,0,1400,2.43239863800045,1361,0.0,0.5399999999999999,0.29716520039100686,12.3,35,1
baseline-positioning,32,0,0,1400,2.4683927330006554,1361,0.0,0.5399999999999999,0.29716520039100686,12.0,35,1
baseline-positioning,32,0,0,1400,2.504378142999485,1361,0.0,0.5445,0.29716520039100686,12.0,35,1
baseline-positioning,32,0,0,1400,2.5413903389999177,1361,0.0,0.5399999999999999,0.29716520039100686,12.0,35,1
baseline-positioning,32,0,0,1400,2.578396757000519,1361,0.0,0.5399999999999999,0.29716520039100686,12.3,35,1
baseline-positioning,32,0,0,1400,2.6143950929999846,1361,0.0,0.5399999999999999,0.29716520039100686,12.3,35,1
baseline-positioning,32,0,0,1400,2.650412614000743,1361,0.0,0.5399999999999999,0.29716520039100686,12.3,35,1
baseline-positioning,32,0,0,1400,2.687404180000158,1361,0.0,0.5399999999999999,0.29716520039100686,12.3,35,1
baseline-positioning,32,0,0,1400,2.725404830000116,1361,0.0,0.5399999999999999,0.29716520039100686,12.3,35,1
baseline-positioning,32,0,0,1400,2.762418432999766,1361,0.0,0.5355,0.29716520039100686,12.3,35,1
baseline-positioning,32,0,0,1400,2.8114119759993628,1361,0.0,0.5355,0.29716520039100686,12.0,35,1
baseline-positioning,32,0,0,1400,2.8484459499995864,1361,0.0,0.5399999999999999,0.29716520039100686,12.0,35,1
baseline-positioning,32,0,0,1400,2.8854314050004177,1361,0.0,0.5399999999999999,0.29716520039100686,12.0,35,1
baseline-positioning,32,0,0,1400,2.9224328239997703,1361,0.0,0.5399999999999999,0.29716520039100686,12.0,35,1
baseline-positioning,32,0,0,1400,2.9604345290008496,1361,0.0,0.5399999999999999,0.29716520039100686,12.0,35,1
baseline-positioning,32,0,0,1400,2.99644488299964,1361,0.0,0.5399999999999999,0.29716520039100686,12.0,35,1
baseline-positioning,32,0,0,1400,3.033468616000391,1361,0.0,0.5399999999999999,0.29716520039100686,12.0,35,1
baseline-positioning,32,0,0,1400,3.071468451000328,1361,0.0,0.5399999999999999,0.29716520039100686,12.3,35,1
baseline-positioning,32,0,0,1400,3.1084853499996825,1361,0.0,0.5399999999999999,0.29716520039100686,12.3,36,1
baseline-positioning,32,0,0,1400,3.1454759539992665,1361,0.0,0.5445,0.29716520039100686,12.3,36,1
baseline-positioning,32,0,0,1400,3.182481428000756,1361,0.0,0.5355,0.29716520039100686,12.3,36,1
baseline-positioning,32,0,0,1400,3.2194915319996653,1361,0.0,0.5399999999999999,0.29716520039100686,12.3,35,1
baseline-positioning,32,0,0,1400,3.255507977999514,1361,0.0,0.5399999999999999,0.29716520039100686,12.3,35,1
baseline-positioning,32,0,0,1400,3.291508647000228,1361,0.0,0.5355,0.29716520039100686,12.3,35,1
baseline-positioning,32,0,0,1400,3.3295099820006726,1361,0.0,0.5355,0.29716520039100686,12.3,36,1
baseline-positioning,32,0,0,1400,3.369509186000869,1361,0.0,0.5355,0.29716520039100686,12.3,36,1
baseline-positioning,32,0,0,1400,3.409544129999631,1361,0.0,0.5355,0.29716520039100686,12.3,36,1
baseline-positioning,32,0,0,1400,3.4495285939992755,1361,0.0,0.5399999999999999,0.29716520039100686,12.3,35,1
baseline-positioning,32,0,0,1400,3.486540141999285,1361,0.0,0.5399999999999999,0.29716520039100686,12.3,35,1
baseline-positioning,32,0,0,1400,3.523541042000943,1361,0.0,0.5399999999999999,0.29716520039100686,12.3,35,1
baseline-positioning,32,0,0,1400,3.559557451000728,1361,0.0,0.5355,0.29716520039100686,12.3,35,1
baseline-positioning,32,0,0,1400,3.596547888999339,1361,0.0,0.5355,0.29716520039100686,12.3,35,1
baseline-positioning,32,0,0,1400,3.6325568720003503,1361,0.0,0.5399999999999999,0.29716520039100686,12.3,35,1
baseline-positioning,32,0,0,1400,3.6705635960006475,1361,0.0,0.5399999999999999,0.29716520039100686,12.3,35,1
baseline-positioning,32,0,0,1400,3.71057454000038,1361,0.0,0.5355,0.29716520039100686,12.3,36,1
baseline-positioning,32,0,0,1400,3.750578114999371,1361,0.0,0.5355,0.29716520039100686,12.5,36,1
baseline-positioning,32,0,0,1400,3.7885817639999004,1361,0.0,0.5399999999999999,0.29716520039100686,12.5,36,1
baseline-positioning,32,0,0,1400,3.824582970000847,1361,0.0,0.5355,0.29716520039100686,12.5,35,1
baseline-positioning,32,0,0,1400,3.8605810280005244,1361,0.0,0.5399999999999999,0.29716520039100686,12.5,35,1
baseline-positioning,32,0,0,1400,3.898572862999572,1361,0.0,0.5399999999999999,0.29716520039100686,12.5,35,1
baseline-positioning,32,0,0,1400,3.934586920999209,1361,0.0,0.5355,0.29716520039100686,12.5,35,1
baseline-positioning,32,0,0,1400,3.9716115800001717,1361,0.0,0.5355,0.29716520039100686,12.3,35,1
baseline-positioning,32,0,0,1400,4.0096050440006366,1361,0.0,0.5355,0.29716520039100686,12.3,35,1
baseline-positioning,32,0,0,1400,4.046608222000941,1361,0.0,0.5355,0.29716520039100686,12.3,36,1
baseline-positioning,32,0,0,1400,4.0826224089996686,1361,0.0,0.5355,0.29716520039100686,12.3,36,1
baseline,32,0,0,1628,0.003999480000857147,1361,0.0,0.5355,0.29716520039100686,12.3,36,1
baseline,32,0,0,1628,0.04200329599916586,1361,0.0,0.585,0.30498533724340177,12.3,35,1
baseline,32,0,0,1628,0.07900510299987218,1361,0.0,0.6615,0.3284457478005865,12.0,35,1
baseline,32,0,0,1628,0.11601804000019911,1361,0.0,0.7739999999999999,0.3597262952101662,12.0,35,1
baseline,32,0,0,1628,0.15401857799952268,1361,0.0,0.945,0.4066471163245357,12.0,36,1
baseline,32,0,0,1628,0.19004252500053553,1361,0.0,1.188,0.46920821114369504,12.3,36,1
baseline,32,0,0,1628,0.23002632200041262,1366,13.680000000000001,1.1024999999999998,0.47996089931573804,12.3,36,1
baseline,32,0,0,1628,0.2680336930006888,1387,43.776,0.7695,0.3391984359726295,12.3,35,1
baseline,32,0,0,1628,0.30402882499947737,1406,41.040000000000006,0.5219999999999999,0.2903225806451613,12.3,35,1
baseline,32,0,0,1628,0.3400355680005305,1430,57.456,0.32399999999999995,0.17790811339198437,12.3,35,1
baseline,32,0,0,1628,0.3780536989997927,1451,41.040000000000006,0.34199999999999997,0.18084066471163246,12.3,36,1
baseline,32,0,0,1628,0.4140502379996178,1466,32.832,0.45449999999999996,0.2130987292277615,12.3,36,1
baseline,32,0,0,1628,0.4510487120005564,1476,16.416,0.6749999999999999,0.3098729227761486,12.0,36,1
baseline,32,0,0,1628,0.4870494740007416,1487,24.624000000000002,0.576,0.34017595307917886,12.0,35,1
baseline,32,0,0,1628,0.5230689389991312,1504,35.568000000000005,0.612,0.3098729227761486,12.0,35,1
baseline,32,0,0,1628,0.583068653000737,1537,43.776,0.3645,0.21407624633431085,12.0,35,1
baseline,32,0,0,1628,0.6210604690004402,1556,38.304,0.26999999999999996,0.1710654936461388,12.0,35,1
baseline,32,0,0,1628,0.6570868229991902,1570,30.096000000000004,0.351,0.16422287390029325,12.3,35,1
baseline,32,0,0,1628,0.6940802230001282,1570,0.0,0.5804999999999999,0.28934506353861195,12.3,35,1
baseline,32,0,0,1628,0.7300867060002929,1569,0.0,0.7605,0.3519061583577713,12.3,36,1
baseline,32,0,0,1628,0.7660904679996747,1564,-10.944,1.0574999999999999,0.4604105571847507,12.3,36,1
baseline,32,0,0,1628,0.804097357999126,1564,0.0,1.1835,0.46920821114369504,12.0,36,1
baseline,32,0,0,1628,0.8400995079991844,1564,0.0,1.2194999999999998,0.48484848484848486,12.0,35,1
baseline,32,0,0,1628,0.8771146300005057,1568,13.680000000000001,0.8055,0.4252199413489736,12.0,35,1
baseline,32,0,0,1628,0.9151254089993017,1587,38.304,0.477,0.23362658846529813,12.0,35,1
baseline,32,0,0,1628,0.9511260409999522,1598,24.624000000000002,0.252,0.17595307917888564,12.0,35,1
baseline,32,0,0,1628,0.9881445890005125,1610,21.888,0.13499999999999998,0.08797653958944282,12.0,35,1
baseline,32,0,0,1628,1.0261422570001741,1608,0.0,0.1485,0.14858260019550343,12.3,35,1
baseline,32,0,0,1628,1.0631487499995274,1607,0.0,0.18,0.15640273704789834,12.3,35,1
baseline,32,0,0,1628,1.0991503259992896,1601,-13.680000000000001,0.26999999999999996,0.2316715542521994,12.3,35,1
baseline,32,0,0,1628,1.1371497349991841,1601,0.0,0.27449999999999997,0.20332355816226785,12.3,35,1
baseline,32,0,0,1628,1.1731558299998142,1602,0.0,0.252,0.19550342130987292,12.3,35,1
baseline,32,0,0,1628,1.210171636999803,1604,5.472,0.19799999999999998,0.16911045943304007,12.3,35,1
baseline,32,0,0,1628,1.2461790279994602,1607,5.472,0.16649999999999998,0.14565004887585534,12.3,35,1
baseline,32,0,0,1628,1.284172232999481,1606,0.0,0.18,0.16422287390029325,12.3,35,1
baseline,32,0,0,1628,1.321210484000403,1606,0.0,0.1845,0.16422287390029325,12.3,36,1
baseline,32,0,0,1628,1.3591987079998944,1604,-5.472,0.23399999999999999,0.1906158357771261,12.3,36,1
baseline,32,0,0,1628,1.3951842110000143,1603,0.0,0.23399999999999999,0.187683284457478,12.3,36,1
baseline,32,0,0,1628,1.4321995730006165,1603,0.0,0.23399999999999999,0.187683284457478,12.3,36,1
baseline,32,0,0,1628,1.4681983350001246,1604,0.0,0.21599999999999997,0.1798631476050831,12.3,36,1
baseline,32,0,0,1628,1.5042095959997823,1604,0.0,0.21599999999999997,0.1798631476050831,12.3,36,1
baseline,32,0,0,1628,1.5422173570004816,1604,0.0,0.21599999999999997,0.1798631476050831,12.3,35,1
baseline,32,0,0,1628,1.5792216270001518,1604,0.0,0.21599999999999997,0.1798631476050831,12.3,35,1
baseline,32,0,0,1628,1.6152292770002532,1603,0.0,0.21599999999999997,0.187683284457478,12.3,35,1
baseline,32,0,0,1628,1.6532332229999156,1603,0.0,0.22049999999999997,0.187683284457478,12.3,35,1
baseline,32,0,0,1628,1.6892402070006938,1604,0.0,0.21599999999999997,0.1798631476050831,12.3,35,1
baseline,32,0,0,1628,1.7262429029997293,1604,0.0,0.21599999999999997,0.1798631476050831,12.3,35,1
baseline,32,0,0,1628,1.7622452199993859,1604,0.0,0.21599999999999997,0.1798631476050831,12.3,35,1
baseline,32,0,0,1628,1.8002453879998939,1603,0.0,0.22499999999999998,0.187683284457478,12.3,36,1
baseline,32,0,0,1628,1.8372504180006217,1603,0.0,0.22049999999999997,0.187683284457478,12.3,36,1
baseline,32,0,0,1628,1.873268900999392,1604,0.0,0.21599999999999997,0.1798631476050831,12.3,36,1
baseline,32,0,0,1628,1.9092883659996005,1604,0.0,0.22049999999999997,0.1798631476050831,12.3,36,1
baseline,32,0,0,1628,1.9452926279991516,1604,0.0,0.21599999999999997,0.1798631476050831,12.3,36,1
baseline,32,0,0,1628,1.9812747970008786,1604,0.0,0.21599999999999997,0.1798631476050831,12.3,36,1
baseline,32,0,0,1628,2.019297094000649,1603,0.0,0.23399999999999999,0.187683284457478,12.3,36,1
baseline,32,0,0,1628,2.055294485000559,1604,0.0,0.21599999999999997,0.1798631476050831,12.3,36,1
baseline,32,0,0,1628,2.092302032999214,1604,0.0,0.21599999999999997,0.1798631476050831,12.3,36,1
baseline,32,0,0,1628,2.1283001100000547,1604,0.0,0.21599999999999997,0.1798631476050831,12.3,35,1
baseline,32,0,0,1628,2.1643063529991196,1604,0.0,0.21599999999999997,0.1798631476050831,12.3,35,1
baseline,32,0,0,1628,2.2013316779994057,1603,0.0,0.21599999999999997,0.187683284457478,12.1,35,1
baseline,32,0,0,1628,2.2383330970005773,1604,0.0,0.21599999999999997,0.1798631476050831,12.1,35,1
baseline,32,0,0,1628,2.274327044000529,1604,0.0,0.21599999999999997,0.1798631476050831,12.1,35,1
baseline,32,0,0,1628,2.3123508040007437,1604,0.0,0.21599999999999997,0.1798631476050831,12.1,35,1
baseline,32,0,0,1628,2.3493379629999254,1604,0.0,0.21599999999999997,0.1798631476050831,12.1,36,1
baseline,32,0,0,1628,2.3853366509993066,1604,0.0,0.22049999999999997,0.1798631476050831,12.1,36,1
baseline,32,0,0,1628,2.4233450409992656,1604,0.0,0.23399999999999999,0.1798631476050831,12.3,36,1
baseline,32,0,0,1628,2.4593543390001287,1603,0.0,0.21599999999999997,0.187683284457478,12.3,36,1
baseline,32,0,0,1628,2.4963544429992908,1603,0.0,0.21599999999999997,0.187683284457478,12.3,36,1
baseline,32,0,0,1628,2.532363907999752,1604,0.0,0.21599999999999997,0.1798631476050831,12.1,36,1
baseline,32,0,0,1628,2.568356207000761,1604,0.0,0.21599999999999997,0.1798631476050831,12.1,36,1
baseline,32,0,0,1628,2.606357004000529,1604,0.0,0.21599999999999997,0.1798631476050831,12.1,36,1
baseline,32,0,0,1628,2.6423651549994247,1604,0.0,0.21599999999999997,0.1798631476050831,12.1,36,1
baseline,32,0,0,1628,2.67936927700066,1604,0.0,0.21599999999999997,0.1798631476050831,12.1,36,1
baseline,32,0,0,1628,2.7173864819997107,1604,0.0,0.21599999999999997,0.1798631476050831,12.1,36,1
baseline,32,0,0,1628,2.754401232999953,1604,0.0,0.22949999999999998,0.1798631476050831,12.3,36,1
baseline,32,0,0,1628,2.790414569000859,1604,0.0,0.21599999999999997,0.1798631476050831,12.3,36,1
baseline,32,0,0,1628,2.8284134780005843,1604,0.0,0.21599999999999997,0.1798631476050831,12.3,36,1
baseline,32,0,0,1628,2.864413183999204,1603,0.0,0.21599999999999997,0.187683284457478,12.3,36,1
baseline,32,0,0,1628,2.901409842999783,1604,0.0,0.21599999999999997,0.1798631476050831,12.3,36,1
baseline,32,0,0,1628,2.937406381999608,1604,0.0,0.21599999999999997,0.1798631476050831,12.3,36,1
baseline,32,0,0,1628,2.9734609389997786,1604,0.0,0.21599999999999997,0.1798631476050831,12.3,36,1
baseline,32,0,0,1628,3.010426839999127,1604,0.0,0.21599999999999997,0.1798631476050831,12.3,36,1
baseline,32,0,0,1628,3.0484363600007782,1604,0.0,0.22049999999999997,0.187683284457478,12.3,36,1
baseline,32,0,0,1628,3.0844456949998857,1604,0.0,0.21599999999999997,0.1798631476050831,12.3,36,1
baseline,32,0,0,1628,3.1204881230005412,1604,0.0,0.21599999999999997,0.1798631476050831,12.3,36,1
baseline,32,0,0,1628,3.1574408569995285,1603,0.0,0.21599999999999997,0.187683284457478,12.3,36,1
baseline,32,0,0,1628,3.1954564129991923,1604,0.0,0.21599999999999997,0.1798631476050831,12.3,36,1
baseline,32,0,0,1628,3.2314922860005026,1603,0.0,0.22049999999999997,0.187683284457478,12.3,36,1
baseline,32,0,0,1628,3.268471519000741,1604,0.0,0.21599999999999997,0.1798631476050831,12.3,36,1
baseline,32,0,0,1628,3.3054800490008347,1604,0.0,0.21599999999999997,0.1798631476050831,12.3,36,1
baseline,32,0,0,1628,3.34247970800061,1604,0.0,0.21599999999999997,0.1798631476050831,12.3,36,1
baseline,32,0,0,1628,3.379502440999204,1604,0.0,0.21599999999999997,0.1798631476050831,12.3,36,1
baseline,32,0,0,1628,3.4174941269993724,1604,0.0,0.21599999999999997,0.1798631476050831,12.3,36,1
baseline,32,0,0,1628,3.4535125179991155,1603,0.0,0.21599999999999997,0.187683284457478,12.3,36,1
baseline,32,0,0,1628,3.4905160660000547,1604,0.0,0.22049999999999997,0.1798631476050831,12.3,36,1
baseline,32,0,0,1400,0.003990313000031165,1604,0.0,0.21599999999999997,0.1798631476050831,12.3,36,1
baseline,32,0,0,1400,0.039992055999391596,1604,0.0,0.19799999999999998,0.17204301075268819,12.3,36,1
baseline,32,0,0,1400,0.07609909399980097,1604,0.0,0.13499999999999998,0.14858260019550343,12.3,36,1
baseline,32,0,0,1400,0.1130084389988042,1604,0.0,0.06749999999999999,0.10948191593352884,12.3,36,1
baseline,32,0,0,1400,0.15000124699872686,1604,0.0,0.009,0.06256109481915934,12.3,36,1
baseline,32,0,0,1400,0.18602743399969768,1604,0.0,0.0,0.007820136852394917,12.3,36,1
baseline,32,0,0,1400,0.224002508999547,1604,0.0,-0.045,0.07038123167155426,12.3,36,1
baseline,32,0,0,1400,0.26001345599979686,1604,0.0,-0.19799999999999998,0.15640273704789834,12.3,36,1
baseline,32,0,0,1400,0.2970166889990651,1604,0.0,-0.43649999999999994,0.25024437927663734,12.3,36,1
baseline,32,0,0,1400,0.3340309409995825,1604,0.0,-0.8144999999999999,0.3597262952101662,12.3,36,1
baseline,32,0,0,1400,0.37103145199944265,1602,-5.472,-0.963,0.458455522971652,12.3,36,1
baseline,32,0,0,1400,0.40704506499969284,1587,-35.568000000000005,-0.9944999999999999,0.4115347018572825,12.0,36,1
baseline,32,0,0,1400,0.44305330799943476,1567,-46.512,-0.7785,0.3724340175953079,12.0,36,1
baseline,32,0,0,1400,0.47905236599945056,1541,-60.19200000000001,-0.486,0.27370478983382207,12.0,36,1
baseline,32,0,0,1400,0.515067108999574,1510,-65.664,-0.33749999999999997,0.15249266862170088,12.0,36,1
baseline,32,0,0,1400,0.5510499819993129,1492,-35.568000000000005,-0.26099999999999995,0.18475073313782991,12.0,36,1
baseline,32,0,0,1400,0.5880802329993458,1479,-30.096000000000004,-0.45449999999999996,0.19550342130987292,12.0,36,1
baseline,32,0,0,1400,0.6250899480000953,1482,10.944,-0.8099999999999999,0.3978494623655914,12.3,36,1
baseline,32,0,0,1400,0.6610929689995828,1482,0.0,-1.134,0.44574780058651026,12.3,36,1
baseline,32,0,0,1400,0.6970835079991957,1485,5.472,-1.323,0.5503421309872922,12.3,36,1
baseline,32,0,0,1400,0.7330990289992769,1469,-41.040000000000006,-0.945,0.3763440860215054,12.0,36,1
baseline,32,0,0,1400,0.7691011049992085,1453,-35.568000000000005,-0.5804999999999999,0.3020527859237537,12.0,36,1
baseline,32,0,0,1400,0.805115458999353,1435,-38.304,-0.22949999999999998,0.18670576735092864,12.0,36,1
baseline,32,0,0,1400,0.8431073679985275,1419,-30.096000000000004,-0.1485,0.08602150537634409,12.0,36,1
baseline,32,0,0,1400,0.8801094159989589,1421,5.472,-0.18,0.17497556207233628,12.0,36,1
baseline,32,0,0,1400,0.916119435998553,1422,0.0,-0.23399999999999999,0.17204301075268819,12.0,36,1
baseline,32,0,0,1400,0.9577476799986471,1429,10.944,-0.32849999999999996,0.24926686217008798,12.0,36,1
baseline,32,0,0,1400,0.9961283079992427,1428,0.0,-0.3105,0.21896383186705767,12.3,36,1
baseline,32,0,0,1400,1.0321404759997677,1427,0.0,-0.26999999999999996,0.21114369501466276,12.3,36,1
baseline,32,0,0,1400,1.0701585520000663,1422,-10.944,-0.19799999999999998,0.1495601173020528,12.3,36,1
baseline,32,0,0,1400,1.1071593959986785,1422,0.0,-0.19799999999999998,0.17204301075268819,12.3,36,1
baseline,32,0,0,1400,1.1441529069998069,1423,0.0,-0.21599999999999997,0.1798631476050831,12.3,36,1
baseline,32,0,0,1400,1.1801992789987708,1426,8.208,-0.288,0.21994134897360704,12.3,36,1
baseline,32,0,0,1400,1.2161655229992903,1428,0.0,-0.3105,0.21896383186705767,12.3,36,1
baseline,32,0,0,1400,1.2535735109995585,1427,0.0,-0.288,0.21114369501466276,12.3,36,1
baseline,32,0,0,1400,1.2911822389996814,1426,0.0,-0.27449999999999997,0.20332355816226785,12.3,36,1
baseline,32,0,0,1400,1.3271959069988952,1424,-5.472,-0.252,0.176930596285435,12.3,36,1
baseline,32,0,0,1400,1.3641863069988176,1425,0.0,-0.252,0.19550342130987292,12.3,36,1
baseline,32,0,0,1400,1.4011988369984465,1425,0.0,-0.26999999999999996,0.19550342130987292,12.3,36,1
baseline,32,0,0,1400,1.4381939219983906,1426,0.0,-0.26999999999999996,0.20332355816226785,12.3,36,1
baseline,32,0,0,1400,1.4741875539984903,1426,0.0,-0.26999999999999996,0.20332355816226785,12.3,36,1
baseline,32,0,0,1400,1.5102063340000313,1426,0.0,-0.26999999999999996,0.20332355816226785,12.3,36,1
baseline,32,0,0,1400,1.5463269829997444,1426,0.0,-0.26999999999999996,0.20332355816226785,12.3,36,1
baseline,32,0,0,1400,1.5842367629993532,1426,0.0,-0.27449999999999997,0.20332355816226785,12.3,36,1
baseline,32,0,0,1400,1.62121553399993,1426,0.0,-0.26999999999999996,0.20332355816226785,12.3,35,1
baseline,32,0,0,1400,1.658211971000128,1426,0.0,-0.26999999999999996,0.20332355816226785,12.3,35,1
baseline,32,0,0,1400,1.696246137998969,1426,0.0,-0.26999999999999996,0.20332355816226785,12.3,35,1
baseline,32,0,0,1400,1.7332411489987862,1426,0.0,-0.26999999999999996,0.20332355816226785,12.3,36,1
baseline,32,0,0,1400,1.7692490959998395,1426,0.0,-0.26999999999999996,0.20332355816226785,12.3,36,1
baseline,32,0,0,1400,1.8052513019993057,1426,0.0,-0.26999999999999996,0.20332355816226785,12.5,36,1
baseline,32,0,0,1400,1.843258358998355,1426,0.0,-0.26999999999999996,0.20332355816226785,12.5,36,1
baseline,32,0,0,1400,1.8812691189996258,1426,0.0,-0.26999999999999996,0.20332355816226785,12.5,36,1
baseline,32,0,0,1400,1.9182610749994637,1426,0.0,-0.26999999999999996,0.20332355816226785,12.3,36,1
baseline,32,0,0,1400,1.955251548999513,1426,0.0,-0.26999999999999996,0.20332355816226785,12.3,36,1
baseline,32,0,0,1400,1.9912858289990254,1426,0.0,-0.26999999999999996,0.20332355816226785,12.3,36,1
baseline,32,0,0,1400,2.258312328000102,1426,0.0,-0.26999999999999996,0.20332355816226785,12.0,36,1
baseline,32,0,0,1400,2.295314690998566,1426,0.0,-0.26999999999999996,0.20332355816226785,12.0,36,1
baseline,32,0,0,1400,2.3313178419994074,1426,0.0,-0.26999999999999996,0.20332355816226785,12.0,36,1
baseline,32,0,0,1400,2.367347213999892,1426,0.0,-0.26999999999999996,0.20332355816226785,12.3,36,1
baseline,32,0,0,1400,2.403365419999318,1426,0.0,-0.26999999999999996,0.20332355816226785,12.3,36,1
baseline,32,0,0,1400,2.439346791999924,1426,0.0,-0.27449999999999997,0.20332355816226785,12.3,36,1
baseline,32,0,0,1400,2.475355201999264,1426,0.0,-0.26999999999999996,0.20332355816226785,12.3,36,1
baseline,32,0,0,1400,2.512356805998934,1426,0.0,-0.26999999999999996,0.20332355816226785,12.1,36,1
baseline,32,0,0,1400,2.549355408998963,1426,0.0,-0.26999999999999996,0.20332355816226785,12.1,36,1
baseline,32,0,0,1400,2.585395392999999,1426,0.0,-0.26999999999999996,0.20332355816226785,12.1,36,1
baseline,32,0,0,1400,2.621371413999441,1425,0.0,-0.26999999999999996,0.19550342130987292,12.3,36,1
baseline,32,0,0,1400,2.6573679159992025,1425,0.0,-0.26999999999999996,0.19550342130987292,12.3,36,1
baseline,32,0,0,1400,2.695408879999377,1426,0.0,-0.26999999999999996,0.20332355816226785,12.3,36,1
baseline,32,0,0,1400,2.7323822059988743,1426,0.0,-0.27449999999999997,0.20332355816226785,12.3,36,1
baseline,32,0,0,1400,2.7683944489999703,1426,0.0,-0.26999999999999996,0.20332355816226785,12.3,36,1
baseline,32,0,0,1400,2.8063997469998867,1426,0.0,-0.26999999999999996,0.20332355816226785,12.3,36,1
baseline,32,0,0,1400,2.8434096279997902,1426,0.0,-0.26999999999999996,0.20332355816226785,12.3,36,1
baseline,32,0,0,1400,2.8794031669985998,1426,0.0,-0.26999999999999996,0.20332355816226785,12.3,36,1
baseline,32,0,0,1400,2.915407114000118,1426,0.0,-0.26999999999999996,0.20332355816226785,12.3,36,1
baseline,32,0,0,1400,2.953443836999213,1426,0.0,-0.26999999999999996,0.20332355816226785,12.3,36,1
baseline,32,0,0,1400,2.9914228939996974,1426,0.0,-0.26999999999999996,0.20332355816226785,12.3,36,1
baseline,32,0,0,1400,3.0294656729984126,1426,0.0,-0.26999999999999996,0.20332355816226785,12.3,36,1
baseline,32,0,0,1400,3.0664562949987157,1426,0.0,-0.26999999999999996,0.20332355816226785,12.3,36,1
baseline,32,0,0,1400,3.1064232959997753,1426,0.0,-0.26999999999999996,0.20332355816226785,12.3,36,1
baseline,32,0,0,1400,3.14243996499863,1426,0.0,-0.26999999999999996,0.20332355816226785,12.3,36,1
baseline,32,0,0,1400,3.1784439479997673,1426,0.0,-0.26999999999999996,0.20332355816226785,12.3,36,1
baseline,32,0,0,1400,3.21644231999926,1426,0.0,-0.26999999999999996,0.20332355816226785,12.3,36,1
baseline,32,0,0,1400,3.2564821719988686,1426,0.0,-0.26999999999999996,0.20332355816226785,12.3,36,1
baseline,32,0,0,1400,3.29647869099972,1426,0.0,-0.26999999999999996,0.20332355816226785,12.3,36,1
baseline,32,0,0,1400,3.3364693949988578,1426,0.0,-0.26999999999999996,0.20332355816226785,12.3,36,1
baseline,32,0,0,1400,3.3744922669993684,1426,0.0,-0.26999999999999996,0.20332355816226785,12.3,36,1
baseline,32,0,0,1400,3.411491703998763,1426,0.0,-0.26999999999999996,0.20332355816226785,12.3,36,1
baseline,32,0,0,1400,3.4484810670001025,1426,0.0,-0.26999999999999996,0.20332355816226785,12.3,36,1
baseline,32,0,0,1400,3.484498531999634,1426,0.0,-0.26999999999999996,0.20332355816226785,12.3,36,1
p40-d0-positioning,40,0,0,1400,0.004010442999060615,1426,0.0,0.0,0.0,12.3,36,1
p40-d0-positioning,40,0,0,1400,0.04103306499928294,1426,0.0,0.0,0.009775171065493646,12.3,36,1
p40-d0-positioning,40,0,0,1400,0.07700580799973977,1426,0.0,-0.0045,0.039100684261974585,12.3,36,1
p40-d0-positioning,40,0,0,1400,0.11403092999898945,1426,0.0,-0.058499999999999996,0.08797653958944282,12.3,36,1
p40-d0-positioning,40,0,0,1400,0.15004178399976809,1426,0.0,-0.16649999999999998,0.1466275659824047,12.3,36,1
p40-d0-positioning,40,0,0,1400,0.187038053998549,1426,0.0,-0.27449999999999997,0.19550342130987292,12.3,36,1
p40-d0-positioning,40,0,0,1400,0.2230295199988177,1426,0.0,-0.3465,0.23460410557184752,12.3,36,1
p40-d0-positioning,40,0,0,1400,0.261141315999339,1426,0.0,-0.40499999999999997,0.2541544477028348,12.3,36,1
p40-d0-positioning,40,0,0,1400,0.2990789659997972,1426,0.0,-0.40049999999999997,0.2541544477028348,12.3,36,1
p40-d0-positioning,40,0,0,1400,0.3370562459986104,1426,0.0,-0.40049999999999997,0.2541544477028348,12.0,36,1
p40-d0-positioning,40,0,0,1400,0.3740665160003118,1426,0.0,-0.40049999999999997,0.2541544477028348,12.0,36,1
p40-d0-positioning,40,0,0,1400,0.4100570179998613,1426,0.0,-0.40049999999999997,0.2541544477028348,12.0,36,1
p40-d0-positioning,40,0,0,1400,0.4480587050002214,1426,0.0,-0.40049999999999997,0.2541544477028348,12.3,36,1
p40-d0-positioning,40,0,0,1400,0.4840793739986111,1426,0.0,-0.40049999999999997,0.2541544477028348,12.3,36,1
p40-d0-positioning,40,0,0,1400,0.5240807069985749,1426,0.0,-0.40499999999999997,0.2541544477028348,12.3,36,1
p40-d0-positioning,40,0,0,1400,0.5640750410002511,1426,0.0,-0.40049999999999997,0.2541544477028348,12.2,36,1
p40-d0-positioning,40,0,0,1400,0.6040905409990955,1426,0.0,-0.40499999999999997,0.2541544477028348,12.2,36,1
p40-d0-positioning,40,0,0,1400,0.6441658369985817,1426,0.0,-0.40499999999999997,0.2541544477028348,12.2,36,1
p40-d0-positioning,40,0,0,1400,0.6821074500003306,1426,0.0,-0.40049999999999997,0.2541544477028348,12.3,36,1
p40-d0-positioning,40,0,0,1400,0.7203961899995193,1426,0.0,-0.40499999999999997,0.2541544477028348,12.3,36,1
p40-d0-positioning,40,0,0,1400,0.7571074999996199,1426,0.0,-0.40499999999999997,0.2541544477028348,12.3,37,1
p40-d0-positioning,40,0,0,1400,0.7931840379987989,1426,0.0,-0.40049999999999997,0.2541544477028348,12.3,37,1
p40-d0-positioning,40,0,0,1400,0.8311730030000035,1426,0.0,-0.40049999999999997,0.2541544477028348,12.3,37,1
p40-d0-positioning,40,0,0,1400,0.8671852269999363,1426,0.0,-0.40049999999999997,0.2541544477028348,12.3,36,1
p40-d0-positioning,40,0,0,1400,0.9071888199996465,1426,0.0,-0.40499999999999997,0.2541544477028348,12.3,36,1
p40-d0-positioning,40,0,0,1400,0.9471788949995243,1426,0.0,-0.40049999999999997,0.2541544477028348,12.3,36,1
p40-d0-positioning,40,0,0,1400,0.9842298309995385,1426,0.0,-0.40499999999999997,0.2541544477028348,12.3,36,1
p40-d0-positioning,40,0,0,1400,1.0222424619987578,1426,0.0,-0.40499999999999997,0.2541544477028348,12.3,36,1
p40-d0-positioning,40,0,0,1400,1.0591964369996276,1426,0.0,-0.40049999999999997,0.2541544477028348,12.3,36,1
p40-d0-positioning,40,0,0,1400,1.0952059020000888,1426,0.0,-0.40049999999999997,0.2541544477028348,12.3,36,1
p40-d0-positioning,40,0,0,1400,1.1332877539989568,1426,0.0,-0.40049999999999997,0.2541544477028348,12.3,36,1
p40-d0-positioning,40,0,0,1400,1.1691917199987074,1426,0.0,-0.40499999999999997,0.2541544477028348,12.3,36,1
p40-d0-positioning,40,0,0,1400,1.2061968609996256,1426,0.0,-0.40049999999999997,0.2541544477028348,12.3,36,1
p40-d0-positioning,40,0,0,1400,1.2421997519995784,1426,0.0,-0.40499999999999997,0.2541544477028348,12.3,36,1
p40-d0-positioning,40,0,0,1400,1.278198957999848,1426,0.0,-0.40499999999999997,0.2541544477028348,12.3,36,1
p40-d0-positioning,40,0,0,1400,1.3151978949990735,1426,0.0,-0.40499999999999997,0.2541544477028348,12.3,36,1
p40-d0-positioning,40,0,0,1400,1.35121511899888,1426,0.0,-0.40049999999999997,0.2541544477028348,12.3,36,1
p40-d0-positioning,40,0,0,1400,1.3882604999998875,1426,0.0,-0.40049999999999997,0.2541544477028348,12.3,36,1
p40-d0-positioning,40,0,0,1400,1.42623524299961,1426,0.0,-0.40499999999999997,0.2541544477028348,12.3,35,1
p40-d0-positioning,40,0,0,1400,1.4672260299994377,1426,0.0,-0.40049999999999997,0.2541544477028348,12.3,35,1
p40-d0-positioning,40,0,0,1400,1.5032282909996866,1426,0.0,-0.40499999999999997,0.2541544477028348,12.3,35,1
p40-d0-positioning,40,0,0,1400,1.5422539119990688,1426,0.0,-0.39599999999999996,0.2541544477028348,12.3,36,1
p40-d0-positioning,40,0,0,1400,1.5822459499995603,1426,0.0,-0.40499999999999997,0.2541544477028348,12.3,36,1
p40-d0-positioning,40,0,0,1400,1.619267645999571,1426,0.0,-0.40049999999999997,0.2541544477028348,12.0,36,1
p40-d0-positioning,40,0,0,1400,1.657278740000038,1426,0.0,-0.40499999999999997,0.2541544477028348,12.0,36,1
p40-d0-positioning,40,0,0,1400,1.69327838999925,1426,0.0,-0.40049999999999997,0.2541544477028348,12.0,36,1
p40-d0-positioning,40,0,0,1400,1.7302910309990693,1426,0.0,-0.40049999999999997,0.2541544477028348,12.3,36,1
p40-d0-positioning,40,0,0,1400,1.7682834579991322,1426,0.0,-0.40499999999999997,0.2541544477028348,12.3,36,1
p40-d0-positioning,40,0,0,1400,1.8042941450003127,1426,0.0,-0.40499999999999997,0.2541544477028348,12.3,36,1
p40-d0-positioning,40,0,0,1400,1.8412761199997476,1426,0.0,-0.40499999999999997,0.2541544477028348,12.3,36,1
p40-d0-positioning,40,0,0,1400,1.8792912879998767,1426,0.0,-0.40049999999999997,0.2541544477028348,12.3,36,1
p40-d0-positioning,40,0,0,1400,1.916297001998828,1426,0.0,-0.40049999999999997,0.2541544477028348,12.3,36,1
p40-d0-positioning,40,0,0,1400,1.9523087079996913,1426,0.0,-0.40049999999999997,0.2541544477028348,12.0,36,1
p40-d0-positioning,40,0,0,1400,1.990313801999946,1426,0.0,-0.40049999999999997,0.2541544477028348,12.0,36,1
p40-d0-positioning,40,0,0,1400,2.026331396999012,1426,0.0,-0.40499999999999997,0.2541544477028348,12.0,36,1
p40-d0-positioning,40,0,0,1400,2.0633364629993594,1426,0.0,-0.40049999999999997,0.2541544477028348,12.0,36,1
p40-d0-positioning,40,0,0,1400,2.1013412609991065,1426,0.0,-0.40049999999999997,0.2541544477028348,12.0,36,1
p40-d0-positioning,40,0,0,1400,2.1373410409996723,1426,0.0,-0.40049999999999997,0.2541544477028348,12.0,36,1
p40-d0-positioning,40,0,0,1400,2.175328893999904,1426,0.0,-0.40049999999999997,0.2541544477028348,12.0,36,1
p40-d0-positioning,40,0,0,1400,2.211352970000007,1426,0.0,-0.40049999999999997,0.2541544477028348,12.3,36,1
p40-d0-positioning,40,0,0,1400,2.247349323999515,1426,0.0,-0.40049999999999997,0.2541544477028348,12.3,36,1
p40-d0-positioning,40,0,0,1400,2.284404686999551,1426,0.0,-0.40049999999999997,0.2541544477028348,12.3,36,1
p40-d0-positioning,40,0,0,1400,2.321374975999788,1426,0.0,-0.40049999999999997,0.2541544477028348,12.2,36,1
p40-d0-positioning,40,0,0,1400,2.3583785430000717,1426,0.0,-0.40049999999999997,0.2541544477028348,12.2,36,1
p40-d0-positioning,40,0,0,1400,2.394387229998756,1426,0.0,-0.40049999999999997,0.2541544477028348,12.2,36,1
p40-d0-positioning,40,0,0,1400,2.4303907880002953,1426,0.0,-0.40049999999999997,0.2541544477028348,12.3,36,1
p40-d0-positioning,40,0,0,1400,2.46838280799966,1426,0.0,-0.40049999999999997,0.2541544477028348,12.3,36,1
p40-d0-positioning,40,0,0,1400,2.504383327999676,1426,0.0,-0.40049999999999997,0.2541544477028348,12.3,37,1
p40-d0-positioning,40,0,0,1400,2.541394264999326,1426,0.0,-0.40499999999999997,0.2541544477028348,12.3,37,1
p40-d0-positioning,40,0,0,1400,2.577398118999554,1426,0.0,-0.40049999999999997,0.2541544477028348,12.3,37,1
p40-d0-positioning,40,0,0,1400,2.6134108440001,1426,0.0,-0.40049999999999997,0.2541544477028348,12.3,36,1
p40-d0-positioning,40,0,0,1400,2.6514013449996128,1426,0.0,-0.40049999999999997,0.2541544477028348,12.3,36,1
p40-d0-positioning,40,0,0,1400,2.6884350780001114,1425,0.0,-0.40049999999999997,0.24437927663734116,12.3,36,1
p40-d0-positioning,40,0,0,1400,2.726457060998655,1426,0.0,-0.40049999999999997,0.2541544477028348,12.3,36,1
p40-d0-positioning,40,0,0,1400,2.7644380439996894,1426,0.0,-0.40049999999999997,0.2541544477028348,12.3,36,1
p40-d0-positioning,40,0,0,1400,2.8004411199999595,1426,0.0,-0.40049999999999997,0.2541544477028348,12.3,36,1
p40-d0-positioning,40,0,0,1400,2.8374404089991003,1426,0.0,-0.40049999999999997,0.2541544477028348,12.3,36,1
p40-d0-positioning,40,0,0,1400,2.873433651999221,1426,0.0,-0.40049999999999997,0.2541544477028348,12.3,36,1
p40-d0-positioning,40,0,0,1400,2.909470042999601,1426,0.0,-0.40499999999999997,0.2541544477028348,12.3,36,1
p40-d0-positioning,40,0,0,1400,2.947447654998541,1426,0.0,-0.40049999999999997,0.2541544477028348,12.3,36,1
p40-d0-positioning,40,0,0,1400,2.983481749999555,1426,0.0,-0.40049999999999997,0.2541544477028348,12.3,36,1
p40-d0-positioning,40,0,0,1400,3.0204584279999835,1426,0.0,-0.40049999999999997,0.2541544477028348,12.3,36,1
p40-d0-positioning,40,0,0,1400,3.0574810870002693,1425,0.0,-0.40049999999999997,0.24437927663734116,12.3,36,1
p40-d0-positioning,40,0,0,1400,3.0944843019988184,1426,0.0,-0.40049999999999997,0.2541544477028348,12.3,36,1
p40-d0-positioning,40,0,0,1400,3.1314904789996945,1426,0.0,-0.40049999999999997,0.2541544477028348,12.3,36,1
p40-d0-positioning,40,0,0,1400,3.169496425000034,1426,0.0,-0.40499999999999997,0.2541544477028348,12.3,36,1
p40-d0-positioning,40,0,0,1400,3.205494779000219,1426,0.0,-0.40049999999999997,0.2541544477028348,12.3,35,1
p40-d0-positioning,40,0,0,1400,3.242500067999572,1426,0.0,-0.40049999999999997,0.2541544477028348,12.3,35,1
p40-d0-positioning,40,0,0,1400,3.278513421999378,1426,0.0,-0.40049999999999997,0.2541544477028348,12.3,35,1
p40-d0-positioning,40,0,0,1400,3.3145101649988646,1426,0.0,-0.40049999999999997,0.2541544477028348,12.3,36,1
p40-d0-positioning,40,0,0,1400,3.352499758999329,1426,0.0,-0.40049999999999997,0.2541544477028348,12.0,36,1
p40-d0-positioning,40,0,0,1400,3.388545019999583,1426,0.0,-0.40049999999999997,0.2541544477028348,12.0,36,1
p40-d0-positioning,40,0,0,1400,3.4245155600001453,1426,0.0,-0.40049999999999997,0.2541544477028348,12.0,36,1
p40-d0-positioning,40,0,0,1400,3.4631938509992324,1426,0.0,-0.40049999999999997,0.2541544477028348,12.0,36,1
p40-d0-positioning,40,0,0,1400,3.4995608489989536,1426,0.0,-0.40049999999999997,0.2541544477028348,12.3,36,1
p40-d0-positioning,40,0,0,1400,3.5365511379986856,1426,0.0,-0.40499999999999997,0.2541544477028348,12.3,36,1
p40-d0-positioning,40,0,0,1400,3.574564990998624,1426,0.0,-0.40049999999999997,0.2541544477028348,12.3,36,1
p40-d0-positioning,40,0,0,1400,3.6105758269986836,1426,0.0,-0.40049999999999997,0.2541544477028348,12.3,36,1
p40-d0-positioning,40,0,0,1400,3.647578448999411,1426,0.0,-0.40049999999999997,0.2541544477028348,12.3,36,1
p40-d0-positioning,40,0,0,1400,3.68685553099931,1426,0.0,-0.40049999999999997,0.2541544477028348,12.3,36,1
p40-d0-positioning,40,0,0,1400,3.7225978869992105,1426,0.0,-0.40049999999999997,0.2541544477028348,12.0,36,1
p40-d0-positioning,40,0,0,1400,3.75858351900024,1426,0.0,-0.40049999999999997,0.2541544477028348,12.0,36,1
p40-d0-positioning,40,0,0,1400,3.7945757990000857,1426,0.0,-0.40049999999999997,0.2541544477028348,12.0,36,1
p40-d0-positioning,40,0,0,1400,3.830583282999214,1426,0.0,-0.40499999999999997,0.2541544477028348,12.0,36,1
p40-d0-positioning,40,0,0,1400,3.867591682999773,1426,0.0,-0.40049999999999997,0.2541544477028348,12.0,36,1
p40-d0-positioning,40,0,0,1400,3.904597285998534,1426,0.0,-0.40049999999999997,0.2541544477028348,12.0,36,1
p40-d0-positioning,40,0,0,1400,3.940602085000137,1426,0.0,-0.40049999999999997,0.2541544477028348,12.3,36,1
p40-d0-positioning,40,0,0,1400,3.9786059010002646,1426,0.0,-0.40049999999999997,0.2541544477028348,12.3,36,1
p40-d0-positioning,40,0,0,1400,4.014622458998929,1426,0.0,-0.40049999999999997,0.2541544477028348,12.3,36,1
p40-d0-positioning,40,0,0,1400,4.051633802999277,1426,0.0,-0.40049999999999997,0.2541544477028348,12.2,36,1
p40-d0,40,0,0,1628,0.004006312999990769,1426,0.0,-0.40049999999999997,0.2541544477028348,12.2,36,1
p40-d0,40,0,0,1628,0.041987925998910214,1426,0.0,-0.3735,0.24437927663734116,12.2,36,1
p40-d0,40,0,0,1628,0.07800964999842108,1426,0.0,-0.2835,0.21505376344086022,12.0,36,1
p40-d0,40,0,0,1628,0.11500754999906349,1426,0.0,-0.1845,0.17595307917888564,12.0,36,1
p40-d0,40,0,0,1628,0.15200852399902942,1426,0.0,-0.0765,0.11730205278592376,12.0,36,1
p40-d0,40,0,0,1628,0.18900453499918513,1426,0.0,-0.0045,0.039100684261974585,12.3,36,1
p40-d0,40,0,0,1628,0.2250133889992867,1426,0.0,0.013499999999999998,0.039100684261974585,12.3,36,1
p40-d0,40,0,0,1628,0.2610157799990702,1426,0.0,0.18,0.1466275659824047,12.3,36,1
p40-d0,40,0,0,1628,0.29702670799997577,1426,0.0,0.486,0.26392961876832843,12.3,36,1
p40-d0,40,0,0,1628,0.3330218959999911,1426,0.0,0.954,0.39100684261974583,12.3,36,1
p40-d0,40,0,0,1628,0.3696468179987278,1426,0.0,1.0574999999999999,0.5376344086021505,12.3,36,1
p40-d0,40,0,0,1628,0.40703630699863425,1445,46.512,0.9179999999999999,0.42130987292277616,12.3,36,1
p40-d0,40,0,0,1628,0.44405252099932113,1467,46.512,0.8099999999999999,0.3919843597262952,12.1,36,1
p40-d0,40,0,0,1628,0.4800465609987441,1494,62.928000000000004,0.49049999999999994,0.260019550342131,12.1,36,1
p40-d0,40,0,0,1628,0.5160654519986565,1527,71.13600000000001,0.288,0.0772238514173998,12.1,36,1
p40-d0,40,0,0,1628,0.5520836759988015,1540,21.888,0.2835,0.19941348973607037,12.5,36,1
p40-d0,40,0,0,1628,0.590087548000156,1553,27.360000000000003,0.43199999999999994,0.19745845552297164,12.5,36,1
p40-d0,40,0,0,1628,0.628107992999503,1559,16.416,0.5489999999999999,0.2785923753665689,12.5,36,1
p40-d0,40,0,0,1628,0.6641188289995625,1564,8.208,0.8324999999999999,0.33528836754643204,12.3,36,1
p40-d0,40,0,0,1628,0.7021095899999636,1566,5.472,1.017,0.4095796676441838,12.3,36,1
p40-d0,40,0,0,1628,0.7391187489993172,1571,10.944,0.6659999999999999,0.4173998044965787,12.3,36,1
p40-d0,40,0,0,1628,0.7761198889984371,1586,35.568000000000005,0.5535,0.26881720430107525,11.9,36,1
p40-d0,40,0,0,1628,0.8121077069990861,1597,21.888,0.3555,0.21896383186705767,11.9,36,1
p40-d0,40,0,0,1628,0.8481040049991861,1610,27.360000000000003,0.1845,0.09970674486803519,11.9,36,1
p40-d0,40,0,0,1628,0.8851234419998946,1609,0.0,0.207,0.17595307917888564,12.3,36,1
p40-d0,40,0,0,1628,0.9501247919997695,1605,-8.208,0.32399999999999995,0.2316715542521994,12.3,36,1
p40-d0,40,0,0,1628,0.9881354600001941,1602,0.0,0.37799999999999995,0.24437927663734116,12.3,36,1
p40-d0,40,0,0,1628,1.0241378139999142,1602,0.0,0.351,0.24437927663734116,12.3,36,1
p40-d0,40,0,0,1628,1.061225953999383,1603,0.0,0.32849999999999996,0.23460410557184752,12.3,36,1
p40-d0,40,0,0,1628,1.09816887299894,1606,5.472,0.27449999999999997,0.19452590420332355,12.3,36,1
p40-d0,40,0,0,1628,1.135142643999643,1607,0.0,0.252,0.19550342130987292,12.3,36,1
p40-d0,40,0,0,1628,1.1721462469995458,1607,0.0,0.252,0.19550342130987292,12.3,36,1
p40-d0,40,0,0,1628,1.2081510459993297,1606,0.0,0.3015,0.20527859237536658,12.3,36,1
p40-d0,40,0,0,1628,1.2441611399990506,1604,0.0,0.31949999999999995,0.22482893450635386,12.3,36,1
p40-d0,40,0,0,1628,1.2801552349992562,1604,0.0,0.32399999999999995,0.22482893450635386,12.3,36,1
p40-d0,40,0,0,1628,1.316157163999378,1605,0.0,0.3015,0.21505376344086022,12.3,36,1
p40-d0,40,0,0,1628,1.3531916559986712,1605,0.0,0.3015,0.21505376344086022,12.1,36,1
p40-d0,40,0,0,1628,1.3901815190001798,1605,0.0,0.3015,0.21505376344086022,12.1,36,1
p40-d0,40,0,0,1628,1.4281800759999896,1605,0.0,0.3015,0.21505376344086022,12.1,36,1
p40-d0,40,0,0,1628,1.464211169999544,1605,0.0,0.32849999999999996,0.21505376344086022,12.1,36,1
p40-d0,40,0,0,1628,1.5062339659998543,1605,0.0,0.3015,0.21505376344086022,12.1,36,1
p40-d0,40,0,0,1628,1.542231430999891,1605,0.0,0.3015,0.21505376344086022,12.1,36,1
p40-d0,40,0,0,1628,1.5812287749995448,1605,0.0,0.3015,0.21505376344086022,12.3,36,1
p40-d0,40,0,0,1628,1.6182489709990477,1605,0.0,0.3015,0.21505376344086022,12.3,36,1
p40-d0,40,0,0,1628,1.6553827579991776,1605,0.0,0.3015,0.21505376344086022,12.3,36,1
p40-d0,40,0,0,1628,1.6952234639993549,1605,0.0,0.3015,0.21505376344086022,12.3,36,1
p40-d0,40,0,0,1628,1.7322376599986455,1605,0.0,0.3015,0.21505376344086022,12.0,36,1
p40-d0,40,0,0,1628,1.7692254679986945,1605,0.0,0.3015,0.21505376344086022,12.0,36,1
p40-d0,40,0,0,1628,1.8052274509991548,1605,0.0,0.3015,0.21505376344086022,12.0,36,1
p40-d0,40,0,0,1628,1.8412445089998073,1605,0.0,0.3015,0.21505376344086022,12.1,36,1
p40-d0,40,0,0,1628,1.8772370480000973,1605,0.0,0.3015,0.21505376344086022,12.1,36,1
p40-d0,40,0,0,1628,1.9132437169992045,1605,0.0,0.3015,0.21505376344086022,12.1,36,1
p40-d0,40,0,0,1628,1.9502745979989413,1605,0.0,0.3015,0.21505376344086022,12.3,36,1
p40-d0,40,0,0,1628,1.9882820439997886,1605,0.0,0.3015,0.21505376344086022,12.3,36,1
p40-d0,40,0,0,1628,2.0252607029997307,1605,0.0,0.3015,0.21505376344086022,12.3,36,1
p40-d0,40,0,0,1628,2.061289149998629,1605,0.0,0.3015,0.21505376344086022,12.3,36,1
p40-d0,40,0,0,1628,2.097284966999723,1605,0.0,0.3015,0.21505376344086022,12.3,36,1
p40-d0,40,0,0,1628,2.1332799140000134,1605,0.0,0.3015,0.21505376344086022,12.3,36,1
p40-d0,40,0,0,1628,2.1692853969998396,1605,0.0,0.3015,0.21505376344086022,12.3,36,1
p40-d0,40,0,0,1628,2.2062870749996364,1605,0.0,0.3015,0.21505376344086022,12.3,36,1
p40-d0,40,0,0,1628,2.2443203539987735,1605,0.0,0.3015,0.21505376344086022,12.3,36,1
p40-d0,40,0,0,1628,2.281305271999372,1605,0.0,0.3015,0.21505376344086022,12.3,36,1
p40-d0,40,0,0,1628,2.3173051079993456,1605,0.0,0.3015,0.21505376344086022,12.3,36,1
p40-d0,40,0,0,1628,2.35331073999987,1605,0.0,0.3015,0.21505376344086022,12.3,36,1
p40-d0,40,0,0,1628,2.389312074999907,1605,0.0,0.3015,0.21505376344086022,12.3,36,1
p40-d0,40,0,0,1628,2.425321762999374,1605,0.0,0.3015,0.21505376344086022,12.3,36,1
p40-d0,40,0,0,1628,2.4623204589988745,1605,0.0,0.3015,0.21505376344086022,12.3,36,1
p40-d0,40,0,0,1628,2.500333664000209,1605,0.0,0.3015,0.21505376344086022,12.3,36,1
p40-d0,40,0,0,1628,2.5373396939994564,1605,0.0,0.3015,0.21505376344086022,12.3,36,1
p40-d0,40,0,0,1628,2.5733495659987966,1605,0.0,0.3015,0.21505376344086022,12.3,36,1
p40-d0,40,0,0,1628,2.6093426419993193,1605,0.0,0.3015,0.21505376344086022,12.3,36,1
p40-d0,40,0,0,1628,2.6453530889994,1605,0.0,0.3015,0.21505376344086022,12.3,36,1
p40-d0,40,0,0,1628,2.681349368998781,1605,0.0,0.3015,0.21505376344086022,12.3,36,1
p40-d0,40,0,0,1628,2.717348074998881,1605,0.0,0.3015,0.21505376344086022,12.3,36,1
p40-d0,40,0,0,1628,2.7543643270000757,1605,0.0,0.3015,0.21505376344086022,12.3,36,1
p40-d0,40,0,0,1628,2.791372929999852,1605,0.0,0.3015,0.21505376344086022,12.3,36,1
p40-d0,40,0,0,1628,2.82736552499955,1605,0.0,0.3015,0.21505376344086022,12.3,36,1
p40-d0,40,0,0,1628,2.8633788979987003,1605,0.0,0.3015,0.21505376344086022,12.3,36,1
p40-d0,40,0,0,1628,2.8993773439997312,1605,0.0,0.3015,0.21505376344086022,12.3,36,1
p40-d0,40,0,0,1628,2.935378475998732,1605,0.0,0.3015,0.21505376344086022,12.3,36,1
p40-d0,40,0,0,1628,2.9713994409994484,1605,0.0,0.3015,0.21505376344086022,12.3,36,1
p40-d0,40,0,0,1628,3.008393285999773,1605,0.0,0.3015,0.21505376344086022,12.3,36,1
p40-d0,40,0,0,1628,3.0444092319994525,1605,0.0,0.3015,0.21505376344086022,12.3,36,1
p40-d0,40,0,0,1628,3.081409854999947,1605,0.0,0.3015,0.21505376344086022,12.3,36,1
p40-d0,40,0,0,1628,3.117422153000007,1605,0.0,0.3015,0.21505376344086022,12.1,36,1
p40-d0,40,0,0,1628,3.1544171829991683,1605,0.0,0.3015,0.21505376344086022,12.1,36,1
p40-d0,40,0,0,1628,3.1914217119992827,1605,0.0,0.3015,0.21505376344086022,12.1,36,1
p40-d0,40,0,0,1628,3.228416556999946,1605,0.0,0.3015,0.21505376344086022,12.3,36,1
p40-d0,40,0,0,1628,3.26443894699878,1605,0.0,0.3015,0.21505376344086022,12.3,36,1
p40-d0,40,0,0,1628,3.30044018999979,1605,0.0,0.3015,0.21505376344086022,12.3,36,1
p40-d0,40,0,0,1628,3.336471877999429,1605,0.0,0.3015,0.21505376344086022,12.3,36,1
p40-d0,40,0,0,1628,3.3724712319999526,1605,0.0,0.3015,0.21505376344086022,12.3,36,1
p40-d0,40,0,0,1628,3.4084685669986357,1605,0.0,0.3015,0.21505376344086022,12.3,36,1
p40-d0,40,0,0,1628,3.445484244999534,1605,0.0,0.3015,0.21505376344086022,12.1,36,1
p40-d0,40,0,0,1628,3.4824652379993495,1605,0.0,0.3015,0.21505376344086022,12.1,36,1
p40-d0,40,0,0,1400,0.004005646000223351,1605,0.0,0.3015,0.21505376344086022,12.1,36,1
p40-d0,40,0,0,1400,0.04204222100088373,1605,0.0,0.252,0.20527859237536658,12.2,36,1
p40-d0,40,0,0,1400,0.07803644600062398,1605,0.0,0.1845,0.17595307917888564,12.2,36,1
p40-d0,40,0,0,1400,0.11503284600075858,1605,0.0,0.09,0.1270772238514174,12.2,36,1
p40-d0,40,0,0,1400,0.15102597800068907,1605,0.0,0.0045,0.06842619745845552,12.3,36,1
p40-d0,40,0,0,1400,0.1890289050006686,1605,0.0,-0.0045,0.009775171065493646,12.3,36,1
p40-d0,40,0,0,1400,0.22702757300066878,1605,0.0,-0.09,0.09775171065493646,12.3,36,1
p40-d0,40,0,0,1400,0.2650475370010099,1605,0.0,-0.3465,0.21505376344086022,12.3,36,1
p40-d0,40,0,0,1400,0.3020398259996,1605,0.0,-0.7334999999999999,0.33235581622678395,12.3,36,1
p40-d0,40,0,0,1400,0.33806284599995706,1605,0.0,-0.8729999999999999,0.46920821114369504,12.3,36,1
p40-d0,40,0,0,1400,0.3760572000010143,1590,-38.304,-0.954,0.4095796676441838,12.3,36,1
p40-d0,40,0,0,1400,0.4120658310002909,1568,-49.248000000000005,-0.7605,0.34701857282502446,11.9,36,1
p40-d0,40,0,0,1400,0.4500676850002492,1543,-60.19200000000001,-0.49949999999999994,0.24633431085043989,11.9,36,1
p40-d0,40,0,0,1400,0.4880939640006545,1514,-57.456,-0.23399999999999999,0.16422287390029325,11.9,36,1
p40-d0,40,0,0,1400,0.5251085670006432,1496,-30.096000000000004,-0.369,0.2013685239491691,12.3,36,1
p40-d0,40,0,0,1400,0.5621031339996989,1485,-27.360000000000003,-0.4725,0.23069403714565004,12.3,36,1
p40-d0,40,0,0,1400,0.6001027649999742,1475,-16.416,-0.5579999999999999,0.2883675464320626,12.3,36,1
p40-d0,40,0,0,1400,0.6371229609994771,1466,-19.152,-0.6389999999999999,0.30303030303030304,12.3,36,1
p40-d0,40,0,0,1400,0.674105915999462,1457,-21.888,-0.5355,0.29716520039100686,12.3,36,1
p40-d0,40,0,0,1400,0.7101161410009809,1443,-30.096000000000004,-0.477,0.2209188660801564,12.3,36,1
p40-d0,40,0,0,1400,0.7481171050003468,1440,0.0,-0.6255,0.3225806451612903,12.3,36,1
p40-d0,40,0,0,1400,0.7881322720004391,1440,0.0,-0.7875,0.37145650048875856,12.3,36,1
p40-d0,40,0,0,1400,0.8281310870006564,1443,5.472,-0.9989999999999999,0.4310850439882698,12.3,36,1
p40-d0,40,0,0,1400,0.866133126000932,1447,5.472,-1.0799999999999998,0.4701857282502444,12.3,36,1
p40-d0,40,0,0,1400,0.904139756999939,1447,0.0,-1.071,0.45943304007820135,12.3,36,1
p40-d0,40,0,0,1400,0.9411487119996309,1445,-5.472,-0.9359999999999999,0.4291300097751711,12.3,36,1
p40-d0,40,0,0,1400,0.9771499550006411,1442,0.0,-0.8955,0.41055718475073316,12.0,36,1
p40-d0,40,0,0,1400,1.0151485860005778,1442,0.0,-0.8955,0.41055718475073316,12.0,36,1
p40-d0,40,0,0,1400,1.0511801249995187,1443,0.0,-0.9359999999999999,0.4203323558162268,12.0,36,1
p40-d0,40,0,0,1400,1.0911847740007943,1445,5.472,-1.0439999999999998,0.4506353861192571,12.3,36,1
p40-d0,40,0,0,1400,1.1312081810010568,1446,0.0,-1.0394999999999999,0.4496578690127077,12.3,36,1
p40-d0,40,0,0,1400,1.1711887740002567,1446,0.0,-1.0394999999999999,0.4496578690127077,12.3,36,1
p40-d0,40,0,0,1400,1.2091945539996232,1445,0.0,-1.0034999999999998,0.4398826979472141,12.3,36,1
p40-d0,40,0,0,1400,1.2451914819994272,1445,0.0,-1.035,0.4398826979472141,12.3,36,1
p40-d0,40,0,0,1400,1.2811930580010085,1445,0.0,-1.008,0.4398826979472141,12.3,36,1
p40-d0,40,0,0,1400,1.319211133000863,1446,0.0,-1.0394999999999999,0.4496578690127077,12.0,36,1
p40-d0,40,0,0,1400,1.3552194130006683,1446,0.0,-1.035,0.4496578690127077,12.0,36,1
p40-d0,40,0,0,1400,1.3922191840010782,1445,0.0,-1.0034999999999998,0.4398826979472141,12.0,36,1
p40-d0,40,0,0,1400,1.4302205740004865,1445,0.0,-0.9989999999999999,0.4398826979472141,12.0,36,1
p40-d0,40,0,0,1400,1.4672255290006433,1445,0.0,-0.9989999999999999,0.4398826979472141,11.9,36,1
p40-d0,40,0,0,1400,1.503232883000237,1445,0.0,-1.035,0.4398826979472141,11.9,36,1
p40-d0,40,0,0,1400,1.540224042999398,1446,0.0,-1.035,0.4496578690127077,11.9,36,1
p40-d0,40,0,0,1400,1.5762242670007254,1446,0.0,-1.0394999999999999,0.4496578690127077,12.3,36,1
p40-d0,40,0,0,1400,1.6132441110003128,1446,0.0,-1.035,0.4496578690127077,12.3,36,1
p40-d0,40,0,0,1400,1.6492469280001387,1445,0.0,-0.9989999999999999,0.4398826979472141,12.3,36,1
p40-d0,40,0,0,1400,1.6882664750010008,1445,0.0,-0.9989999999999999,0.4398826979472141,12.1,36,1
p40-d0,40,0,0,1400,1.7282605310010695,1446,0.0,-0.9989999999999999,0.4496578690127077,12.1,36,1
p40-d0,40,0,0,1400,1.7682610869997006,1446,0.0,-1.035,0.4496578690127077,12.1,36,1
p40-d0,40,0,0,1400,1.8052711540003656,1446,0.0,-1.035,0.4496578690127077,12.3,36,1
p40-d0,40,0,0,1400,1.843274229000599,1446,0.0,-0.9989999999999999,0.4496578690127077,12.3,36,1
p40-d0,40,0,0,1400,1.880279111001073,1445,0.0,-0.9944999999999999,0.4398826979472141,12.3,36,1
p40-d0,40,0,0,1400,1.9162880389994825,1446,0.0,-1.0034999999999998,0.4496578690127077,12.6,36,1
p40-d0,40,0,0,1400,1.954275891999714,1445,0.0,-1.008,0.4398826979472141,12.6,36,1
p40-d0,40,0,0,1400,1.9902911909994145,1446,0.0,-1.0305,0.4496578690127077,12.6,36,1
p40-d0,40,0,0,1400,2.0303016170000774,1446,0.0,-1.035,0.4496578690127077,11.9,36,1
p40-d0,40,0,0,1400,2.070303414000591,1445,0.0,-1.035,0.4398826979472141,11.9,36,1
p40-d0,40,0,0,1400,2.110336247000305,1445,0.0,-1.035,0.4398826979472141,11.9,36,1
p40-d0,40,0,0,1400,2.1503321359996335,1446,0.0,-1.026,0.4496578690127077,12.3,36,1
p40-d0,40,0,0,1400,2.187328055000762,1445,0.0,-0.9944999999999999,0.4398826979472141,12.3,36,1
p40-d0,40,0,0,1400,2.2253312230004667,1446,0.0,-0.9944999999999999,0.4496578690127077,12.3,36,1
p40-d0,40,0,0,1400,2.2623485490003077,1446,0.0,-0.9944999999999999,0.4496578690127077,11.9,36,1
p40-d0,40,0,0,1400,2.298355143000663,1446,0.0,-1.0214999999999999,0.4496578690127077,11.9,36,1
p40-d0,40,0,0,1400,2.3363711630008765,1445,0.0,-1.0305,0.4398826979472141,11.9,36,1
p40-d0,40,0,0,1400,2.372367332000067,1446,0.0,-1.026,0.4496578690127077,11.9,36,1
p40-d0,40,0,0,1400,2.4123754989996087,1446,0.0,-1.0305,0.4496578690127077,11.9,36,1
p40-d0,40,0,0,1400,2.4493764729995746,1446,0.0,-1.026,0.4496578690127077,11.9,36,1
p40-d0,40,0,0,1400,2.4873848629995337,1446,0.0,-0.9899999999999999,0.4496578690127077,12.3,36,1
p40-d0,40,0,0,1400,2.5243954670004314,1446,0.0,-0.9899999999999999,0.4496578690127077,12.3,36,1
p40-d0,40,0,0,1400,2.5613979959998687,1445,0.0,-1.0034999999999998,0.4398826979472141,12.3,36,1
p40-d0,40,0,0,1400,2.5993945720001648,1445,0.0,-1.026,0.4398826979472141,12.3,36,1
p40-d0,40,0,0,1400,2.6357010530009575,1445,0.0,-1.026,0.4398826979472141,12.3,36,1
p40-d0,40,0,0,1400,2.672426639999685,1445,0.0,-1.026,0.4398826979472141,12.3,36,1
p40-d0,40,0,0,1400,2.7104511970010208,1446,0.0,-0.9854999999999999,0.4496578690127077,12.3,36,1
p40-d0,40,0,0,1400,2.747410301000855,1446,0.0,-0.9899999999999999,0.4496578690127077,12.0,36,1
p40-d0,40,0,0,1400,2.783400766000341,1446,0.0,-0.9944999999999999,0.4496578690127077,12.0,36,1
p40-d0,40,0,0,1400,2.821412842000427,1446,0.0,-1.0214999999999999,0.4496578690127077,12.0,36,1
p40-d0,40,0,0,1400,2.8574100480000197,1446,0.0,-0.9854999999999999,0.4496578690127077,12.3,36,1
p40-d0,40,0,0,1400,2.894429059000686,1446,0.0,-0.9899999999999999,0.4496578690127077,12.3,36,1
p40-d0,40,0,0,1400,2.9324361340004543,1445,0.0,-0.9899999999999999,0.4398826979472141,12.3,36,1
p40-d0,40,0,0,1400,2.9684913020009844,1446,0.0,-0.9854999999999999,0.4496578690127077,12.3,36,1
p40-d0,40,0,0,1400,3.0084796360006294,1446,0.0,-0.9854999999999999,0.4496578690127077,12.3,36,1
p40-d0,40,0,0,1400,3.0454787769995164,1445,0.0,-1.026,0.4398826979472141,12.3,36,1
p40-d0,40,0,0,1400,3.0814610390007147,1445,0.0,-1.0214999999999999,0.4398826979472141,12.0,36,1
p40-d0,40,0,0,1400,3.117465708000964,1445,0.0,-0.9899999999999999,0.4398826979472141,12.0,36,1
p40-d0,40,0,0,1400,3.1554713010009436,1446,0.0,-0.9854999999999999,0.4496578690127077,12.0,36,1
p40-d0,40,0,0,1400,3.1924694049994287,1446,0.0,-1.026,0.4496578690127077,12.0,36,1
p40-d0,40,0,0,1400,3.229483471999629,1446,0.0,-1.0214999999999999,0.4496578690127077,12.0,36,1
p40-d0,40,0,0,1400,3.2674901579994184,1446,0.0,-1.026,0.4496578690127077,12.0,36,1
p40-d0,40,0,0,1400,3.30347477199939,1445,0.0,-0.9899999999999999,0.4398826979472141,12.3,36,1
p40-d0,40,0,0,1400,3.3404852639996534,1445,0.0,-1.0214999999999999,0.4398826979472141,12.3,36,1
p40-d0,40,0,0,1400,3.3765626730000804,1446,0.0,-1.0214999999999999,0.4496578690127077,12.3,36,1
p40-d0,40,0,0,1400,3.4124934720002784,1446,0.0,-1.017,0.4496578690127077,12.3,36,1
p40-d0,40,0,0,1400,3.449584538000636,1446,0.0,-1.0214999999999999,0.4496578690127077,12.1,36,1
p40-d0,40,0,0,1400,3.4867135290005535,1445,0.0,-1.0214999999999999,0.4398826979472141,12.1,36,1
p48-d0-positioning,48,0,0,1400,0.004977100001269719,1446,0.0,0.0,0.011730205278592375,12.3,36,1
p48-d0-positioning,48,0,0,1400,0.040983621000123094,1446,0.0,0.0,0.02346041055718475,12.3,36,1
p48-d0-positioning,48,0,0,1400,0.07797611400019377,1445,0.0,-0.0225,0.0469208211143695,12.3,36,1
p48-d0-positioning,48,0,0,1400,0.1150049019997823,1446,0.0,-0.08549999999999999,0.11730205278592376,12.3,36,1
p48-d0-positioning,48,0,0,1400,0.1519918020003388,1446,0.0,-0.27899999999999997,0.187683284457478,12.3,36,1
p48-d0-positioning,48,0,0,1400,0.19200924700089672,1446,0.0,-0.5309999999999999,0.2932551319648094,12.3,36,1
p48-d0-positioning,48,0,0,1400,0.23199139600001217,1446,0.0,-0.837,0.3870967741935484,12.3,36,1
p48-d0-positioning,48,0,0,1400,0.26900740699966263,1446,0.0,-1.089,0.44574780058651026,12.3,36,1
p48-d0-positioning,48,0,0,1400,0.3069893339998089,1445,0.0,-1.2779999999999998,0.49266862170087977,12.3,36,1
p48-d0-positioning,48,0,0,1400,0.343008040001223,1442,-10.944,-0.9674999999999999,0.4701857282502444,12.4,36,1
p48-d0-positioning,48,0,0,1400,0.37999179200051003,1424,-43.776,-0.34199999999999997,0.1906158357771261,12.4,36,1
p48-d0-positioning,48,0,0,1400,0.41702682100003585,1415,-19.152,-0.13499999999999998,0.13685239491691104,12.4,36,1
p48-d0-positioning,48,0,0,1400,0.4540167770010157,1402,-24.624000000000002,-0.0045,0.015640273704789834,12.3,36,1
p48-d0-positioning,48,0,0,1400,0.49103560200092033,1404,5.472,-0.013499999999999998,0.06940371456500488,12.3,36,1
p48-d0-positioning,48,0,0,1400,0.5270419560001756,1405,0.0,-0.036,0.07038123167155426,12.3,36,1
p48-d0-positioning,48,0,0,1400,0.5650325130009151,1412,13.680000000000001,-0.153,0.16911045943304007,12.3,36,1
p48-d0-positioning,48,0,0,1400,0.6030292180003016,1412,0.0,-0.13049999999999998,0.14076246334310852,12.3,36,1
p48-d0-positioning,48,0,0,1400,0.6390277210011845,1412,0.0,-0.11249999999999999,0.14076246334310852,12.3,36,1
p48-d0-positioning,48,0,0,1400,0.6760432130013214,1408,-8.208,-0.05399999999999999,0.0772238514173998,12.3,36,1
p48-d0-positioning,48,0,0,1400,0.7130615389996819,1405,-5.472,-0.026999999999999996,0.059628543499511244,12.3,36,1
p48-d0-positioning,48,0,0,1400,0.7500511609996465,1406,0.0,-0.040499999999999994,0.08211143695014662,12.3,36,1
p48-d0-positioning,48,0,0,1400,0.7870571350013051,1408,0.0,-0.05399999999999999,0.093841642228739,12.3,36,1
p48-d0-positioning,48,0,0,1400,0.8230761369995889,1411,8.208,-0.11249999999999999,0.14565004887585534,12.3,36,1
p48-d0-positioning,48,0,0,1400,0.8590785280011914,1411,0.0,-0.10799999999999998,0.12903225806451613,12.3,36,1
p48-d0-positioning,48,0,0,1400,0.8970601040000474,1411,0.0,-0.10799999999999998,0.12903225806451613,12.3,36,1
p48-d0-positioning,48,0,0,1400,0.9330729390003398,1410,0.0,-0.09,0.11730205278592376,12.3,36,1
p48-d0-positioning,48,0,0,1400,0.9700873390011111,1410,0.0,-0.11249999999999999,0.11730205278592376,12.3,36,1
p48-d0-positioning,48,0,0,1400,1.0060851930011268,1410,0.0,-0.10799999999999998,0.11730205278592376,12.3,36,1
p48-d0-positioning,48,0,0,1400,1.0421159360012098,1411,0.0,-0.11249999999999999,0.12903225806451613,12.3,36,1
p48-d0-positioning,48,0,0,1400,1.0801031780010817,1411,0.0,-0.11249999999999999,0.12903225806451613,12.3,36,1
p48-d0-positioning,48,0,0,1400,1.1171080969998002,1411,0.0,-0.10799999999999998,0.12903225806451613,12.3,36,1
p48-d0-positioning,48,0,0,1400,1.1531129320010223,1411,0.0,-0.11249999999999999,0.12903225806451613,12.1,36,1
p48-d0-positioning,48,0,0,1400,1.191129988999819,1410,0.0,-0.09,0.11730205278592376,12.1,36,1
p48-d0-positioning,48,0,0,1400,1.2281250190007995,1410,0.0,-0.11249999999999999,0.11730205278592376,12.1,36,1
p48-d0-positioning,48,0,0,1400,1.2651307699998142,1411,0.0,-0.11249999999999999,0.12903225806451613,12.1,36,1
p48-d0-positioning,48,0,0,1400,1.3031361980010843,1411,0.0,-0.11249999999999999,0.12903225806451613,12.1,36,1
p48-d0-positioning,48,0,0,1400,1.339143626000805,1411,0.0,-0.11249999999999999,0.12903225806451613,12.1,36,1
p48-d0-positioning,48,0,0,1400,1.3761279520003882,1410,0.0,-0.10799999999999998,0.11730205278592376,12.3,36,1
p48-d0-positioning,48,0,0,1400,1.412169305000134,1411,0.0,-0.11249999999999999,0.12903225806451613,12.3,36,1
p48-d0-positioning,48,0,0,1400,1.4482971950001229,1411,0.0,-0.11249999999999999,0.12903225806451613,12.3,36,1
p48-d0-positioning,48,0,0,1400,1.485185614999864,1411,0.0,-0.11249999999999999,0.12903225806451613,12.3,36,1
p48-d0-positioning,48,0,0,1400,1.5221773670000402,1411,0.0,-0.11249999999999999,0.12903225806451613,12.2,36,1
p48-d0-positioning,48,0,0,1400,1.5581908500007557,1411,0.0,-0.11249999999999999,0.12903225806451613,12.2,36,1
p48-d0-positioning,48,0,0,1400,1.594185075000496,1410,0.0,-0.10799999999999998,0.11730205278592376,12.2,36,1
p48-d0-positioning,48,0,0,1400,1.6301769479996437,1411,0.0,-0.11249999999999999,0.12903225806451613,12.3,36,1
p48-d0-positioning,48,0,0,1400,1.6661901530005707,1411,0.0,-0.11249999999999999,0.12903225806451613,12.3,36,1
p48-d0-positioning,48,0,0,1400,1.7021893780001847,1411,0.0,-0.13049999999999998,0.12903225806451613,12.3,36,1
p48-d0-positioning,48,0,0,1400,1.7391979439998977,1411,0.0,-0.11249999999999999,0.12903225806451613,12.3,36,1
p48-d0-positioning,48,0,0,1400,1.7761911039997358,1411,0.0,-0.11249999999999999,0.12903225806451613,12.3,36,1
p48-d0-positioning,48,0,0,1400,1.8122101059998386,1411,0.0,-0.09,0.12903225806451613,12.3,36,1
p48-d0-positioning,48,0,0,1400,1.8501999960008106,1411,0.0,-0.09,0.12903225806451613,12.3,36,1
p48-d0-positioning,48,0,0,1400,1.886221034999835,1411,0.0,-0.11249999999999999,0.12903225806451613,12.3,36,1
p48-d0-positioning,48,0,0,1400,1.9232152690001385,1411,0.0,-0.11249999999999999,0.12903225806451613,12.3,36,1
p48-d0-positioning,48,0,0,1400,1.9602219650005281,1411,0.0,-0.11249999999999999,0.12903225806451613,12.3,36,1
p48-d0-positioning,48,0,0,1400,1.9972247160003462,1411,0.0,-0.11249999999999999,0.12903225806451613,12.3,36,1
p48-d0-positioning,48,0,0,1400,2.0342254679999314,1411,0.0,-0.11249999999999999,0.12903225806451613,12.3,36,1
p48-d0-positioning,48,0,0,1400,2.0722212470009254,1411,0.0,-0.11249999999999999,0.11730205278592376,12.3,36,1
p48-d0-positioning,48,0,0,1400,2.1082526379996125,1411,0.0,-0.11249999999999999,0.12903225806451613,12.3,36,1
p48-d0-positioning,48,0,0,1400,2.1452610939995793,1411,0.0,-0.11249999999999999,0.12903225806451613,12.3,37,1
p48-d0-positioning,48,0,0,1400,2.1812593000013294,1410,0.0,-0.11249999999999999,0.11730205278592376,12.3,37,1
p48-d0-positioning,48,0,0,1400,2.2172645059999923,1411,0.0,-0.11249999999999999,0.12903225806451613,12.3,37,1
p48-d0-positioning,48,0,0,1400,2.2552726920002897,1411,0.0,-0.11249999999999999,0.12903225806451613,12.3,36,1
p48-d0-positioning,48,0,0,1400,2.2922669440013124,1411,0.0,-0.11249999999999999,0.12903225806451613,12.3,36,1
p48-d0-positioning,48,0,0,1400,2.3282681130003766,1411,0.0,-0.11249999999999999,0.12903225806451613,12.3,36,1
p48-d0-positioning,48,0,0,1400,2.3642795409996324,1411,0.0,-0.11249999999999999,0.12903225806451613,12.3,36,1
p48-d0-positioning,48,0,0,1400,2.400292950000221,1411,0.0,-0.11249999999999999,0.12903225806451613,12.3,36,1
p48-d0-positioning,48,0,0,1400,2.4363016560000688,1411,0.0,-0.09,0.12903225806451613,12.3,36,1
p48-d0-positioning,48,0,0,1400,2.472300028999598,1411,0.0,-0.11249999999999999,0.12903225806451613,12.3,36,1
p48-d0-positioning,48,0,0,1400,2.5093012990000716,1411,0.0,-0.09,0.12903225806451613,12.3,36,1
p48-d0-positioning,48,0,0,1400,2.546322643000167,1411,0.0,-0.11249999999999999,0.12903225806451613,12.3,36,1
p48-d0-positioning,48,0,0,1400,2.582352274999721,1410,0.0,-0.11249999999999999,0.11730205278592376,12.3,36,1
p48-d0-positioning,48,0,0,1400,2.6183320920008555,1411,0.0,-0.11249999999999999,0.12903225806451613,12.3,36,1
p48-d0-positioning,48,0,0,1400,2.6543401870003436,1411,0.0,-0.09,0.12903225806451613,12.3,36,1
p48-d0-positioning,48,0,0,1400,2.6923526509999647,1411,0.0,-0.11249999999999999,0.12903225806451613,12.3,36,1
p48-d0-positioning,48,0,0,1400,2.729343754999718,1411,0.0,-0.11249999999999999,0.12903225806451613,12.3,36,1
p48-d0-positioning,48,0,0,1400,2.7663434140013123,1411,0.0,-0.11249999999999999,0.12903225806451613,12.3,36,1
p48-d0-positioning,48,0,0,1400,2.803356259000793,1411,0.0,-0.11249999999999999,0.12903225806451613,12.3,36,1
p48-d0-positioning,48,0,0,1400,2.8403612330002943,1411,0.0,-0.11249999999999999,0.12903225806451613,12.3,36,1
p48-d0-positioning,48,0,0,1400,2.877347596000618,1411,0.0,-0.10799999999999998,0.12903225806451613,12.3,36,1
p48-d0-positioning,48,0,0,1400,2.9133431900008873,1411,0.0,-0.11249999999999999,0.12903225806451613,12.1,36,1
p48-d0-positioning,48,0,0,1400,2.949414525000975,1411,0.0,-0.11249999999999999,0.12903225806451613,12.1,36,1
p48-d0-positioning,48,0,0,1400,2.986410555000475,1411,0.0,-0.11249999999999999,0.12903225806451613,12.1,36,1
p48-d0-positioning,48,0,0,1400,3.023399177000101,1410,0.0,-0.11249999999999999,0.11730205278592376,12.1,36,1
p48-d0-positioning,48,0,0,1400,3.059427901000163,1411,0.0,-0.11249999999999999,0.12903225806451613,12.1,36,1
p48-d0-positioning,48,0,0,1400,3.0953998479999427,1411,0.0,-0.11249999999999999,0.12903225806451613,12.1,36,1
p48-d0-positioning,48,0,0,1400,3.1313836660010566,1411,0.0,-0.11249999999999999,0.12903225806451613,12.3,36,1
p48-d0-positioning,48,0,0,1400,3.167405686001075,1411,0.0,-0.11249999999999999,0.12903225806451613,12.3,36,1
p48-d0-positioning,48,0,0,1400,3.2034078920005413,1411,0.0,-0.11249999999999999,0.12903225806451613,12.3,36,1
p48-d0-positioning,48,0,0,1400,3.24041849599962,1411,0.0,-0.11249999999999999,0.12903225806451613,12.2,36,1
p48-d0-positioning,48,0,0,1400,3.2774309329997777,1411,0.0,-0.11249999999999999,0.12903225806451613,12.2,36,1
p48-d0-positioning,48,0,0,1400,3.3134418050012755,1411,0.0,-0.11249999999999999,0.12903225806451613,12.2,36,1
p48-d0-positioning,48,0,0,1400,3.349429178000719,1410,0.0,-0.10799999999999998,0.11730205278592376,12.2,36,1
p48-d0-positioning,48,0,0,1400,3.385446698001033,1411,0.0,-0.11249999999999999,0.12903225806451613,12.3,36,1
p48-d0-positioning,48,0,0,1400,3.4214445340003294,1411,0.0,-0.11249999999999999,0.12903225806451613,12.3,36,1
p48-d0-positioning,48,0,0,1400,3.457452018001277,1411,0.0,-0.11249999999999999,0.12903225806451613,12.3,36,1
p48-d0-positioning,48,0,0,1400,3.4954424269999436,1411,0.0,-0.11249999999999999,0.12903225806451613,12.3,36,1
p48-d0-positioning,48,0,0,1400,3.532439123000586,1411,0.0,-0.11249999999999999,0.12903225806451613,12.3,36,1
p48-d0-positioning,48,0,0,1400,3.5684556619999057,1411,0.0,-0.11249999999999999,0.12903225806451613,12.3,36,1
p48-d0-positioning,48,0,0,1400,3.6044674229997327,1411,0.0,-0.11249999999999999,0.12903225806451613,12.3,36,1
p48-d0-positioning,48,0,0,1400,3.6404643330006365,1411,0.0,-0.11249999999999999,0.12903225806451613,12.3,36,1
p48-d0-positioning,48,0,0,1400,3.676466058001097,1411,0.0,-0.09,0.12903225806451613,12.3,36,1
p48-d0-positioning,48,0,0,1400,3.7124660040008166,1411,0.0,-0.11249999999999999,0.12903225806451613,12.3,36,1
p48-d0-positioning,48,0,0,1400,3.749484310999833,1411,0.0,-0.11249999999999999,0.12903225806451613,12.3,36,1
p48-d0-positioning,48,0,0,1400,3.7864868409997143,1410,0.0,-0.11249999999999999,0.11730205278592376,12.3,36,1
p48-d0-positioning,48,0,0,1400,3.822501065000324,1411,0.0,-0.11249999999999999,0.12903225806451613,12.3,36,1
p48-d0-positioning,48,0,0,1400,3.858498679001059,1411,0.0,-0.11249999999999999,0.12903225806451613,12.3,36,1
p48-d0-positioning,48,0,0,1400,3.896500384000319,1411,0.0,-0.11249999999999999,0.12903225806451613,12.3,37,1
p48-d0-positioning,48,0,0,1400,3.9345292369998788,1411,0.0,-0.09,0.12903225806451613,12.3,37,1
p48-d0-positioning,48,0,0,1400,3.9725358310006413,1411,0.0,-0.11249999999999999,0.12903225806451613,12.3,37,1
p48-d0-positioning,48,0,0,1400,4.009531064000839,1411,0.0,-0.11249999999999999,0.12903225806451613,12.3,36,1
p48-d0-positioning,48,0,0,1400,4.045537048001279,1411,0.0,-0.11249999999999999,0.12903225806451613,12.3,36,1
p48-d0-positioning,48,0,0,1400,4.08353584500037,1411,0.0,-0.11249999999999999,0.12903225806451613,12.3,36,1
p48-d0,48,0,0,1628,0.003990183999121655,1411,0.0,-0.11249999999999999,0.12903225806451613,12.3,36,1
p48-d0,48,0,0,1628,0.04099532399959571,1410,0.0,-0.09449999999999999,0.11730205278592376,12.3,36,1
p48-d0,48,0,0,1628,0.0769945119991462,1411,0.0,-0.036,0.07038123167155426,12.3,36,1
p48-d0,48,0,0,1628,0.11300597699846548,1411,0.0,0.0,0.03519061583577713,12.3,36,1
p48-d0,48,0,0,1628,0.15098807100002887,1411,0.0,0.013499999999999998,0.03519061583577713,12.3,36,1
p48-d0,48,0,0,1628,0.1889893129991833,1411,0.0,0.13049999999999998,0.11730205278592376,12.3,36,1
p48-d0,48,0,0,1628,0.2270317949987657,1411,0.0,0.414,0.23460410557184752,12.3,36,1
p48-d0,48,0,0,1628,0.2640159359998506,1415,10.944,0.6255,0.29423264907135877,12.3,36,1
p48-d0,48,0,0,1628,0.30002293799952895,1420,10.944,0.8639999999999999,0.34701857282502446,12.3,36,1
p48-d0,48,0,0,1628,0.33802616199864133,1425,8.208,0.8414999999999999,0.48778103616813295,12.3,36,1
p48-d0,48,0,0,1628,0.37403642299977946,1449,51.984,0.594,0.30303030303030304,12.3,36,1
p48-d0,48,0,0,1628,0.4122176449982362,1466,35.568000000000005,0.5579999999999999,0.33724340175953077,12.3,36,1
p48-d0,48,0,0,1628,0.4480366119987593,1490,54.720000000000006,0.38249999999999995,0.21505376344086022,12.3,36,1
p48-d0,48,0,0,1628,0.48404505899998185,1513,49.248000000000005,0.3105,0.16715542521994134,12.3,36,1
p48-d0,48,0,0,1628,0.5223556499986444,1531,38.304,0.3465,0.16715542521994134,12.1,36,1
p48-d0,48,0,0,1628,0.5580962839994754,1542,21.888,0.5579999999999999,0.260019550342131,12.1,36,1
p48-d0,48,0,0,1628,0.5940648789983243,1553,24.624000000000002,0.4095,0.26588465298142716,12.1,36,1
p48-d0,48,0,0,1628,0.6300737699984893,1565,27.360000000000003,0.5355,0.260019550342131,12.0,36,1
p48-d0,48,0,0,1628,0.6670790219995979,1575,24.624000000000002,0.477,0.2541544477028348,12.0,36,1
p48-d0,48,0,0,1628,0.7030737279983441,1590,32.832,0.315,0.1544477028347996,12.0,36,1
p48-d0,48,0,0,1628,0.7390861559997575,1590,0.0,0.5894999999999999,0.30498533724340177,12.3,36,1
p48-d0,48,0,0,1628,0.7760832039984962,1590,0.0,0.7829999999999999,0.36363636363636365,12.3,36,1
p48-d0,48,0,0,1628,0.8131025299990142,1587,-5.472,0.9674999999999999,0.4447702834799609,12.3,36,1
p48-d0,48,0,0,1628,0.8501036149991705,1592,16.416,0.6749999999999999,0.364613880742913,12.3,36,1
p48-d0,48,0,0,1628,0.886109432000012,1604,24.624000000000002,0.414,0.21896383186705767,12.0,36,1
p48-d0,48,0,0,1628,0.9251149979991169,1610,10.944,0.22949999999999998,0.176930596285435,12.0,36,1
p48-d0,48,0,0,1628,0.9651214609984891,1610,0.0,0.26099999999999995,0.19941348973607037,12.0,36,1
p48-d0,48,0,0,1628,1.0051191099992138,1609,0.0,0.31949999999999995,0.21114369501466276,12.1,36,1
p48-d0,48,0,0,1628,1.0431478149985196,1604,-10.944,0.4815,0.29227761485826004,12.1,36,1
p48-d0,48,0,0,1628,1.081151611999303,1603,0.0,0.44549999999999995,0.28152492668621704,12.1,36,1
p48-d0,48,0,0,1628,1.1181524939984229,1604,0.0,0.44549999999999995,0.2697947214076246,12.3,36,1
p48-d0,48,0,0,1628,1.1541397179989872,1606,5.472,0.38249999999999995,0.23558162267839688,12.3,36,1
p48-d0,48,0,0,1628,1.1921412189985858,1609,5.472,0.288,0.20039100684261973,12.3,36,1
p48-d0,48,0,0,1628,1.228144758999406,1609,0.0,0.31949999999999995,0.21114369501466276,12.3,36,1
p48-d0,48,0,0,1628,1.26618633399994,1608,0.0,0.31949999999999995,0.22287390029325513,12.3,36,1
p48-d0,48,0,0,1628,1.3042057610000484,1605,-8.208,0.414,0.27468230694037143,12.3,36,1
p48-d0,48,0,0,1628,1.3411851239998214,1605,0.0,0.414,0.25806451612903225,12.3,36,1
p48-d0,48,0,0,1628,1.3771940149999864,1605,0.0,0.414,0.25806451612903225,12.3,36,1
p48-d0,48,0,0,1628,1.414191525998831,1606,0.0,0.38249999999999995,0.24633431085043989,12.3,36,1
p48-d0,48,0,0,1628,1.4511874259987962,1606,0.0,0.38249999999999995,0.24633431085043989,12.3,36,1
p48-d0,48,0,0,1628,1.4871838729995943,1606,0.0,0.37799999999999995,0.24633431085043989,12.3,36,1
p48-d0,48,0,0,1628,1.5231956529987656,1605,0.0,0.4185,0.25806451612903225,12.3,36,1
p48-d0,48,0,0,1628,1.561211320999064,1605,0.0,0.414,0.25806451612903225,12.3,36,1
p48-d0,48,0,0,1628,1.601209487998858,1606,0.0,0.38249999999999995,0.24633431085043989,12.3,36,1
p48-d0,48,0,0,1628,1.6382169619992055,1606,0.0,0.414,0.24633431085043989,12.3,36,1
p48-d0,48,0,0,1628,1.6752206389992352,1605,0.0,0.38249999999999995,0.25806451612903225,12.3,36,1
p48-d0,48,0,0,1628,1.71222733599825,1606,0.0,0.4095,0.24633431085043989,12.3,36,1
p48-d0,48,0,0,1628,1.7482253189991752,1605,0.0,0.4185,0.25806451612903225,12.3,36,1
p48-d0,48,0,0,1628,1.7842316919995937,1605,0.0,0.4095,0.25806451612903225,12.3,36,1
p48-d0,48,0,0,1628,1.820242915999188,1605,0.0,0.414,0.25806451612903225,12.3,36,1
p48-d0,48,0,0,1628,1.8562406959990767,1605,0.0,0.4095,0.25806451612903225,12.3,36,1
p48-d0,48,0,0,1628,1.8922663839985034,1606,0.0,0.414,0.24633431085043989,12.3,36,1
p48-d0,48,0,0,1628,1.9292647459988075,1606,0.0,0.38249999999999995,0.24633431085043989,12.5,36,1
p48-d0,48,0,0,1628,1.9662832019985217,1605,0.0,0.414,0.25806451612903225,12.5,36,1
p48-d0,48,0,0,1628,2.0022804449999967,1606,0.0,0.414,0.24633431085043989,12.5,36,1
p48-d0,48,0,0,1628,2.038279557998976,1605,0.0,0.38249999999999995,0.25806451612903225,12.3,36,1
p48-d0,48,0,0,1628,2.07728888299971,1606,0.0,0.38249999999999995,0.24633431085043989,12.3,36,1
p48-d0,48,0,0,1628,2.121289288999833,1605,0.0,0.414,0.25806451612903225,12.3,36,1
p48-d0,48,0,0,1628,2.1572823469996365,1605,0.0,0.414,0.25806451612903225,12.3,36,1
p48-d0,48,0,0,1628,2.194285505998778,1606,0.0,0.4095,0.24633431085043989,12.3,36,1
p48-d0,48,0,0,1628,2.2323077479995845,1606,0.0,0.37799999999999995,0.24633431085043989,12.3,36,1
p48-d0,48,0,0,1628,2.269311332998768,1606,0.0,0.38249999999999995,0.24633431085043989,12.0,36,1
p48-d0,48,0,0,1628,2.305333353999231,1606,0.0,0.38249999999999995,0.24633431085043989,12.0,36,1
p48-d0,48,0,0,1628,2.3433379660000355,1605,0.0,0.414,0.25806451612903225,12.0,36,1
p48-d0,48,0,0,1628,2.3793241909988865,1605,0.0,0.414,0.25806451612903225,12.0,36,1
p48-d0,48,0,0,1628,2.4193329689987877,1606,0.0,0.4185,0.24633431085043989,12.0,36,1
p48-d0,48,0,0,1628,2.4593396359996404,1606,0.0,0.414,0.24633431085043989,12.0,36,1
p48-d0,48,0,0,1628,2.496374553998976,1605,0.0,0.414,0.25806451612903225,12.3,36,1
p48-d0,48,0,0,1628,2.5343388149995008,1606,0.0,0.38249999999999995,0.24633431085043989,12.3,36,1
p48-d0,48,0,0,1628,2.571364066998285,1605,0.0,0.414,0.25806451612903225,12.3,36,1
p48-d0,48,0,0,1628,2.607394494998516,1605,0.0,0.38249999999999995,0.25806451612903225,12.0,36,1
p48-d0,48,0,0,1628,2.6464267639985337,1605,0.0,0.414,0.25806451612903225,12.0,36,1
p48-d0,48,0,0,1628,2.6823668779998115,1606,0.0,0.38699999999999996,0.24633431085043989,12.0,36,1
p48-d0,48,0,0,1628,2.7193599809997977,1605,0.0,0.414,0.25806451612903225,12.1,36,1
p48-d0,48,0,0,1628,2.7553733909990115,1606,0.0,0.38249999999999995,0.24633431085043989,12.1,36,1
p48-d0,48,0,0,1628,2.7913854859998537,1606,0.0,0.414,0.24633431085043989,12.1,36,1
p48-d0,48,0,0,1628,2.829403060999539,1606,0.0,0.4095,0.24633431085043989,12.1,36,1
p48-d0,48,0,0,1628,2.865397136998581,1605,0.0,0.414,0.25806451612903225,12.3,36,1
p48-d0,48,0,0,1628,2.902411258999564,1605,0.0,0.38249999999999995,0.25806451612903225,12.3,36,1
p48-d0,48,0,0,1628,2.940395408999393,1606,0.0,0.4095,0.24633431085043989,12.3,36,1
p48-d0,48,0,0,1628,2.995412596999813,1606,0.0,0.414,0.24633431085043989,12.3,36,1
p48-d0,48,0,0,1628,3.033424412999011,1606,0.0,0.4095,0.24633431085043989,12.3,36,1
p48-d0,48,0,0,1628,3.071408284999052,1605,0.0,0.414,0.25806451612903225,12.3,36,1
p48-d0,48,0,0,1628,3.107426990998647,1605,0.0,0.38249999999999995,0.25806451612903225,12.3,36,1
p48-d0,48,0,0,1628,3.144446889999017,1605,0.0,0.38249999999999995,0.25806451612903225,12.3,36,1
p48-d0,48,0,0,1628,3.1804460959992866,1606,0.0,0.38249999999999995,0.24633431085043989,12.3,36,1
p48-d0,48,0,0,1628,3.2164461169995775,1605,0.0,0.414,0.25806451612903225,12.3,36,1
p48-d0,48,0,0,1628,3.254461636999622,1605,0.0,0.38249999999999995,0.25806451612903225,12.3,36,1
p48-d0,48,0,0,1628,3.290488249998816,1605,0.0,0.414,0.25806451612903225,12.3,36,1
p48-d0,48,0,0,1628,3.327455853999709,1606,0.0,0.37799999999999995,0.24633431085043989,12.3,36,1
p48-d0,48,0,0,1628,3.365468891999626,1605,0.0,0.38249999999999995,0.25806451612903225,12.3,36,1
p48-d0,48,0,0,1628,3.4015219309985696,1606,0.0,0.4185,0.24633431085043989,12.3,36,1
p48-d0,48,0,0,1628,3.438486478999039,1605,0.0,0.414,0.25806451612903225,12.3,36,1
p48-d0,48,0,0,1628,3.4764874069987854,1605,0.0,0.414,0.25806451612903225,12.3,36,1
p48-d0,48,0,0,1400,0.004006053999546566,1605,0.0,0.38249999999999995,0.25806451612903225,12.3,36,1
p48-d0,48,0,0,1400,0.04100747200027399,1606,0.0,0.3465,0.22287390029325513,12.3,36,1
p48-d0,48,0,0,1400,0.078049130999716,1605,0.0,0.26099999999999995,0.21114369501466276,12.3,36,1
p48-d0,48,0,0,1400,0.11603150299924891,1605,0.0,0.11249999999999999,0.15249266862170088,12.3,36,1
p48-d0,48,0,0,1400,0.15214478199959558,1605,0.0,0.013499999999999998,0.08211143695014662,12.3,36,1
p48-d0,48,0,0,1400,0.18904679399929591,1606,0.0,-0.0045,0.02346041055718475,12.3,36,1
p48-d0,48,0,0,1400,0.22504137000032642,1605,0.0,-0.153,0.11730205278592376,12.3,36,1
p48-d0,48,0,0,1400,0.26303337200079113,1605,0.0,-0.5355,0.25806451612903225,12.3,36,1
p48-d0,48,0,0,1400,0.30303779799942276,1605,0.0,-1.0755,0.4222873900293255,12.3,36,1
p48-d0,48,0,0,1400,0.3400585119998141,1598,-19.152,-0.9989999999999999,0.46529814271749753,12.3,36,1
p48-d0,48,0,0,1400,0.37807986500047264,1577,-43.776,-0.837,0.3548387096774194,12.3,36,1
p48-d0,48,0,0,1400,0.41509883899925626,1553,-49.248000000000005,-0.5804999999999999,0.2727272727272727,12.3,36,1
p48-d0,48,0,0,1400,0.45208755400017253,1525,-62.928000000000004,-0.3105,0.13880742913000976,12.3,36,1
p48-d0,48,0,0,1400,0.4901903690006293,1503,-43.776,-0.3105,0.13196480938416422,12.0,36,1
p48-d0,48,0,0,1400,0.5260885389998293,1493,-19.152,-0.33749999999999997,0.2541544477028348,12.0,36,1
p48-d0,48,0,0,1400,0.5631049950006854,1479,-32.832,-0.3465,0.22482893450635386,12.0,36,1
p48-d0,48,0,0,1400,0.6010941629992885,1469,-19.152,-0.5804999999999999,0.2776148582600195,12.1,36,1
p48-d0,48,0,0,1400,0.6390791640005773,1458,-24.624000000000002,-0.44999999999999996,0.2776148582600195,12.1,36,1
p48-d0,48,0,0,1400,0.6750956479991146,1443,-35.568000000000005,-0.369,0.18475073313782991,12.1,36,1
p48-d0,48,0,0,1400,0.714107805999447,1440,0.0,-0.6074999999999999,0.31671554252199413,12.3,36,1
p48-d0,48,0,0,1400,0.7500923269999475,1440,0.0,-0.8865,0.3870967741935484,12.3,36,1
p48-d0,48,0,0,1400,0.786111458999585,1442,0.0,-1.1475,0.4574780058651026,12.3,36,1
p48-d0,48,0,0,1400,0.824114904000453,1442,0.0,-0.945,0.49266862170087977,12.3,36,1
p48-d0,48,0,0,1400,0.8601131659997918,1427,-30.096000000000004,-0.4725,0.2541544477028348,12.0,36,1
p48-d0,48,0,0,1400,0.8971143620001385,1422,-8.208,-0.31949999999999995,0.24144672531769307,12.0,36,1
p48-d0,48,0,0,1400,0.9351456040003541,1405,-38.304,-0.0045,0.008797653958944282,12.0,36,1
p48-d0,48,0,0,1400,0.9751406230006978,1404,5.472,-0.0045,0.06940371456500488,12.3,36,1
p48-d0,48,0,0,1400,1.011185347000719,1404,0.0,-0.013499999999999998,0.05865102639296188,12.3,36,1
p48-d0,48,0,0,1400,1.0481494880004902,1409,10.944,-0.09,0.12805474095796676,12.3,36,1
p48-d0,48,0,0,1400,1.085143758000413,1411,0.0,-0.13499999999999998,0.12903225806451613,12.3,36,1
p48-d0,48,0,0,1400,1.1221463439997024,1411,0.0,-0.11249999999999999,0.12903225806451613,12.3,36,1
p48-d0,48,0,0,1400,1.1591741690008348,1409,-8.208,-0.072,0.08895405669599218,12.3,36,1
p48-d0,48,0,0,1400,1.1971910039992508,1405,-8.208,-0.026999999999999996,0.053763440860215055,12.3,36,1
p48-d0,48,0,0,1400,1.2341576449998684,1405,0.0,-0.0225,0.07038123167155426,12.3,36,1
p48-d0,48,0,0,1400,1.2701723879999918,1406,0.0,-0.040499999999999994,0.08211143695014662,12.3,36,1
p48-d0,48,0,0,1400,1.3081691850002244,1409,5.472,-0.072,0.11632453567937438,12.3,36,1
p48-d0,48,0,0,1400,1.3441760950008756,1410,0.0,-0.09,0.11730205278592376,12.3,36,1
p48-d0,48,0,0,1400,1.3811767360002705,1410,0.0,-0.09,0.11730205278592376,12.3,36,1
p48-d0,48,0,0,1400,1.419198977000633,1410,0.0,-0.09,0.11730205278592376,12.3,36,1
p48-d0,48,0,0,1400,1.4551941089994216,1409,0.0,-0.072,0.10557184750733138,12.3,36,1
p48-d0,48,0,0,1400,1.495198425000126,1409,0.0,-0.072,0.10557184750733138,12.3,36,1
p48-d0,48,0,0,1400,1.5322081949998392,1410,0.0,-0.09,0.11730205278592376,12.3,36,1
p48-d0,48,0,0,1400,1.568227530000513,1410,0.0,-0.09,0.11730205278592376,12.3,36,1
p48-d0,48,0,0,1400,1.6072326510002313,1410,0.0,-0.09,0.11730205278592376,12.3,36,1
p48-d0,48,0,0,1400,1.6442353290003666,1410,0.0,-0.09,0.11730205278592376,12.3,36,1
p48-d0,48,0,0,1400,1.6812386359997618,1410,0.0,-0.072,0.11730205278592376,12.3,36,1
p48-d0,48,0,0,1400,1.71823627699996,1410,0.0,-0.09,0.11730205278592376,12.3,36,1
p48-d0,48,0,0,1400,1.7552562700002454,1410,0.0,-0.09,0.11730205278592376,12.3,36,1
p48-d0,48,0,0,1400,1.7932477710000967,1410,0.0,-0.09,0.11730205278592376,12.3,36,1
p48-d0,48,0,0,1400,1.8302680230008264,1410,0.0,-0.09,0.11730205278592376,12.3,36,1
p48-d0,48,0,0,1400,1.8662660619993403,1410,0.0,-0.09,0.11730205278592376,12.3,36,1
p48-d0,48,0,0,1400,1.9032652210007655,1410,0.0,-0.09,0.11730205278592376,12.3,36,1
p48-d0,48,0,0,1400,1.9402724730007321,1410,0.0,-0.09,0.11730205278592376,12.3,36,1
p48-d0,48,0,0,1400,1.9783119000003353,1410,0.0,-0.09,0.11730205278592376,12.3,36,1
p48-d0,48,0,0,1400,2.0162862529996346,1410,0.0,-0.09,0.11730205278592376,12.3,36,1
p48-d0,48,0,0,1400,2.0522853300008137,1410,0.0,-0.09,0.11730205278592376,12.3,36,1
p48-d0,48,0,0,1400,2.089286562999405,1410,0.0,-0.09,0.11730205278592376,12.3,36,1
p48-d0,48,0,0,1400,2.125296027999866,1409,0.0,-0.072,0.10557184750733138,12.3,36,1
p48-d0,48,0,0,1400,2.1613020120003057,1410,0.0,-0.09,0.11730205278592376,12.3,36,1
p48-d0,48,0,0,1400,2.1983072080001875,1410,0.0,-0.09,0.11730205278592376,12.3,36,1
p48-d0,48,0,0,1400,2.2353071630004706,1410,0.0,-0.09,0.11730205278592376,12.4,36,1
p48-d0,48,0,0,1400,2.2713150910003606,1410,0.0,-0.09449999999999999,0.11730205278592376,12.4,36,1
p48-d0,48,0,0,1400,2.3093210740007635,1410,0.0,-0.09,0.11730205278592376,12.4,36,1
p48-d0,48,0,0,1400,2.3453291500009072,1410,0.0,-0.072,0.11730205278592376,12.1,36,1
p48-d0,48,0,0,1400,2.3823351610008103,1410,0.0,-0.09,0.11730205278592376,12.1,36,1
p48-d0,48,0,0,1400,2.4203276629996253,1410,0.0,-0.09,0.11730205278592376,12.1,36,1
p48-d0,48,0,0,1400,2.4564156830001593,1410,0.0,-0.09,0.11730205278592376,12.3,36,1
p48-d0,48,0,0,1400,2.493408674999955,1410,0.0,-0.09,0.11730205278592376,12.3,36,1
p48-d0,48,0,0,1400,2.5314159730005485,1410,0.0,-0.09,0.11730205278592376,12.3,36,1
p48-d0,48,0,0,1400,2.567426511999656,1409,0.0,-0.09,0.10557184750733138,12.3,36,1
p48-d0,48,0,0,1400,2.6044200230007846,1410,0.0,-0.09,0.11730205278592376,12.2,36,1
p48-d0,48,0,0,1400,2.6404273219995957,1410,0.0,-0.09,0.11730205278592376,12.2,36,1
p48-d0,48,0,0,1400,2.6764276390003943,1410,0.0,-0.09,0.11730205278592376,12.2,36,1
p48-d0,48,0,0,1400,2.7134232240005076,1410,0.0,-0.09,0.11730205278592376,12.3,36,1
p48-d0,48,0,0,1400,2.750425013000495,1410,0.0,-0.072,0.11730205278592376,12.3,36,1
p48-d0,48,0,0,1400,2.7874344869997003,1410,0.0,-0.09,0.11730205278592376,12.3,36,1
p48-d0,48,0,0,1400,2.82543669199913,1409,0.0,-0.09,0.10557184750733138,12.3,36,1
p48-d0,48,0,0,1400,2.8614289529996313,1410,0.0,-0.09449999999999999,0.11730205278592376,12.3,36,1
p48-d0,48,0,0,1400,2.8984368719993654,1410,0.0,-0.09,0.11730205278592376,12.3,36,1
p48-d0,48,0,0,1400,2.934440466999149,1410,0.0,-0.09,0.11730205278592376,12.3,36,1
p48-d0,48,0,0,1400,2.9704433949991653,1409,0.0,-0.09,0.11730205278592376,12.3,36,1
p48-d0,48,0,0,1400,3.0084405439993134,1410,0.0,-0.09449999999999999,0.11730205278592376,12.3,36,1
p48-d0,48,0,0,1400,3.045440444000633,1409,0.0,-0.09449999999999999,0.10557184750733138,12.3,36,1
p48-d0,48,0,0,1400,3.08144407600048,1410,0.0,-0.09,0.11730205278592376,12.3,36,1
p48-d0,48,0,0,1400,3.1194358180000563,1410,0.0,-0.09,0.11730205278592376,12.3,36,1
p48-d0,48,0,0,1400,3.1554453579992696,1410,0.0,-0.09,0.11730205278592376,12.3,36,1
p48-d0,48,0,0,1400,3.193450581000434,1410,0.0,-0.09,0.11730205278592376,12.3,36,1
p48-d0,48,0,0,1400,3.2304737960002967,1410,0.0,-0.09,0.11730205278592376,12.3,36,1
p48-d0,48,0,0,1400,3.268459333999999,1410,0.0,-0.09,0.11730205278592376,12.3,36,1
p48-d0,48,0,0,1400,3.3044693730007566,1410,0.0,-0.072,0.11730205278592376,12.3,36,1
p48-d0,48,0,0,1400,3.3424738560006517,1410,0.0,-0.072,0.11730205278592376,12.3,36,1
p48-d0,48,0,0,1400,3.3794770339991373,1410,0.0,-0.09,0.11730205278592376,12.3,36,1
p48-d0,48,0,0,1400,3.4164743410001392,1410,0.0,-0.09,0.11730205278592376,12.3,36,1
p48-d0,48,0,0,1400,3.4524898620002205,1410,0.0,-0.09,0.11730205278592376,12.3,36,1
p48-d0,48,0,0,1400,3.4884867900000245,1410,0.0,-0.09,0.11730205278592376,12.3,36,1
p64-d0-positioning,64,0,0,1400,0.005002488000172889,1410,0.0,0.0,0.0,12.3,36,1
p64-d0-positioning,64,0,0,1400,0.042010609999124426,1410,0.0,0.0,0.03128054740957967,12.3,36,1
p64-d0-positioning,64,0,0,1400,0.07900277000044298,1409,0.0,-0.0315,0.0469208211143695,12.3,36,1
p64-d0-positioning,64,0,0,1400,0.11501628999940294,1410,0.0,-0.10799999999999998,0.12512218963831867,12.3,36,1
p64-d0-positioning,64,0,0,1400,0.15102355199996964,1410,0.0,-0.16649999999999998,0.14076246334310852,12.3,36,1
p64-d0-positioning,64,0,0,1400,0.18802535899885697,1409,0.0,-0.13499999999999998,0.14076246334310852,12.3,36,1
p64-d0-positioning,64,0,0,1400,0.2250317769994581,1410,0.0,-0.16649999999999998,0.15640273704789834,12.3,36,1
p64-d0-positioning,64,0,0,1400,0.2620374919988535,1410,0.0,-0.16649999999999998,0.15640273704789834,12.3,36,1
p64-d0-positioning,64,0,0,1400,0.3000372899987269,1410,0.0,-0.13949999999999999,0.15640273704789834,12.1,36,1
p64-d0-positioning,64,0,0,1400,0.3360375140000542,1410,0.0,-0.16649999999999998,0.15640273704789834,12.1,36,1
p64-d0-positioning,64,0,0,1400,0.37304993299949274,1410,0.0,-0.16649999999999998,0.15640273704789834,12.1,36,1
p64-d0-positioning,64,0,0,1400,0.409050786998705,1410,0.0,-0.16649999999999998,0.15640273704789834,12.1,36,1
p64-d0-positioning,64,0,0,1400,0.44505625199963106,1410,0.0,-0.13499999999999998,0.15640273704789834,12.1,36,1
p64-d0-positioning,64,0,0,1400,0.4820639299996401,1410,0.0,-0.16649999999999998,0.15640273704789834,12.1,36,1
p64-d0-positioning,64,0,0,1400,0.519077588998698,1410,0.0,-0.16649999999999998,0.15640273704789834,12.1,36,1
p64-d0-positioning,64,0,0,1400,0.5550852939995821,1410,0.0,-0.16649999999999998,0.15640273704789834,12.3,36,1
p64-d0-positioning,64,0,0,1400,0.5910819259988784,1409,0.0,-0.16649999999999998,0.14076246334310852,12.3,36,1
p64-d0-positioning,64,0,0,1400,0.6271018360002927,1410,0.0,-0.16199999999999998,0.15640273704789834,12.3,36,1
p64-d0-positioning,64,0,0,1400,0.6631030419994204,1410,0.0,-0.16649999999999998,0.15640273704789834,12.1,36,1
p64-d0-positioning,64,0,0,1400,0.699109913999564,1410,0.0,-0.16649999999999998,0.15640273704789834,12.1,36,1
p64-d0-positioning,64,0,0,1400,0.7371291010003915,1410,0.0,-0.16649999999999998,0.15640273704789834,12.1,36,1
p64-d0-positioning,64,0,0,1400,0.7771155459995498,1410,0.0,-0.16649999999999998,0.15640273704789834,12.3,36,1
p64-d0-positioning,64,0,0,1400,0.8141121489989018,1410,0.0,-0.16649999999999998,0.15640273704789834,12.3,36,1
p64-d0-positioning,64,0,0,1400,0.8501103179987695,1410,0.0,-0.16649999999999998,0.15640273704789834,12.3,36,1
p64-d0-positioning,64,0,0,1400,0.8861139689997799,1410,0.0,-0.16649999999999998,0.15640273704789834,12.3,36,1
p64-d0-positioning,64,0,0,1400,0.9221254149997549,1410,0.0,-0.16199999999999998,0.15640273704789834,12.3,36,1
p64-d0-positioning,64,0,0,1400,0.9591363889994682,1410,0.0,-0.16649999999999998,0.15640273704789834,12.3,36,1
p64-d0-positioning,64,0,0,1400,0.9961420479994558,1410,0.0,-0.13499999999999998,0.15640273704789834,12.3,36,1
p64-d0-positioning,64,0,0,1400,1.0321344579988363,1410,0.0,-0.16649999999999998,0.15640273704789834,12.3,36,1
p64-d0-positioning,64,0,0,1400,1.0701469960004033,1410,0.0,-0.16649999999999998,0.15640273704789834,12.3,36,1
p64-d0-positioning,64,0,0,1400,1.1061500910000177,1410,0.0,-0.16649999999999998,0.15640273704789834,12.3,36,1
p64-d0-positioning,64,0,0,1400,1.1431507500001317,1410,0.0,-0.16649999999999998,0.15640273704789834,12.3,36,1
p64-d0-positioning,64,0,0,1400,1.1791509750000841,1410,0.0,-0.16649999999999998,0.15640273704789834,12.3,36,1
p64-d0-positioning,64,0,0,1400,1.2151477179995709,1410,0.0,-0.16649999999999998,0.15640273704789834,12.3,36,1
p64-d0-positioning,64,0,0,1400,1.2521742469998571,1410,0.0,-0.16649999999999998,0.15640273704789834,12.3,36,1
p64-d0-positioning,64,0,0,1400,1.2891620359987428,1410,0.0,-0.16649999999999998,0.15640273704789834,12.3,36,1
p64-d0-positioning,64,0,0,1400,1.3251722240001982,1410,0.0,-0.16649999999999998,0.15640273704789834,12.3,36,1
p64-d0-positioning,64,0,0,1400,1.3611894109999412,1410,0.0,-0.16649999999999998,0.15640273704789834,12.3,36,1
p64-d0-positioning,64,0,0,1400,1.399182134999137,1410,0.0,-0.16649999999999998,0.15640273704789834,12.3,36,1
p64-d0-positioning,64,0,0,1400,1.4391820979999466,1410,0.0,-0.16649999999999998,0.15640273704789834,12.3,36,1
p64-d0-positioning,64,0,0,1400,1.4771948769994196,1410,0.0,-0.16649999999999998,0.15640273704789834,12.3,36,1
p64-d0-positioning,64,0,0,1400,1.5152045449995057,1410,0.0,-0.16649999999999998,0.15640273704789834,12.3,36,1
p64-d0-positioning,64,0,0,1400,1.5522072040002968,1410,0.0,-0.16649999999999998,0.15640273704789834,12.3,36,1
p64-d0-positioning,64,0,0,1400,1.5882115949989384,1410,0.0,-0.16649999999999998,0.15640273704789834,12.3,36,1
p64-d0-positioning,64,0,0,1400,1.6262405409997882,1410,0.0,-0.16649999999999998,0.15640273704789834,12.3,36,1
p64-d0-positioning,64,0,0,1400,1.6632309039996471,1410,0.0,-0.16649999999999998,0.15640273704789834,12.3,36,1
p64-d0-positioning,64,0,0,1400,1.7002376000000368,1410,0.0,-0.16649999999999998,0.15640273704789834,12.3,36,1
p64-d0-positioning,64,0,0,1400,1.7362279539993324,1410,0.0,-0.16649999999999998,0.15640273704789834,12.3,36,1
p64-d0-positioning,64,0,0,1400,1.772237289998884,1410,0.0,-0.16649999999999998,0.15640273704789834,12.3,36,1
p64-d0-positioning,64,0,0,1400,1.8092790219998278,1410,0.0,-0.16649999999999998,0.15640273704789834,12.3,36,1
p64-d0-positioning,64,0,0,1400,1.8462660889999825,1410,0.0,-0.16649999999999998,0.15640273704789834,12.3,36,1
p64-d0-positioning,64,0,0,1400,1.8822529429999122,1410,0.0,-0.16649999999999998,0.15640273704789834,12.3,36,1
p64-d0-positioning,64,0,0,1400,1.9182688159999088,1410,0.0,-0.16649999999999998,0.15640273704789834,12.3,36,1
p64-d0-positioning,64,0,0,1400,1.954282744000011,1410,0.0,-0.16649999999999998,0.15640273704789834,12.3,36,1
p64-d0-positioning,64,0,0,1400,1.9902735429986933,1410,0.0,-0.16649999999999998,0.15640273704789834,12.3,36,1
p64-d0-positioning,64,0,0,1400,2.0262739339996187,1410,0.0,-0.16649999999999998,0.15640273704789834,12.3,36,1
p64-d0-positioning,64,0,0,1400,2.063305814999694,1410,0.0,-0.16649999999999998,0.15640273704789834,12.1,36,1
p64-d0-positioning,64,0,0,1400,2.100303993000125,1410,0.0,-0.13499999999999998,0.15640273704789834,12.1,36,1
p64-d0-positioning,64,0,0,1400,2.1363004020004155,1410,0.0,-0.16649999999999998,0.15640273704789834,12.1,36,1
p64-d0-positioning,64,0,0,1400,2.1722989789996063,1409,0.0,-0.16649999999999998,0.14076246334310852,12.1,36,1
p64-d0-positioning,64,0,0,1400,2.210312683999291,1410,0.0,-0.16649999999999998,0.15640273704789834,12.1,36,1
p64-d0-positioning,64,0,0,1400,2.250305257999571,1409,0.0,-0.16649999999999998,0.14076246334310852,12.1,36,1
p64-d0-positioning,64,0,0,1400,2.288303277999148,1410,0.0,-0.16649999999999998,0.15640273704789834,12.3,36,1
p64-d0-positioning,64,0,0,1400,2.326330482999765,1410,0.0,-0.16649999999999998,0.15640273704789834,12.3,36,1
p64-d0-positioning,64,0,0,1400,2.3634395669996593,1410,0.0,-0.16649999999999998,0.15640273704789834,12.3,36,1
p64-d0-positioning,64,0,0,1400,2.399367236999751,1410,0.0,-0.16649999999999998,0.15640273704789834,12.1,36,1
p64-d0-positioning,64,0,0,1400,2.437374237999393,1410,0.0,-0.16649999999999998,0.15640273704789834,12.1,36,1
p64-d0-positioning,64,0,0,1400,2.4733469809998496,1410,0.0,-0.16649999999999998,0.15640273704789834,12.1,36,1
p64-d0-positioning,64,0,0,1400,2.511351649000062,1410,0.0,-0.16649999999999998,0.15640273704789834,12.3,36,1
p64-d0-positioning,64,0,0,1400,2.5473535589990206,1410,0.0,-0.16649999999999998,0.15640273704789834,12.3,36,1
p64-d0-positioning,64,0,0,1400,2.583366319999186,1410,0.0,-0.16649999999999998,0.15640273704789834,12.3,36,1
p64-d0-positioning,64,0,0,1400,2.6803796000003786,1410,0.0,-0.16649999999999998,0.15640273704789834,12.3,36,1
p64-d0-positioning,64,0,0,1400,2.717377592998673,1410,0.0,-0.16649999999999998,0.15640273704789834,12.3,36,1
p64-d0-positioning,64,0,0,1400,2.753379502999451,1410,0.0,-0.16649999999999998,0.15640273704789834,12.3,36,1
p64-d0-positioning,64,0,0,1400,2.7903933279994817,1410,0.0,-0.16649999999999998,0.15640273704789834,12.3,36,1
p64-d0-positioning,64,0,0,1400,2.8273954870001035,1410,0.0,-0.16649999999999998,0.15640273704789834,12.3,36,1
p64-d0-positioning,64,0,0,1400,2.864396905999456,1410,0.0,-0.16649999999999998,0.15640273704789834,12.3,36,1
p64-d0-positioning,64,0,0,1400,2.900408518999029,1410,0.0,-0.13499999999999998,0.15640273704789834,12.3,36,1
p64-d0-positioning,64,0,0,1400,2.9394174739991286,1410,0.0,-0.16649999999999998,0.15640273704789834,12.3,37,1
p64-d0-positioning,64,0,0,1400,2.9794272700000874,1410,0.0,-0.13499999999999998,0.15640273704789834,12.3,37,1
p64-d0-positioning,64,0,0,1400,3.095522550000169,1410,0.0,-0.16649999999999998,0.15640273704789834,12.3,36,1
p64-d0-positioning,64,0,0,1400,3.131458775000283,1410,0.0,-0.16649999999999998,0.15640273704789834,12.3,36,1
p64-d0-positioning,64,0,0,1400,3.167453463000129,1410,0.0,-0.16649999999999998,0.15640273704789834,12.3,36,1
p64-d0-positioning,64,0,0,1400,3.2054978710002615,1410,0.0,-0.16649999999999998,0.15640273704789834,12.3,36,1
p64-d0-positioning,64,0,0,1400,3.2414817070002755,1410,0.0,-0.16649999999999998,0.15640273704789834,12.3,36,1
p64-d0-positioning,64,0,0,1400,3.281503410998994,1410,0.0,-0.16649999999999998,0.15640273704789834,12.3,36,1
p64-d0-positioning,64,0,0,1400,3.321604798999033,1410,0.0,-0.16649999999999998,0.15640273704789834,12.3,36,1
p64-d0-positioning,64,0,0,1400,3.3615011900001264,1410,0.0,-0.16649999999999998,0.15640273704789834,12.3,36,1
p64-d0-positioning,64,0,0,1400,3.401522374999331,1409,0.0,-0.16649999999999998,0.14076246334310852,12.3,36,1
p64-d0-positioning,64,0,0,1400,3.4384975529992516,1410,0.0,-0.16649999999999998,0.15640273704789834,12.3,36,1
p64-d0-positioning,64,0,0,1400,3.475511545999325,1410,0.0,-0.16649999999999998,0.15640273704789834,12.3,36,1
p64-d0-positioning,64,0,0,1400,3.511525881000125,1410,0.0,-0.16649999999999998,0.15640273704789834,12.3,36,1
p64-d0-positioning,64,0,0,1400,3.548507150999285,1410,0.0,-0.16649999999999998,0.15640273704789834,12.3,36,1
p64-d0-positioning,64,0,0,1400,3.58451724599945,1410,0.0,-0.16649999999999998,0.15640273704789834,12.3,36,1
p64-d0-positioning,64,0,0,1400,3.622523691999959,1410,0.0,-0.13499999999999998,0.15640273704789834,12.3,36,1
p64-d0-positioning,64,0,0,1400,3.662543080999967,1410,0.0,-0.16649999999999998,0.15640273704789834,12.3,36,1
p64-d0-positioning,64,0,0,1400,3.702631062000364,1410,0.0,-0.16649999999999998,0.15640273704789834,12.3,36,1
p64-d0-positioning,64,0,0,1400,3.7408089139989897,1409,0.0,-0.16649999999999998,0.14076246334310852,12.3,36,1
p64-d0-positioning,64,0,0,1400,3.776569177998681,1410,0.0,-0.16649999999999998,0.15640273704789834,12.3,36,1
p64-d0-positioning,64,0,0,1400,3.8125644020001346,1410,0.0,-0.16649999999999998,0.15640273704789834,12.1,36,1
p64-d0-positioning,64,0,0,1400,3.8505597000003036,1410,0.0,-0.16649999999999998,0.15640273704789834,12.1,36,1
p64-d0-positioning,64,0,0,1400,3.8865755349997926,1410,0.0,-0.16649999999999998,0.15640273704789834,12.1,36,1
p64-d0-positioning,64,0,0,1400,3.923573602000033,1410,0.0,-0.16649999999999998,0.15640273704789834,12.1,36,1
p64-d0-positioning,64,0,0,1400,3.961578696000288,1410,0.0,-0.16649999999999998,0.15640273704789834,12.1,36,1
p64-d0-positioning,64,0,0,1400,3.9985878730003606,1410,0.0,-0.16649999999999998,0.15640273704789834,12.1,36,1
p64-d0,64,0,0,1628,0.003980257999501191,1410,0.0,-0.13499999999999998,0.15640273704789834,12.3,36,1
p64-d0,64,0,0,1628,0.04200086999844643,1410,0.0,-0.10799999999999998,0.14076246334310852,12.3,36,1
p64-d0,64,0,0,1628,0.07900375200006238,1410,0.0,-0.05399999999999999,0.093841642228739,12.3,36,1
p64-d0,64,0,0,1628,0.11501369799952954,1410,0.0,0.0,0.03128054740957967,12.1,36,1
p64-d0,64,0,0,1628,0.15101629299897468,1409,0.0,0.0315,0.07820136852394917,12.1,36,1
p64-d0,64,0,0,1628,0.18701522099945578,1410,0.0,0.22949999999999998,0.17204301075268819,12.1,36,1
p64-d0,64,0,0,1628,0.22503320399846416,1410,0.0,0.46349999999999997,0.3128054740957967,12.3,36,1
p64-d0,64,0,0,1628,0.2610278169995581,1419,21.888,0.6974999999999999,0.2991202346041056,12.3,36,1
p64-d0,64,0,0,1628,0.30102905799867585,1423,5.472,0.9944999999999999,0.47409579667644186,12.3,36,1
p64-d0,64,0,0,1628,0.33803764399999636,1442,49.248000000000005,0.6074999999999999,0.3040078201368524,12.3,36,1
p64-d0,64,0,0,1628,0.3740664789984294,1461,38.304,0.6795,0.2649071358748778,12.3,36,1
p64-d0,64,0,0,1628,0.4100894249986595,1477,35.568000000000005,0.4725,0.270772238514174,12.3,36,1
p64-d0,64,0,0,1628,0.44805775999884645,1503,54.720000000000006,0.3645,0.12121212121212122,12.3,36,1
p64-d0,64,0,0,1628,0.48406579999937094,1512,13.680000000000001,0.5535,0.34701857282502446,12.3,36,1
p64-d0,64,0,0,1628,0.5210669399984909,1531,49.248000000000005,0.369,0.22580645161290322,12.3,36,1
p64-d0,64,0,0,1628,0.5570753309984866,1548,32.832,0.612,0.2287390029325513,12.3,36,1
p64-d0,64,0,0,1628,0.5930915369990544,1554,13.680000000000001,0.6749999999999999,0.3782991202346041,12.3,36,1
p64-d0,64,0,0,1628,0.6310785389996454,1574,38.304,0.32399999999999995,0.18670576735092864,12.3,36,1
p64-d0,64,0,0,1628,0.6681627519992617,1585,24.624000000000002,0.306,0.19941348973607037,12.3,36,1
p64-d0,64,0,0,1628,0.7040869219999877,1590,0.0,0.6255,0.29716520039100686,12.3,36,1
p64-d0,64,0,0,1628,0.7410927669989178,1590,0.0,0.7695,0.4066471163245357,12.3,36,1
p64-d0,64,0,0,1628,0.7780962029992224,1601,27.360000000000003,0.49049999999999994,0.2561094819159335,12.3,36,1
p64-d0,64,0,0,1628,0.818109869998807,1604,0.0,0.5804999999999999,0.3284457478005865,12.3,36,1
p64-d0,64,0,0,1628,0.8581173709990253,1610,13.680000000000001,0.39149999999999996,0.2375366568914956,12.3,36,1
p64-d0,64,0,0,1628,0.8981323899988638,1610,0.0,0.43649999999999994,0.26588465298142716,12.3,36,1
p64-d0,64,0,0,1628,0.942152850999264,1609,0.0,0.4815,0.28152492668621704,12.3,36,1
p64-d0,64,0,0,1628,0.9791395659995032,1606,-8.208,0.6255,0.34506353861192574,12.3,36,1
p64-d0,64,0,0,1628,1.0151360869986092,1605,0.0,0.6795,0.34408602150537637,12.3,36,1
p64-d0,64,0,0,1628,1.0531354959985038,1605,0.0,0.6795,0.34408602150537637,12.3,36,1
p64-d0,64,0,0,1628,1.0891470159986056,1606,0.0,0.5804999999999999,0.3284457478005865,12.3,36,1
p64-d0,64,0,0,1628,1.1261592119990382,1608,0.0,0.5309999999999999,0.29716520039100686,12.3,36,1
p64-d0,64,0,0,1628,1.1621652699996048,1608,0.0,0.5265,0.29716520039100686,12.0,36,1
p64-d0,64,0,0,1628,1.198269011998491,1608,0.0,0.5804999999999999,0.29716520039100686,12.0,36,1
p64-d0,64,0,0,1628,1.2361809769990941,1607,0.0,0.576,0.3128054740957967,12.0,36,1
p64-d0,64,0,0,1628,1.2731784139996307,1607,0.0,0.5265,0.3128054740957967,12.3,36,1
p64-d0,64,0,0,1628,1.3092488049987878,1608,0.0,0.5804999999999999,0.3128054740957967,12.3,36,1
p64-d0,64,0,0,1628,1.347184546999415,1607,0.0,0.5265,0.3128054740957967,12.3,36,1
p64-d0,64,0,0,1628,1.3831961239993689,1607,0.0,0.5265,0.3128054740957967,12.3,36,1
p64-d0,64,0,0,1628,1.4201985419986158,1608,0.0,0.5804999999999999,0.29716520039100686,12.3,36,1
p64-d0,64,0,0,1628,1.4582377839997207,1607,0.0,0.576,0.3128054740957967,12.3,36,1
p64-d0,64,0,0,1628,1.4942107119986758,1607,0.0,0.576,0.3128054740957967,12.0,36,1
p64-d0,64,0,0,1628,1.5322140099997341,1607,0.0,0.576,0.29716520039100686,12.0,36,1
p64-d0,64,0,0,1628,1.570233232998362,1608,0.0,0.5309999999999999,0.29716520039100686,12.0,36,1
p64-d0,64,0,0,1628,1.6062481609988026,1607,0.0,0.576,0.3128054740957967,12.0,36,1
p64-d0,64,0,0,1628,1.6432493389984302,1607,0.0,0.576,0.3128054740957967,12.0,36,1
p64-d0,64,0,0,1628,1.6802548319992638,1607,0.0,0.5355,0.3128054740957967,12.0,36,1
p64-d0,64,0,0,1628,1.7193115449990728,1607,0.0,0.576,0.3128054740957967,12.0,36,1
p64-d0,64,0,0,1628,1.7573426199996902,1608,0.0,0.576,0.29716520039100686,12.3,36,1
p64-d0,64,0,0,1628,1.7942561129984824,1607,0.0,0.576,0.3128054740957967,12.3,36,1
p64-d0,64,0,0,1628,1.8322746889989503,1608,0.0,0.576,0.29716520039100686,12.3,36,1
p64-d0,64,0,0,1628,1.8692749589990854,1607,0.0,0.5715,0.3128054740957967,12.0,36,1
p64-d0,64,0,0,1628,1.9052663689999463,1607,0.0,0.5355,0.3128054740957967,12.0,36,1
p64-d0,64,0,0,1628,1.9432765000001382,1607,0.0,0.5804999999999999,0.3128054740957967,12.0,36,1
p64-d0,64,0,0,1628,1.9792996870000934,1608,0.0,0.5265,0.29716520039100686,12.1,36,1
p64-d0,64,0,0,1628,2.016289549999783,1608,0.0,0.5265,0.29716520039100686,12.1,36,1
p64-d0,64,0,0,1628,2.0543064949997643,1607,0.0,0.576,0.3128054740957967,12.1,36,1
p64-d0,64,0,0,1628,2.0903031829984684,1607,0.0,0.576,0.3128054740957967,12.3,36,1
p64-d0,64,0,0,1628,2.127306915999725,1607,0.0,0.567,0.3128054740957967,12.3,36,1
p64-d0,64,0,0,1628,2.1653051579996827,1607,0.0,0.5489999999999999,0.3128054740957967,12.3,36,1
p64-d0,64,0,0,1628,2.201321085998643,1608,0.0,0.576,0.29716520039100686,12.3,36,1
p64-d0,64,0,0,1628,2.2383151719986927,1607,0.0,0.576,0.3128054740957967,12.3,36,1
p64-d0,64,0,0,1628,2.283338252998874,1608,0.0,0.576,0.29716520039100686,12.3,36,1
p64-d0,64,0,0,1628,2.3353448219986603,1607,0.0,0.576,0.3128054740957967,12.3,36,1
p64-d0,64,0,0,1628,2.3793755609985965,1607,0.0,0.576,0.3128054740957967,12.3,37,1
p64-d0,64,0,0,1628,2.4173638219999702,1607,0.0,0.5265,0.3128054740957967,12.3,37,1
p64-d0,64,0,0,1628,2.4573790809990896,1607,0.0,0.576,0.3128054740957967,12.3,37,1
p64-d0,64,0,0,1628,2.504554492999887,1607,0.0,0.5265,0.3128054740957967,12.3,37,1
p64-d0,64,0,0,1628,2.548354438999013,1607,0.0,0.5265,0.3128054740957967,12.3,37,1
p64-d0,64,0,0,1628,2.5843850699984614,1607,0.0,0.576,0.3128054740957967,12.3,37,1
p64-d0,64,0,0,1628,2.6213822849986173,1608,0.0,0.576,0.29716520039100686,12.3,36,1
p64-d0,64,0,0,1628,2.659391285998936,1608,0.0,0.5309999999999999,0.29716520039100686,12.3,36,1
p64-d0,64,0,0,1628,2.695383917998697,1607,0.0,0.576,0.3128054740957967,12.3,36,1
p64-d0,64,0,0,1628,2.732395558999997,1607,0.0,0.5265,0.3128054740957967,12.3,36,1
p64-d0,64,0,0,1628,2.7703953189993626,1608,0.0,0.576,0.29716520039100686,12.3,36,1
p64-d0,64,0,0,1628,2.8064177469987044,1607,0.0,0.576,0.3128054740957967,12.3,36,1
p64-d0,64,0,0,1628,2.8434237399997073,1607,0.0,0.576,0.3128054740957967,12.3,37,1
p64-d0,64,0,0,1628,2.879425037999681,1607,0.0,0.576,0.3128054740957967,12.3,37,1
p64-d0,64,0,0,1628,2.9154575769989606,1607,0.0,0.5265,0.3128054740957967,12.0,37,1
p64-d0,64,0,0,1628,2.9534522269987065,1607,0.0,0.5715,0.3128054740957967,12.0,36,1
p64-d0,64,0,0,1628,2.9894526549996954,1607,0.0,0.5265,0.3128054740957967,12.0,36,1
p64-d0,64,0,0,1628,3.02644651799892,1607,0.0,0.576,0.3128054740957967,12.3,36,1
p64-d0,64,0,0,1628,3.0624564089994237,1607,0.0,0.576,0.3128054740957967,12.3,36,1
p64-d0,64,0,0,1628,3.098471874000097,1607,0.0,0.5715,0.3128054740957967,12.3,36,1
p64-d0,64,0,0,1628,3.13546845899873,1608,0.0,0.5219999999999999,0.29716520039100686,12.3,36,1
p64-d0,64,0,0,1628,3.172465599998759,1607,0.0,0.576,0.3128054740957967,12.3,36,1
p64-d0,64,0,0,1628,3.2084629359997052,1607,0.0,0.576,0.3128054740957967,12.3,37,1
p64-d0,64,0,0,1628,3.2464675299997907,1608,0.0,0.5265,0.29716520039100686,12.3,37,1
p64-d0,64,0,0,1628,3.2824819019988354,1607,0.0,0.5715,0.3128054740957967,12.3,37,1
p64-d0,64,0,0,1628,3.3194700609983556,1607,0.0,0.576,0.3128054740957967,12.3,37,1
p64-d0,64,0,0,1628,3.3564882390001003,1608,0.0,0.576,0.29716520039100686,12.0,37,1
p64-d0,64,0,0,1628,3.3935060829990107,1608,0.0,0.5535,0.29716520039100686,12.0,37,1
p64-d0,64,0,0,1628,3.432524111998646,1608,0.0,0.5715,0.29716520039100686,12.0,37,1
p64-d0,64,0,0,1628,3.470505390998369,1607,0.0,0.5265,0.3128054740957967,12.0,37,1
p64-d0,64,0,0,1628,3.506505596998977,1607,0.0,0.5265,0.3128054740957967,12.3,37,1
p64-d0,64,0,0,1400,0.003988442000263603,1607,0.0,0.5265,0.3128054740957967,12.3,37,1
p64-d0,64,0,0,1400,0.04198794399962935,1607,0.0,0.4815,0.29716520039100686,12.0,37,1
p64-d0,64,0,0,1400,0.07799718699970981,1607,0.0,0.3465,0.25024437927663734,12.0,37,1
p64-d0,64,0,0,1400,0.11499964200083923,1607,0.0,0.1575,0.17204301075268819,12.0,36,1
p64-d0,64,0,0,1400,0.15100092200009385,1608,0.0,0.018,0.06256109481915934,12.0,36,1
p64-d0,64,0,0,1400,0.18702262800070457,1607,0.0,-0.0315,0.03128054740957967,12.0,36,1
p64-d0,64,0,0,1400,0.2240157319993159,1607,0.0,-0.34199999999999997,0.187683284457478,12.0,37,1
p64-d0,64,0,0,1400,0.2610309829997277,1607,0.0,-0.8234999999999999,0.3597262952101662,12.0,37,1
p64-d0,64,0,0,1400,0.29704996700093034,1607,0.0,-1.0034999999999998,0.5474095796676441,12.3,37,1
p64-d0,64,0,0,1400,0.33304604300064966,1587,-46.512,-0.7424999999999999,0.3567937438905181,12.3,36,1
p64-d0,64,0,0,1400,0.3690425460008555,1567,-46.512,-0.6074999999999999,0.2785923753665689,12.3,36,1
p64-d0,64,0,0,1400,0.4050442520001525,1544,-54.720000000000006,-0.3465,0.1681329423264907,12.3,36,1
p64-d0,64,0,0,1400,0.44105803099955665,1522,-46.512,-0.34199999999999997,0.12218963831867058,12.3,36,1
p64-d0,64,0,0,1400,0.4780975979992945,1509,-27.360000000000003,-0.46799999999999997,0.2404692082111437,12.3,36,1
p64-d0,64,0,0,1400,0.51507699800095,1490,-38.304,-0.40049999999999997,0.18670576735092864,12.3,36,1
p64-d0,64,0,0,1400,0.5510758889995486,1481,-19.152,-0.4815,0.30498533724340177,12.3,36,1
p64-d0,64,0,0,1400,0.5870707800004311,1464,-38.304,-0.40499999999999997,0.20234604105571846,12.3,37,1
p64-d0,64,0,0,1400,0.6241051609995338,1451,-30.096000000000004,-0.31949999999999995,0.187683284457478,12.3,37,1
p64-d0,64,0,0,1400,0.6611098390003463,1439,-21.888,-0.3465,0.18963831867057673,12.3,37,1
p64-d0,64,0,0,1400,0.6981001090007339,1432,-19.152,-0.3105,0.21114369501466276,12.3,37,1
p64-d0,64,0,0,1400,0.7351013610004884,1422,-21.888,-0.34199999999999997,0.15835777126099707,12.3,37,1
p64-d0,64,0,0,1400,0.7731057700002566,1424,0.0,-0.603,0.3128054740957967,12.3,37,1
p64-d0,64,0,0,1400,0.8101451319998887,1423,0.0,-0.7649999999999999,0.34408602150537637,12.3,37,1
p64-d0,64,0,0,1400,0.8471347360009531,1424,0.0,-0.7695,0.375366568914956,12.3,37,1
p64-d0,64,0,0,1400,0.8831311089998053,1426,5.472,-0.8729999999999999,0.4173998044965787,12.3,37,1
p64-d0,64,0,0,1400,0.9191321849993983,1426,0.0,-0.9314999999999999,0.4066471163245357,12.3,36,1
p64-d0,64,0,0,1400,0.9561384549997456,1426,0.0,-0.8729999999999999,0.4066471163245357,12.3,36,1
p64-d0,64,0,0,1400,0.9941284199994698,1426,0.0,-0.8775,0.4066471163245357,12.3,36,1
p64-d0,64,0,0,1400,1.0301257179999084,1425,0.0,-0.819,0.39100684261974583,12.3,37,1
p64-d0,64,0,0,1400,1.0661370910002006,1426,0.0,-0.8234999999999999,0.4066471163245357,12.3,37,1
p64-d0,64,0,0,1400,1.1031458800007385,1426,0.0,-0.8729999999999999,0.4066471163245357,12.0,37,1
p64-d0,64,0,0,1400,1.139786338999329,1426,0.0,-0.8775,0.4066471163245357,12.0,37,1
p64-d0,64,0,0,1400,1.175153014000898,1426,0.0,-0.8775,0.4066471163245357,12.0,37,1
p64-d0,64,0,0,1400,1.2121564139997645,1426,0.0,-0.8729999999999999,0.4066471163245357,12.3,37,1
p64-d0,64,0,0,1400,1.2491657770005986,1425,0.0,-0.8639999999999999,0.39100684261974583,12.3,37,1
p64-d0,64,0,0,1400,1.2861695470000996,1425,0.0,-0.8234999999999999,0.39100684261974583,12.3,37,1
p64-d0,64,0,0,1400,1.3241923629993835,1426,0.0,-0.8729999999999999,0.4066471163245357,12.3,37,1
p64-d0,64,0,0,1400,1.3602040320001834,1426,0.0,-0.8729999999999999,0.4066471163245357,12.3,37,1
p64-d0,64,0,0,1400,1.3971959129994502,1426,0.0,-0.8729999999999999,0.4066471163245357,12.3,37,1
p64-d0,64,0,0,1400,1.4352120620005735,1426,0.0,-0.8729999999999999,0.4066471163245357,12.0,37,1
p64-d0,64,0,0,1400,1.4739363530006813,1425,0.0,-0.8729999999999999,0.39100684261974583,12.0,37,1
p64-d0,64,0,0,1400,1.5102251120006258,1426,0.0,-0.8729999999999999,0.4066471163245357,12.0,37,1
p64-d0,64,0,0,1400,1.547257845000786,1426,0.0,-0.8684999999999999,0.4066471163245357,12.0,37,1
p64-d0,64,0,0,1400,1.5842833000006067,1426,0.0,-0.8729999999999999,0.4066471163245357,12.0,37,1
p64-d0,64,0,0,1400,1.620265173000007,1426,0.0,-0.8684999999999999,0.4066471163245357,12.0,37,1
p64-d0,64,0,0,1400,1.656276842000807,1426,0.0,-0.8684999999999999,0.4066471163245357,12.0,37,1
p64-d0,64,0,0,1400,1.692267936999997,1426,0.0,-0.819,0.4066471163245357,12.3,37,1
p64-d0,64,0,0,1400,1.728284808999888,1425,0.0,-0.8684999999999999,0.39100684261974583,12.3,37,1
p64-d0,64,0,0,1400,1.7642976070001168,1426,0.0,-0.8684999999999999,0.4066471163245357,12.3,37,1
p64-d0,64,0,0,1400,1.8013191369991546,1426,0.0,-0.8729999999999999,0.4066471163245357,12.1,37,1
p64-d0,64,0,0,1400,1.8372950650009443,1426,0.0,-0.8729999999999999,0.4066471163245357,12.1,37,1
p64-d0,64,0,0,1400,1.8743044279999594,1426,0.0,-0.8729999999999999,0.4066471163245357,12.1,37,1
p64-d0,64,0,0,1400,1.9103044669991505,1426,0.0,-0.8684999999999999,0.4066471163245357,12.3,37,1
p64-d0,64,0,0,1400,1.9473121449991595,1426,0.0,-0.8684999999999999,0.4066471163245357,12.3,37,1
p64-d0,64,0,0,1400,1.9852999609993276,1426,0.0,-0.8684999999999999,0.4066471163245357,12.3,37,1
p64-d0,64,0,0,1400,2.022298324000076,1426,0.0,-0.8729999999999999,0.4066471163245357,12.3,37,1
p64-d0,64,0,0,1400,2.059318465000615,1426,0.0,-0.8594999999999999,0.4066471163245357,12.3,37,1
p64-d0,64,0,0,1400,2.0962951429992245,1426,0.0,-0.8684999999999999,0.4066471163245357,12.3,37,1
p64-d0,64,0,0,1400,2.1323061999992206,1426,0.0,-0.8729999999999999,0.4066471163245357,12.5,37,1
p64-d0,64,0,0,1400,2.170309350000025,1426,0.0,-0.8684999999999999,0.4066471163245357,12.5,37,1
p64-d0,64,0,0,1400,2.206321351999577,1426,0.0,-0.8729999999999999,0.4066471163245357,12.5,37,1
p64-d0,64,0,0,1400,2.2423179279994656,1426,0.0,-0.8684999999999999,0.4066471163245357,12.5,37,1
p64-d0,64,0,0,1400,2.2793442540005344,1426,0.0,-0.8729999999999999,0.4066471163245357,12.0,37,1
p64-d0,64,0,0,1400,2.3163481909996335,1426,0.0,-0.8684999999999999,0.4066471163245357,12.0,37,1
p64-d0,64,0,0,1400,2.3523634520006453,1426,0.0,-0.8144999999999999,0.4066471163245357,12.0,37,1
p64-d0,64,0,0,1400,2.3883381960004044,1426,0.0,-0.8684999999999999,0.4066471163245357,11.9,37,1
p64-d0,64,0,0,1400,2.4243768640008057,1426,0.0,-0.8684999999999999,0.4066471163245357,11.9,37,1
p64-d0,64,0,0,1400,2.4603725699998904,1426,0.0,-0.8729999999999999,0.4066471163245357,11.9,37,1
p64-d0,64,0,0,1400,2.4963573870008986,1426,0.0,-0.8684999999999999,0.4066471163245357,12.0,37,1
p64-d0,64,0,0,1400,2.5333767869997246,1426,0.0,-0.8684999999999999,0.4066471163245357,12.0,37,1
p64-d0,64,0,0,1400,2.5703787980000925,1426,0.0,-0.8684999999999999,0.4066471163245357,12.0,37,1
p64-d0,64,0,0,1400,2.606383893000384,1426,0.0,-0.8684999999999999,0.4066471163245357,12.3,37,1
p64-d0,64,0,0,1400,2.642387358000633,1426,0.0,-0.8684999999999999,0.4066471163245357,12.3,37,1
p64-d0,64,0,0,1400,2.680387823000274,1426,0.0,-0.8684999999999999,0.4066471163245357,12.3,37,1
p64-d0,64,0,0,1400,2.7204013779992238,1426,0.0,-0.8684999999999999,0.4066471163245357,12.3,37,1
p64-d0,64,0,0,1400,2.7584171569997125,1426,0.0,-0.6615,0.4066471163245357,12.3,37,1
p64-d0,64,0,0,1400,2.796420566000961,1414,-24.624000000000002,-0.22049999999999997,0.1681329423264907,12.3,37,1
p64-d0,64,0,0,1400,2.833416411000144,1409,-8.208,-0.09899999999999999,0.1241446725317693,12.0,37,1
p64-d0,64,0,0,1400,2.869422449999547,1402,-13.680000000000001,-0.0045,0.01857282502443793,12.0,37,1
p64-d0,64,0,0,1400,2.9074174880006467,1403,0.0,-0.018,0.06256109481915934,12.0,37,1
p64-d0,64,0,0,1400,2.943434453000009,1405,5.472,-0.0765,0.10459433040078202,12.0,37,1
p64-d0,64,0,0,1400,2.981428158000199,1411,10.944,-0.19349999999999998,0.19452590420332355,12.3,37,1
p64-d0,64,0,0,1400,3.0194497520005825,1410,0.0,-0.18899999999999997,0.15640273704789834,12.3,37,1
p64-d0,64,0,0,1400,3.0564351150005677,1410,0.0,-0.13049999999999998,0.15640273704789834,12.3,37,1
p64-d0,64,0,0,1400,3.0934701440000936,1406,-5.472,-0.0765,0.12512218963831867,12.3,37,1
p64-d0,64,0,0,1400,3.1304667479998898,1404,-5.472,-0.036,0.06744868035190615,12.3,37,1
p64-d0,64,0,0,1400,3.1664602319997357,1405,0.0,-0.049499999999999995,0.093841642228739,12.3,37,1
p64-d0,64,0,0,1400,3.236488422000548,1408,5.472,-0.0765,0.13587487781036167,12.3,37,1
p64-d0,64,0,0,1400,3.273493951999626,1406,0.0,-0.09899999999999999,0.10948191593352884,12.3,37,1
p64-d0,64,0,0,1400,3.3105113330002496,1408,0.0,-0.0765,0.12512218963831867,12.1,37,1
p64-d0,64,0,0,1400,3.346498557999439,1406,0.0,-0.0765,0.10948191593352884,12.1,37,1
p64-d0,64,0,0,1400,3.384490021999227,1406,0.0,-0.0765,0.10948191593352884,12.1,37,1
p64-d0,64,0,0,1400,3.421498181000061,1406,0.0,-0.0765,0.10948191593352884,12.3,37,1
p64-d0,64,0,0,1400,3.4574862019999273,1406,0.0,-0.1035,0.10948191593352884,12.3,37,1
p64-d0,64,0,0,1400,3.495538443999976,1408,0.0,-0.0765,0.12512218963831867,12.3,37,1
p48-d8-positioning,48,0,8,1400,0.005004061998988618,1406,0.0,0.0,0.011730205278592375,12.3,37,1
p48-d8-positioning,48,0,8,1400,0.04200757299986435,1406,0.0,-0.0045,0.02541544477028348,12.3,37,1
p48-d8-positioning,48,0,8,1400,0.07802707600058056,1406,0.0,-0.0315,0.06256109481915934,12.3,37,1
p48-d8-positioning,48,0,8,1400,0.11401774499972817,1406,0.0,-0.040499999999999994,0.08406647116324535,12.3,37,1
p48-d8-positioning,48,0,8,1400,0.15203026400013187,1406,0.0,-0.036,0.08211143695014662,12.3,37,1
p48-d8-positioning,48,0,8,1400,0.1920326910003496,1406,0.0,-0.036,0.08211143695014662,12.3,37,1
p48-d8-positioning,48,0,8,1400,0.2320400240005256,1406,0.0,-0.036,0.08211143695014662,12.3,37,1
p48-d8-positioning,48,0,8,1400,0.2700372290000814,1406,0.0,-0.036,0.08211143695014662,12.3,37,1
p48-d8-positioning,48,0,8,1400,0.3082660059990303,1406,0.0,-0.036,0.08211143695014662,12.3,37,1
p48-d8-positioning,48,0,8,1400,0.3440497139999934,1406,0.0,-0.036,0.08211143695014662,12.3,37,1
p48-d8-positioning,48,0,8,1400,0.38005818000056024,1406,0.0,-0.036,0.08211143695014662,12.3,37,1
p48-d8-positioning,48,0,8,1400,0.41605047799930617,1406,0.0,-0.036,0.08211143695014662,12.3,37,1
p48-d8-positioning,48,0,8,1400,0.4520659429999796,1406,0.0,-0.040499999999999994,0.08211143695014662,12.3,37,1
p48-d8-positioning,48,0,8,1400,0.4900992780003435,1406,0.0,-0.036,0.08211143695014662,12.3,37,1
p48-d8-positioning,48,0,8,1400,0.5270968259992515,1406,0.0,-0.05399999999999999,0.08211143695014662,12.3,37,1
p48-d8-positioning,48,0,8,1400,0.5630976979991829,1406,0.0,-0.036,0.08211143695014662,12.3,37,1
p48-d8-positioning,48,0,8,1400,0.6000916909997613,1406,0.0,-0.040499999999999994,0.08211143695014662,12.3,37,1
p48-d8-positioning,48,0,8,1400,0.6361006560000533,1406,0.0,-0.040499999999999994,0.08211143695014662,12.3,37,1
p48-d8-positioning,48,0,8,1400,0.6730977600000188,1406,0.0,-0.036,0.08211143695014662,12.3,37,1
p48-d8-positioning,48,0,8,1400,0.7122672499990585,1406,0.0,-0.036,0.08211143695014662,12.3,37,1
p48-d8-positioning,48,0,8,1400,0.7511703719992511,1406,0.0,-0.036,0.08211143695014662,12.3,37,1
p48-d8-positioning,48,0,8,1400,0.7871500229994126,1406,0.0,-0.036,0.08211143695014662,12.3,37,1
p48-d8-positioning,48,0,8,1400,0.8251365239993902,1406,0.0,-0.040499999999999994,0.08211143695014662,12.3,37,1
p48-d8-positioning,48,0,8,1400,0.8631592660003662,1408,0.0,-0.036,0.093841642228739,12.3,37,1
p48-d8-positioning,48,0,8,1400,0.9001414249996742,1406,0.0,-0.05399999999999999,0.08211143695014662,12.3,37,1
p48-d8-positioning,48,0,8,1400,0.9361327610004082,1406,0.0,-0.036,0.08211143695014662,12.3,37,1
p48-d8-positioning,48,0,8,1400,0.9741265960001328,1406,0.0,-0.036,0.08211143695014662,12.3,37,1
p48-d8-positioning,48,0,8,1400,1.0111570139997639,1406,0.0,-0.036,0.08211143695014662,12.3,37,1
p48-d8-positioning,48,0,8,1400,1.0501519690005807,1406,0.0,-0.036,0.08211143695014662,12.3,37,1
p48-d8-positioning,48,0,8,1400,1.1041607779989135,1406,0.0,-0.040499999999999994,0.08211143695014662,12.3,37,1
p48-d8-positioning,48,0,8,1400,1.1401573909988656,1406,0.0,-0.036,0.08211143695014662,12.3,37,1
p48-d8-positioning,48,0,8,1400,1.1781700589999673,1406,0.0,-0.036,0.08211143695014662,12.3,37,1
p48-d8-positioning,48,0,8,1400,1.2142558189989359,1406,0.0,-0.040499999999999994,0.08211143695014662,12.3,37,1
p48-d8-positioning,48,0,8,1400,1.2502001190005103,1406,0.0,-0.036,0.08211143695014662,12.4,37,1
p48-d8-positioning,48,0,8,1400,1.2871829079995223,1406,0.0,-0.036,0.08211143695014662,12.4,37,1
p48-d8-positioning,48,0,8,1400,1.3231885579989466,1406,0.0,-0.036,0.08211143695014662,12.4,37,1
p48-d8-positioning,48,0,8,1400,1.3601956620004785,1406,0.0,-0.036,0.08211143695014662,12.4,37,1
p48-d8-positioning,48,0,8,1400,1.396212163999735,1406,0.0,-0.036,0.08211143695014662,12.3,37,1
p48-d8-positioning,48,0,8,1400,1.4341946650001773,1406,0.0,-0.040499999999999994,0.08211143695014662,12.3,37,1
p48-d8-positioning,48,0,8,1400,1.4742198690000805,1406,0.0,-0.036,0.08211143695014662,12.3,37,1
p48-d8-positioning,48,0,8,1400,1.5142212770006154,1406,0.0,-0.036,0.08211143695014662,12.3,37,1
p48-d8-positioning,48,0,8,1400,1.5512296029992285,1406,0.0,-0.036,0.08211143695014662,12.3,37,1
p48-d8-positioning,48,0,8,1400,1.5892244560000108,1406,0.0,-0.036,0.08211143695014662,12.3,37,1
p48-d8-positioning,48,0,8,1400,1.6252288289997523,1406,0.0,-0.036,0.08211143695014662,12.3,37,1
p48-d8-positioning,48,0,8,1400,1.662241431999064,1406,0.0,-0.040499999999999994,0.08211143695014662,12.3,37,1
p48-d8-positioning,48,0,8,1400,1.699251424999602,1406,0.0,-0.036,0.08211143695014662,12.3,37,1
p48-d8-positioning,48,0,8,1400,1.7362738430001627,1406,0.0,-0.036,0.08211143695014662,12.3,37,1
p48-d8-positioning,48,0,8,1400,1.7762742689992592,1406,0.0,-0.036,0.08211143695014662,12.3,37,1
p48-d8-positioning,48,0,8,1400,1.8162736399990536,1406,0.0,-0.036,0.08211143695014662,12.3,37,1
p48-d8-positioning,48,0,8,1400,1.8532812619996548,1406,0.0,-0.036,0.08211143695014662,12.3,37,1
p48-d8-positioning,48,0,8,1400,1.8912769119997392,1406,0.0,-0.036,0.08211143695014662,12.3,37,1
p48-d8-positioning,48,0,8,1400,1.928281070999219,1406,0.0,-0.036,0.08211143695014662,12.3,37,1
p48-d8-positioning,48,0,8,1400,1.964288203000251,1406,0.0,-0.040499999999999994,0.08211143695014662,12.3,37,1
p48-d8-positioning,48,0,8,1400,2.00229587099966,1406,0.0,-0.036,0.08211143695014662,12.3,37,1
p48-d8-positioning,48,0,8,1400,2.038302928000121,1406,0.0,-0.036,0.08211143695014662,12.3,37,1
p48-d8-positioning,48,0,8,1400,2.075381104999906,1406,0.0,-0.036,0.08211143695014662,12.3,37,1
p48-d8-positioning,48,0,8,1400,2.1133122560004267,1406,0.0,-0.036,0.08211143695014662,12.3,37,1
p48-d8-positioning,48,0,8,1400,2.1503100999998424,1406,0.0,-0.036,0.08211143695014662,12.3,37,1
p48-d8-positioning,48,0,8,1400,2.1863185839993093,1406,0.0,-0.040499999999999994,0.08211143695014662,12.3,37,1
p48-d8-positioning,48,0,8,1400,2.224316492000071,1406,0.0,-0.036,0.08211143695014662,12.3,37,1
p48-d8-positioning,48,0,8,1400,2.260314623999875,1406,0.0,-0.036,0.08211143695014662,12.3,37,1
p48-d8-positioning,48,0,8,1400,2.297317839000243,1406,0.0,-0.036,0.08211143695014662,12.3,37,1
p48-d8-positioning,48,0,8,1400,2.3333387109996693,1406,0.0,-0.036,0.08211143695014662,12.3,37,1
p48-d8-positioning,48,0,8,1400,2.37132632400062,1406,0.0,-0.036,0.08211143695014662,12.3,37,1
p48-d8-positioning,48,0,8,1400,2.4083370200005447,1406,0.0,-0.036,0.08211143695014662,12.3,37,1
p48-d8-positioning,48,0,8,1400,2.4463327249995928,1406,0.0,-0.036,0.08211143695014662,12.3,37,1
p48-d8-positioning,48,0,8,1400,2.483341680999729,1406,0.0,-0.036,0.08211143695014662,12.3,37,1
p48-d8-positioning,48,0,8,1400,2.5203431360005197,1406,0.0,-0.036,0.08211143695014662,12.3,37,1
p48-d8-positioning,48,0,8,1400,2.5583479149991035,1406,0.0,-0.036,0.08211143695014662,12.3,37,1
p48-d8-positioning,48,0,8,1400,2.594361620998825,1406,0.0,-0.036,0.08211143695014662,12.3,37,1
p48-d8-positioning,48,0,8,1400,2.6313661690001027,1406,0.0,-0.036,0.08211143695014662,12.3,37,1
p48-d8-positioning,48,0,8,1400,2.667375634000564,1406,0.0,-0.036,0.08211143695014662,12.3,37,1
p48-d8-positioning,48,0,8,1400,2.703389062000497,1406,0.0,-0.036,0.08211143695014662,12.3,37,1
p48-d8-positioning,48,0,8,1400,2.741379581999354,1406,0.0,-0.05399999999999999,0.08211143695014662,12.3,37,1
p48-d8-positioning,48,0,8,1400,2.777393659000154,1406,0.0,-0.045,0.08211143695014662,12.3,37,1
p48-d8-positioning,48,0,8,1400,2.8144064839998464,1406,0.0,-0.040499999999999994,0.08211143695014662,12.3,37,1
p48-d8-positioning,48,0,8,1400,2.8514065139988816,1406,0.0,-0.036,0.08211143695014662,12.3,37,1
p48-d8-positioning,48,0,8,1400,2.8884073209992494,1406,0.0,-0.040499999999999994,0.08211143695014662,12.3,37,1
p48-d8-positioning,48,0,8,1400,2.925407479999194,1406,0.0,-0.040499999999999994,0.08211143695014662,12.3,37,1
p48-d8-positioning,48,0,8,1400,2.9634171670004434,1406,0.0,-0.036,0.08211143695014662,12.3,37,1
p48-d8-positioning,48,0,8,1400,3.0004206779995,1406,0.0,-0.036,0.08211143695014662,12.4,37,1
p48-d8-positioning,48,0,8,1400,3.036423401999855,1406,0.0,-0.040499999999999994,0.08211143695014662,12.4,37,1
p48-d8-positioning,48,0,8,1400,3.072437959999661,1406,0.0,-0.036,0.08211143695014662,12.4,37,1
p48-d8-positioning,48,0,8,1400,3.1084385180001846,1406,0.0,-0.036,0.08211143695014662,12.4,37,1
p48-d8-positioning,48,0,8,1400,3.1444407609997143,1406,0.0,-0.036,0.08211143695014662,12.3,37,1
p48-d8-positioning,48,0,8,1400,3.180467799998951,1406,0.0,-0.036,0.08211143695014662,12.3,37,1
p48-d8-positioning,48,0,8,1400,3.218468690000009,1406,0.0,-0.040499999999999994,0.08211143695014662,12.3,37,1
p48-d8-positioning,48,0,8,1400,3.2544716550000885,1406,0.0,-0.036,0.08211143695014662,12.3,37,1
p48-d8-positioning,48,0,8,1400,3.2914764809993358,1406,0.0,-0.036,0.08211143695014662,12.3,37,1
p48-d8-positioning,48,0,8,1400,3.3294701680006256,1406,0.0,-0.040499999999999994,0.08211143695014662,12.3,37,1
p48-d8-positioning,48,0,8,1400,3.3654833370001143,1406,0.0,-0.036,0.08211143695014662,12.3,37,1
p48-d8-positioning,48,0,8,1400,3.402498958999786,1406,0.0,-0.040499999999999994,0.08211143695014662,12.3,37,1
p48-d8-positioning,48,0,8,1400,3.4405019969999557,1406,0.0,-0.036,0.08211143695014662,12.3,37,1
p48-d8-positioning,48,0,8,1400,3.4765073509988724,1406,0.0,-0.036,0.08211143695014662,12.3,37,1
p48-d8-positioning,48,0,8,1400,3.513505269000234,1406,0.0,-0.036,0.08211143695014662,12.3,37,1
p48-d8-positioning,48,0,8,1400,3.5495093829995312,1406,0.0,-0.036,0.08211143695014662,12.3,37,1
p48-d8-positioning,48,0,8,1400,3.5855059959994833,1406,0.0,-0.036,0.08211143695014662,12.3,37,1
p48-d8-positioning,48,0,8,1400,3.6225116179994075,1406,0.0,-0.040499999999999994,0.08211143695014662,12.3,37,1
p48-d8-positioning,48,0,8,1400,3.6595191289998183,1406,0.0,-0.036,0.08211143695014662,12.3,37,1
p48-d8-positioning,48,0,8,1400,3.6955300019999413,1406,0.0,-0.036,0.08211143695014662,12.3,37,1
p48-d8-positioning,48,0,8,1400,3.7315270969993435,1406,0.0,-0.036,0.08211143695014662,12.3,37,1
p48-d8-positioning,48,0,8,1400,3.7685346079997544,1406,0.0,-0.036,0.08211143695014662,12.3,37,1
p48-d8-positioning,48,0,8,1400,3.80454592499882,1406,0.0,-0.036,0.08211143695014662,12.3,37,1
p48-d8-positioning,48,0,8,1400,3.840550037999492,1406,0.0,-0.036,0.08211143695014662,12.3,37,1
p48-d8-positioning,48,0,8,1400,3.8775686230001156,1406,0.0,-0.036,0.08211143695014662,12.3,37,1
p48-d8-positioning,48,0,8,1400,3.9145672819995525,1406,0.0,-0.036,0.08211143695014662,12.3,37,1
p48-d8-positioning,48,0,8,1400,3.9505667659996107,1406,0.0,-0.036,0.08211143695014662,12.3,37,1
p48-d8-positioning,48,0,8,1400,3.9885697119989345,1406,0.0,-0.036,0.08211143695014662,12.3,37,1
p48-d8,48,0,8,1628,0.005000876999474713,1406,0.0,-0.040499999999999994,0.08211143695014662,12.3,37,1
p48-d8,48,0,8,1628,0.04101213799913239,1406,0.0,-0.0225,0.06940371456500488,12.3,37,1
p48-d8,48,0,8,1628,0.07800624199990125,1406,0.0,0.0,0.030303030303030304,12.3,37,1
p48-d8,48,0,8,1628,0.1140166519999184,1406,0.0,0.0,0.01857282502443793,12.3,37,1
p48-d8,48,0,8,1628,0.1510170889996516,1406,0.0,0.063,0.08993157380254155,12.3,37,1
p48-d8,48,0,8,1628,0.18802282199976617,1406,0.0,0.2565,0.17497556207233628,12.3,37,1
p48-d8,48,0,8,1628,0.22502018499835685,1406,0.0,0.477,0.28347996089931576,12.3,37,1
p48-d8,48,0,8,1628,0.261052705000111,1415,21.888,0.477,0.26295210166177907,12.3,37,1
p48-d8,48,0,8,1628,0.29904061399975035,1422,13.680000000000001,0.693,0.34408602150537637,12.3,37,1
p48-d8,48,0,8,1628,0.3360422359983204,1438,38.304,0.5355,0.2561094819159335,12.3,37,1
p48-d8,48,0,8,1628,0.37204334999842104,1456,38.304,0.513,0.2238514173998045,12.0,37,1
p48-d8,48,0,8,1628,0.4100383509994572,1475,41.040000000000006,0.33299999999999996,0.20625610948191594,12.0,37,1
p48-d8,48,0,8,1628,0.4460820749991399,1493,41.040000000000006,0.306,0.20821114369501467,12.0,37,1
p48-d8,48,0,8,1628,0.48206420699898445,1511,38.304,0.3735,0.20039100684261973,12.3,37,1
p48-d8,48,0,8,1628,0.5200643009993655,1528,38.304,0.37799999999999995,0.2013685239491691,12.3,37,1
p48-d8,48,0,8,1628,0.5560861369995109,1546,35.568000000000005,0.3555,0.16911045943304007,12.3,37,1
p48-d8,48,0,8,1628,0.5930959439992876,1557,21.888,0.3015,0.22776148582600195,12.3,37,1
p48-d8,48,0,8,1628,0.629094982999959,1570,27.360000000000003,0.4095,0.18670576735092864,12.3,37,1
p48-d8,48,0,8,1628,0.6650960779988964,1570,0.0,0.837,0.38025415444770283,12.3,37,1
p48-d8,48,0,8,1628,0.7020933299991157,1579,24.624000000000002,0.5175,0.2981427174975562,12.3,37,1
p48-d8,48,0,8,1628,0.7391018959988287,1589,16.416,0.5355,0.2805474095796676,12.0,37,1
p48-d8,48,0,8,1628,0.7751235469986568,1601,30.096000000000004,0.2115,0.1603128054740958,12.0,37,1
p48-d8,48,0,8,1628,0.8111318449991813,1609,13.680000000000001,0.22949999999999998,0.14076246334310852,12.0,37,1
p48-d8,48,0,8,1628,0.8481237449996115,1609,0.0,0.2925,0.2013685239491691,12.1,37,1
p48-d8,48,0,8,1628,0.8861324689987669,1608,0.0,0.36,0.22482893450635386,12.1,37,1
p48-d8,48,0,8,1628,0.9221247299992683,1602,-13.680000000000001,0.5399999999999999,0.32942326490713586,12.1,37,1
p48-d8,48,0,8,1628,0.9591386489992146,1602,0.0,0.513,0.2932551319648094,12.3,37,1
p48-d8,48,0,8,1628,0.9961386409995612,1602,0.0,0.5175,0.2932551319648094,12.3,37,1
p48-d8,48,0,8,1628,1.0331454479983222,1604,0.0,0.40499999999999997,0.26588465298142716,12.3,37,1
p48-d8,48,0,8,1628,1.0691438209996704,1607,5.472,0.3465,0.21994134897360704,12.5,37,1
p48-d8,48,0,8,1628,1.1051554899986513,1607,0.0,0.351,0.23460410557184752,12.5,37,1
p48-d8,48,0,8,1628,1.1411616030000005,1607,0.0,0.3465,0.23460410557184752,12.5,37,1
p48-d8,48,0,8,1628,1.179152400998646,1605,-5.472,0.4185,0.27174975562072334,12.1,37,1
p48-d8,48,0,8,1628,1.2151749589993415,1604,0.0,0.44549999999999995,0.270772238514174,12.1,37,1
p48-d8,48,0,8,1628,1.251184923999972,1604,0.0,0.44549999999999995,0.2697947214076246,12.1,37,1
p48-d8,48,0,8,1628,1.2871952219993545,1605,0.0,0.4095,0.2570869990224829,12.1,37,1
p48-d8,48,0,8,1628,1.3231925389991375,1605,0.0,0.414,0.25806451612903225,12.3,37,1
p48-d8,48,0,8,1628,1.3591912819993013,1605,0.0,0.4095,0.25806451612903225,12.3,37,1
p48-d8,48,0,8,1628,1.3952175249996799,1604,0.0,0.4185,0.270772238514174,12.3,37,1
p48-d8,48,0,8,1628,1.4322168509988842,1604,0.0,0.44549999999999995,0.270772238514174,12.3,37,1
p48-d8,48,0,8,1628,1.469208324999272,1605,0.0,0.44549999999999995,0.2570869990224829,12.3,37,1
p48-d8,48,0,8,1628,1.5062230579987954,1605,0.0,0.4095,0.2570869990224829,12.3,37,1
p48-d8,48,0,8,1628,1.544219355999303,1605,0.0,0.414,0.25806451612903225,12.3,37,1
p48-d8,48,0,8,1628,1.5802328209992993,1605,0.0,0.414,0.25806451612903225,12.3,37,1
p48-d8,48,0,8,1628,1.6172344249989692,1605,0.0,0.44549999999999995,0.25806451612903225,12.3,37,1
p48-d8,48,0,8,1628,1.6552458699989074,1604,0.0,0.414,0.2697947214076246,12.3,37,1
p48-d8,48,0,8,1628,1.6922553069998685,1604,0.0,0.414,0.2697947214076246,12.3,37,1
p48-d8,48,0,8,1628,1.7302436969985138,1604,0.0,0.4095,0.2697947214076246,12.3,37,1
p48-d8,48,0,8,1628,1.767262226998355,1605,0.0,0.414,0.25806451612903225,12.3,37,1
p48-d8,48,0,8,1628,1.8042760709995491,1605,0.0,0.44549999999999995,0.25806451612903225,12.3,37,1
p48-d8,48,0,8,1628,1.8402779249991,1604,0.0,0.4095,0.2697947214076246,12.3,37,1
p48-d8,48,0,8,1628,1.876285389998884,1604,0.0,0.44549999999999995,0.2697947214076246,12.3,37,1
p48-d8,48,0,8,1628,1.9122838739986037,1605,0.0,0.4095,0.25806451612903225,12.3,37,1
p48-d8,48,0,8,1628,1.950287578998541,1605,0.0,0.4095,0.25806451612903225,12.3,37,1
p48-d8,48,0,8,1628,1.9872825899983582,1605,0.0,0.4095,0.25806451612903225,12.3,37,1
p48-d8,48,0,8,1628,2.0243083049990673,1604,0.0,0.414,0.2697947214076246,12.3,37,1
p48-d8,48,0,8,1628,2.0613054829991597,1605,0.0,0.44999999999999996,0.25806451612903225,12.3,37,1
p48-d8,48,0,8,1628,2.098319641998387,1605,0.0,0.4095,0.25806451612903225,12.3,37,1
p48-d8,48,0,8,1628,2.1353088010000647,1605,0.0,0.414,0.25806451612903225,12.3,37,1
p48-d8,48,0,8,1628,2.174310106998746,1605,0.0,0.414,0.25806451612903225,12.3,37,1
p48-d8,48,0,8,1628,2.210308775998783,1605,0.0,0.414,0.25806451612903225,12.3,37,1
p48-d8,48,0,8,1628,2.247316934999617,1604,0.0,0.414,0.2697947214076246,12.3,37,1
p48-d8,48,0,8,1628,2.2843180389991176,1604,0.0,0.44549999999999995,0.2697947214076246,12.3,37,1
p48-d8,48,0,8,1628,2.3213256979997823,1604,0.0,0.4095,0.2697947214076246,12.3,37,1
p48-d8,48,0,8,1628,2.358325931998479,1605,0.0,0.44549999999999995,0.25806451612903225,12.3,37,1
p48-d8,48,0,8,1628,2.396826316999068,1605,0.0,0.44099999999999995,0.25806451612903225,12.3,37,1
p48-d8,48,0,8,1628,2.432333879998623,1605,0.0,0.44549999999999995,0.25806451612903225,12.3,37,1
p48-d8,48,0,8,1628,2.469351130999712,1605,0.0,0.44099999999999995,0.25806451612903225,12.0,37,1
p48-d8,48,0,8,1628,2.507346743999733,1604,0.0,0.414,0.2697947214076246,12.0,37,1
p48-d8,48,0,8,1628,2.544358661998558,1605,0.0,0.4095,0.25806451612903225,12.0,37,1
p48-d8,48,0,8,1628,2.5813577839999198,1605,0.0,0.4095,0.25806451612903225,12.1,37,1
p48-d8,48,0,8,1628,2.6183932949988957,1605,0.0,0.44549999999999995,0.25806451612903225,12.1,37,1
p48-d8,48,0,8,1628,2.654379148998487,1605,0.0,0.44549999999999995,0.25806451612903225,12.1,37,1
p48-d8,48,0,8,1628,2.6913796049993834,1605,0.0,0.4095,0.25806451612903225,12.3,37,1
p48-d8,48,0,8,1628,2.727392847998999,1605,0.0,0.414,0.25806451612903225,12.3,37,1
p48-d8,48,0,8,1628,2.7643906549983512,1605,0.0,0.44099999999999995,0.25806451612903225,12.3,37,1
p48-d8,48,0,8,1628,2.8013984439985506,1605,0.0,0.414,0.25806451612903225,12.3,37,1
p48-d8,48,0,8,1628,2.838414213998476,1605,0.0,0.44549999999999995,0.25806451612903225,12.0,37,1
p48-d8,48,0,8,1628,2.8744191239984502,1605,0.0,0.44549999999999995,0.25806451612903225,12.0,37,1
p48-d8,48,0,8,1628,2.973436161999416,1605,0.0,0.414,0.25806451612903225,12.1,37,1
p48-d8,48,0,8,1628,3.0104558399998496,1604,0.0,0.44549999999999995,0.2697947214076246,12.1,37,1
p48-d8,48,0,8,1628,3.046455507999781,1605,0.0,0.44549999999999995,0.25806451612903225,12.3,37,1
p48-d8,48,0,8,1628,3.084497157999067,1605,0.0,0.44549999999999995,0.25806451612903225,12.3,37,1
p48-d8,48,0,8,1628,3.1205043449990626,1605,0.0,0.44549999999999995,0.25806451612903225,12.3,37,1
p48-d8,48,0,8,1628,3.1604599009988306,1605,0.0,0.4095,0.25806451612903225,12.3,37,1
p48-d8,48,0,8,1628,3.1984819769986643,1604,0.0,0.414,0.2697947214076246,12.3,37,1
p48-d8,48,0,8,1628,3.236519458998373,1605,0.0,0.4095,0.25806451612903225,12.3,37,1
p48-d8,48,0,8,1628,3.2734825079987786,1605,0.0,0.414,0.25806451612903225,12.3,37,1
p48-d8,48,0,8,1628,3.31149324999933,1605,0.0,0.414,0.25806451612903225,12.3,37,1
p48-d8,48,0,8,1628,3.348494778998429,1604,0.0,0.4095,0.2697947214076246,12.3,37,1
p48-d8,48,0,8,1628,3.385506530999919,1604,0.0,0.4095,0.2697947214076246,12.3,37,1
p48-d8,48,0,8,1628,3.421511439999449,1604,0.0,0.44549999999999995,0.2697947214076246,12.3,37,1
p48-d8,48,0,8,1628,3.457516479998958,1604,0.0,0.44549999999999995,0.2697947214076246,12.3,37,1
p48-d8,48,0,8,1628,3.4955021659989143,1605,0.0,0.44549999999999995,0.25806451612903225,12.3,37,1
p48-d8,48,0,8,1400,0.0039892759996291716,1605,0.0,0.4095,0.25806451612903225,12.3,37,1
p48-d8,48,0,8,1400,0.04000050000104238,1604,0.0,0.34199999999999997,0.2570869990224829,12.3,37,1
p48-d8,48,0,8,1400,0.07600537300095311,1605,0.0,0.24749999999999997,0.20821114369501467,12.3,37,1
p48-d8,48,0,8,1400,0.11302651299956779,1605,0.0,0.11699999999999999,0.14565004887585534,12.3,37,1
p48-d8,48,0,8,1400,0.15000448700084235,1605,0.0,0.013499999999999998,0.07429130009775171,12.3,37,1
p48-d8,48,0,8,1400,0.18601089699950535,1604,0.0,0.0,0.0,12.3,37,1
p48-d8,48,0,8,1400,0.2220126030006213,1605,0.0,-0.16199999999999998,0.12023460410557185,12.3,37,1
p48-d8,48,0,8,1400,0.2600218820007285,1605,0.0,-0.5265,0.2619745845552297,12.3,37,1
p48-d8,48,0,8,1400,0.3000995109996438,1605,0.0,-0.72,0.4173998044965787,12.3,37,1
p48-d8,48,0,8,1400,0.34011993700005405,1590,-35.568000000000005,-0.7605,0.3362658846529814,12.3,37,1
p48-d8,48,0,8,1400,0.38011212300079933,1571,-38.304,-0.693,0.30498533724340177,12.3,37,1
p48-d8,48,0,8,1400,0.4171053749996645,1549,-49.248000000000005,-0.4275,0.2179863147605083,12.3,37,1
p48-d8,48,0,8,1400,0.454115885999272,1523,-51.984,-0.315,0.14076246334310852,12.3,37,1
p48-d8,48,0,8,1400,0.4911007860009704,1506,-35.568000000000005,-0.32849999999999996,0.18475073313782991,12.3,37,1
p48-d8,48,0,8,1400,0.5271273809994454,1490,-32.832,-0.27449999999999997,0.17790811339198437,12.3,37,1
p48-d8,48,0,8,1400,0.5630976800002827,1478,-24.624000000000002,-0.34199999999999997,0.22189638318670576,12.3,37,1
p48-d8,48,0,8,1400,0.6011255880002864,1464,-27.360000000000003,-0.40499999999999997,0.2130987292277615,12.3,37,1
p48-d8,48,0,8,1400,0.641119959000207,1452,-27.360000000000003,-0.31949999999999995,0.21114369501466276,12.3,37,1
p48-d8,48,0,8,1400,0.6811235519999173,1441,-16.416,-0.44999999999999996,0.2238514173998045,12.0,37,1
p48-d8,48,0,8,1400,0.7211316259999876,1441,0.0,-0.6615,0.34995112414467255,12.0,37,1
p48-d8,48,0,8,1400,0.7591306280010031,1433,-21.888,-0.43199999999999994,0.2668621700879765,12.0,37,1
p48-d8,48,0,8,1400,0.7961653610000212,1427,-8.208,-0.5489999999999999,0.2756598240469208,12.0,37,1
p48-d8,48,0,8,1400,0.8331315569994331,1425,-5.472,-0.49949999999999994,0.2825024437927664,12.0,37,1
p48-d8,48,0,8,1400,0.8691444670002966,1421,-10.944,-0.36,0.21700879765395895,12.0,37,1
p48-d8,48,0,8,1400,0.9051473950003128,1422,0.0,-0.4095,0.2590420332355816,12.3,37,1
p48-d8,48,0,8,1400,0.9411303790002421,1422,0.0,-0.44099999999999995,0.25806451612903225,12.3,37,1
p48-d8,48,0,8,1400,0.9791395280008146,1426,8.208,-0.5579999999999999,0.32649071358748777,12.3,37,1
p48-d8,48,0,8,1400,1.0161602610005502,1426,0.0,-0.5399999999999999,0.30498533724340177,12.0,37,1
p48-d8,48,0,8,1400,1.05214757900103,1426,0.0,-0.5399999999999999,0.30498533724340177,12.0,37,1
p48-d8,48,0,8,1400,1.0891488300003402,1425,0.0,-0.46349999999999997,0.29227761485826004,12.0,37,1
p48-d8,48,0,8,1400,1.1251727580001898,1423,0.0,-0.43649999999999994,0.2678396871945259,12.0,37,1
p48-d8,48,0,8,1400,1.16217071400024,1424,0.0,-0.4725,0.2825024437927664,12.3,37,1
p48-d8,48,0,8,1400,1.2011691499992594,1424,0.0,-0.4725,0.28152492668621704,12.3,37,1
p48-d8,48,0,8,1400,1.2371758740009682,1424,0.0,-0.504,0.28152492668621704,12.3,37,1
p48-d8,48,0,8,1400,1.273195117000796,1424,0.0,-0.46799999999999997,0.28152492668621704,12.3,37,1
p48-d8,48,0,8,1400,1.3091968789995008,1424,0.0,-0.4725,0.28152492668621704,12.3,37,1
p48-d8,48,0,8,1400,1.3452101959992433,1424,0.0,-0.4725,0.28152492668621704,12.3,37,1
p48-d8,48,0,8,1400,1.3832029929999408,1424,0.0,-0.4725,0.28152492668621704,12.3,37,1
p48-d8,48,0,8,1400,1.420240040999488,1424,0.0,-0.4725,0.28152492668621704,12.3,37,1
p48-d8,48,0,8,1400,1.456222857999819,1424,0.0,-0.46799999999999997,0.28152492668621704,12.3,37,1
p48-d8,48,0,8,1400,1.4942491370002244,1425,0.0,-0.4725,0.2932551319648094,12.3,37,1
p48-d8,48,0,8,1400,1.531230055999913,1424,0.0,-0.4725,0.28152492668621704,12.3,37,1
p48-d8,48,0,8,1400,1.5672298360004788,1424,0.0,-0.4725,0.28152492668621704,12.3,37,1
p48-d8,48,0,8,1400,1.6042187729999569,1424,0.0,-0.4725,0.28152492668621704,12.3,37,1
p48-d8,48,0,8,1400,1.6402179790002265,1425,0.0,-0.504,0.2932551319648094,12.3,37,1
p48-d8,48,0,8,1400,1.6772465640005976,1425,0.0,-0.4725,0.2932551319648094,12.3,37,1
p48-d8,48,0,8,1400,1.7132458070009307,1424,0.0,-0.49949999999999994,0.28152492668621704,12.3,37,1
p48-d8,48,0,8,1400,1.752240649999294,1424,0.0,-0.4725,0.28152492668621704,12.3,37,1
p48-d8,48,0,8,1400,1.7922681140007626,1424,0.0,-0.4725,0.28152492668621704,12.3,37,1
p48-d8,48,0,8,1400,1.8322730029995,1424,0.0,-0.4725,0.28152492668621704,12.3,37,1
p48-d8,48,0,8,1400,1.8692631810008606,1425,0.0,-0.4725,0.2932551319648094,12.3,37,1
p48-d8,48,0,8,1400,1.9072553120004159,1424,0.0,-0.4725,0.28152492668621704,12.3,37,1
p48-d8,48,0,8,1400,1.9442801000004692,1424,0.0,-0.4725,0.28152492668621704,12.3,37,1
p48-d8,48,0,8,1400,2.0413118619999295,1424,0.0,-0.46799999999999997,0.28152492668621704,12.3,37,1
p48-d8,48,0,8,1400,2.0782961879995128,1424,0.0,-0.4725,0.28152492668621704,12.0,37,1
p48-d8,48,0,8,1400,2.115317290999883,1424,0.0,-0.4725,0.28152492668621704,12.0,37,1
p48-d8,48,0,8,1400,2.1513026270004048,1424,0.0,-0.4725,0.28152492668621704,12.0,37,1
p48-d8,48,0,8,1400,2.1893042949996016,1424,0.0,-0.4725,0.28152492668621704,12.3,37,1
p48-d8,48,0,8,1400,2.2253050569997868,1424,0.0,-0.4725,0.28152492668621704,12.3,37,1
p48-d8,48,0,8,1400,2.2653383899996697,1424,0.0,-0.46799999999999997,0.28152492668621704,12.3,37,1
p48-d8,48,0,8,1400,2.305323390999547,1424,0.0,-0.4725,0.28152492668621704,12.3,37,1
p48-d8,48,0,8,1400,2.3423090310006955,1424,0.0,-0.4725,0.28152492668621704,12.3,37,1
p48-d8,48,0,8,1400,2.3803118289997656,1424,0.0,-0.46799999999999997,0.28152492668621704,12.3,37,1
p48-d8,48,0,8,1400,2.4173338399996283,1424,0.0,-0.46799999999999997,0.28152492668621704,12.0,37,1
p48-d8,48,0,8,1400,2.453329063999263,1424,0.0,-0.46799999999999997,0.28152492668621704,12.0,37,1
p48-d8,48,0,8,1400,2.4913304729998345,1424,0.0,-0.4725,0.28152492668621704,12.0,37,1
p48-d8,48,0,8,1400,2.5273637900008907,1424,0.0,-0.4725,0.28152492668621704,12.0,37,1
p48-d8,48,0,8,1400,2.564374597001006,1424,0.0,-0.4725,0.28152492668621704,12.0,37,1
p48-d8,48,0,8,1400,2.6023695250005403,1424,0.0,-0.4725,0.28152492668621704,12.0,37,1
p48-d8,48,0,8,1400,2.640769003999594,1424,0.0,-0.46799999999999997,0.28152492668621704,12.0,37,1
p48-d8,48,0,8,1400,2.6763740469996264,1424,0.0,-0.4725,0.28152492668621704,12.3,37,1
p48-d8,48,0,8,1400,2.714365178000662,1424,0.0,-0.4725,0.28152492668621704,12.3,37,1
p48-d8,48,0,8,1400,2.750379327999326,1424,0.0,-0.46799999999999997,0.28152492668621704,12.3,37,1
p48-d8,48,0,8,1400,2.7873949320000975,1424,0.0,-0.46799999999999997,0.28152492668621704,12.0,37,1
p48-d8,48,0,8,1400,2.8234016740007064,1424,0.0,-0.4725,0.28152492668621704,12.0,37,1
p48-d8,48,0,8,1400,2.8593946210003196,1424,0.0,-0.4725,0.28152492668621704,12.0,37,1
p48-d8,48,0,8,1400,2.897409029999835,1424,0.0,-0.4725,0.28152492668621704,12.3,37,1
p48-d8,48,0,8,1400,2.9344080589999066,1424,0.0,-0.46799999999999997,0.28152492668621704,12.3,37,1
p48-d8,48,0,8,1400,2.9704797829999734,1424,0.0,-0.4725,0.28152492668621704,12.3,37,1
p48-d8,48,0,8,1400,3.0064233419998345,1424,0.0,-0.4725,0.28152492668621704,12.3,37,1
p48-d8,48,0,8,1400,3.0424139549995743,1424,0.0,-0.4725,0.28152492668621704,12.3,37,1
p48-d8,48,0,8,1400,3.0804228270008025,1424,0.0,-0.46799999999999997,0.28152492668621704,12.3,37,1
p48-d8,48,0,8,1400,3.1164265139996132,1424,0.0,-0.46799999999999997,0.28152492668621704,12.3,37,1
p48-d8,48,0,8,1400,3.1534403580008075,1425,0.0,-0.46799999999999997,0.2932551319648094,12.3,37,1
p48-d8,48,0,8,1400,3.1914326010009972,1424,0.0,-0.4725,0.28152492668621704,12.3,37,1
p48-d8,48,0,8,1400,3.2274440840010357,1424,0.0,-0.46799999999999997,0.28152492668621704,12.3,37,1
p48-d8,48,0,8,1400,3.2654708629997913,1424,0.0,-0.46799999999999997,0.28152492668621704,12.3,37,1
p48-d8,48,0,8,1400,3.3044376140005625,1424,0.0,-0.46799999999999997,0.28152492668621704,12.3,37,1
p48-d8,48,0,8,1400,3.342473949000123,1424,0.0,-0.4725,0.28152492668621704,12.3,37,1
p48-d8,48,0,8,1400,3.379509237000093,1424,0.0,-0.46799999999999997,0.28152492668621704,12.3,37,1
p48-d8,48,0,8,1400,3.4164937299992744,1424,0.0,-0.46799999999999997,0.28152492668621704,12.3,37,1
p48-d8,48,0,8,1400,3.4545167870001023,1424,0.0,-0.46799999999999997,0.28152492668621704,12.3,37,1
p48-d8,48,0,8,1400,3.4915711489993555,1425,0.0,-0.46799999999999997,0.2932551319648094,12.3,37,1
p64-d8-positioning,64,0,8,1400,0.003994701999545214,1424,0.0,0.0,0.0,12.3,37,1
p64-d8-positioning,64,0,8,1400,0.04001775999859092,1424,0.0,-0.0045,0.016617790811339198,12.3,37,1
p64-d8-positioning,64,0,8,1400,0.07615179799904581,1424,0.0,-0.040499999999999994,0.06647116324535679,12.3,37,1
p64-d8-positioning,64,0,8,1400,0.11404398499871604,1424,0.0,-0.1755,0.14760508308895406,12.3,37,1
p64-d8-positioning,64,0,8,1400,0.15103325599920936,1425,0.0,-0.44999999999999996,0.2590420332355816,12.3,37,1
p64-d8-positioning,64,0,8,1400,0.1870707569996739,1424,0.0,-0.5804999999999999,0.30303030303030304,12.3,37,1
p64-d8-positioning,64,0,8,1400,0.22502177800015488,1424,0.0,-0.729,0.364613880742913,12.3,37,1
p64-d8-positioning,64,0,8,1400,0.2610430759996234,1424,0.0,-0.7695,0.37732160312805474,12.3,37,1
p64-d8-positioning,64,0,8,1400,0.29817827099941496,1424,0.0,-0.7649999999999999,0.375366568914956,12.3,37,1
p64-d8-positioning,64,0,8,1400,0.3360546069998236,1424,0.0,-0.8055,0.375366568914956,12.3,37,1
p64-d8-positioning,64,0,8,1400,0.3720555539985071,1424,0.0,-0.7649999999999999,0.375366568914956,12.3,37,1
p64-d8-positioning,64,0,8,1400,0.4090545459985151,1424,0.0,-0.7649999999999999,0.375366568914956,12.3,37,1
p64-d8-positioning,64,0,8,1400,0.44509154799925454,1424,0.0,-0.8144999999999999,0.375366568914956,12.3,37,1
p64-d8-positioning,64,0,8,1400,0.4810900499996933,1424,0.0,-0.7649999999999999,0.375366568914956,12.0,37,1
p64-d8-positioning,64,0,8,1400,0.5170810899999196,1424,0.0,-0.7649999999999999,0.375366568914956,12.0,37,1
p64-d8-positioning,64,0,8,1400,0.5530900549983926,1424,0.0,-0.7649999999999999,0.375366568914956,12.0,37,1
p64-d8-positioning,64,0,8,1400,0.591093777999049,1424,0.0,-0.819,0.375366568914956,12.0,37,1
p64-d8-positioning,64,0,8,1400,0.6271065949986223,1424,0.0,-0.7649999999999999,0.375366568914956,12.0,37,1
p64-d8-positioning,64,0,8,1400,0.6640999029987142,1424,0.0,-0.7695,0.375366568914956,12.0,37,1
p64-d8-positioning,64,0,8,1400,0.7001356269993266,1424,0.0,-0.7649999999999999,0.375366568914956,12.0,37,1
p64-d8-positioning,64,0,8,1400,0.7361361849998502,1424,0.0,-0.7605,0.375366568914956,12.3,37,1
p64-d8-positioning,64,0,8,1400,0.7731589359991631,1424,0.0,-0.7649999999999999,0.375366568914956,12.3,37,1
p64-d8-positioning,64,0,8,1400,0.8101634099984949,1424,0.0,-0.7605,0.375366568914956,12.3,37,1
p64-d8-positioning,64,0,8,1400,0.8461655049995898,1424,0.0,-0.7605,0.375366568914956,11.9,37,1
p64-d8-positioning,64,0,8,1400,0.8841385809992062,1424,0.0,-0.7649999999999999,0.375366568914956,11.9,37,1
p64-d8-positioning,64,0,8,1400,0.9211721100000432,1424,0.0,-0.7605,0.375366568914956,11.9,37,1
p64-d8-positioning,64,0,8,1400,0.9571709639985784,1422,-5.472,-0.44999999999999996,0.3304007820136852,12.3,37,1
p64-d8-positioning,64,0,8,1400,0.9951563729991904,1412,-19.152,-0.1755,0.1348973607038123,12.3,37,1
p64-d8-positioning,64,0,8,1400,1.0311732270001812,1408,-8.208,-0.06749999999999999,0.10361681329423265,12.3,37,1
p64-d8-positioning,64,0,8,1400,1.0681854049998947,1404,-5.472,-0.049499999999999995,0.0635386119257087,12.3,37,1
p64-d8-positioning,64,0,8,1400,1.1041796289991908,1406,0.0,-0.08099999999999999,0.1104594330400782,12.3,37,1
p64-d8-positioning,64,0,8,1400,1.1401985199991032,1409,5.472,-0.1755,0.1544477028347996,12.3,37,1
p64-d8-positioning,64,0,8,1400,1.1762055780000082,1412,5.472,-0.23399999999999999,0.20234604105571846,12.3,37,1
p64-d8-positioning,64,0,8,1400,1.2121904879986687,1412,0.0,-0.22949999999999998,0.187683284457478,12.3,37,1
p64-d8-positioning,64,0,8,1400,1.2492039249991649,1411,0.0,-0.18899999999999997,0.1710654936461388,12.3,37,1
p64-d8-positioning,64,0,8,1400,1.2862037319991941,1409,0.0,-0.09899999999999999,0.1378299120234604,12.3,37,1
p64-d8-positioning,64,0,8,1400,1.3231985759994132,1408,0.0,-0.1035,0.1241446725317693,12.3,37,1
p64-d8-positioning,64,0,8,1400,1.3612105960000918,1408,0.0,-0.1035,0.12512218963831867,12.3,37,1
p64-d8-positioning,64,0,8,1400,1.3972077469989017,1408,0.0,-0.13499999999999998,0.12512218963831867,12.3,37,1
p64-d8-positioning,64,0,8,1400,1.4342164429999684,1409,0.0,-0.13049999999999998,0.14076246334310852,12.3,37,1
p64-d8-positioning,64,0,8,1400,1.4702041119999194,1409,0.0,-0.13499999999999998,0.14076246334310852,12.3,37,1
p64-d8-positioning,64,0,8,1400,1.5062153919989214,1409,0.0,-0.13049999999999998,0.14076246334310852,12.3,37,1
p64-d8-positioning,64,0,8,1400,1.543228217999058,1409,0.0,-0.13049999999999998,0.14076246334310852,12.3,37,1
p64-d8-positioning,64,0,8,1400,1.5802358029995958,1409,0.0,-0.13049999999999998,0.14076246334310852,12.3,37,1
p64-d8-positioning,64,0,8,1400,1.616254212000058,1409,0.0,-0.13049999999999998,0.14076246334310852,12.3,37,1
p64-d8-positioning,64,0,8,1400,1.652279935999104,1409,0.0,-0.13499999999999998,0.14076246334310852,12.3,37,1
p64-d8-positioning,64,0,8,1400,1.6882579019984405,1409,0.0,-0.13499999999999998,0.14076246334310852,12.3,37,1
p64-d8-positioning,64,0,8,1400,1.7262774769988027,1409,0.0,-0.1035,0.14076246334310852,12.3,37,1
p64-d8-positioning,64,0,8,1400,1.7632735070001218,1409,0.0,-0.13049999999999998,0.14076246334310852,12.3,37,1
p64-d8-positioning,64,0,8,1400,1.8002712210000027,1409,0.0,-0.13499999999999998,0.14076246334310852,12.3,37,1
p64-d8-positioning,64,0,8,1400,1.8372713809985726,1409,0.0,-0.13499999999999998,0.14076246334310852,12.3,37,1
p64-d8-positioning,64,0,8,1400,1.874313483998776,1409,0.0,-0.13049999999999998,0.14076246334310852,12.3,37,1
p64-d8-positioning,64,0,8,1400,1.9103130789990246,1409,0.0,-0.13049999999999998,0.14076246334310852,12.3,37,1
p64-d8-positioning,64,0,8,1400,1.946298154998658,1409,0.0,-0.13499999999999998,0.14076246334310852,12.3,37,1
p64-d8-positioning,64,0,8,1400,1.9822885649991804,1409,0.0,-0.13049999999999998,0.13978494623655913,12.3,37,1
p64-d8-positioning,64,0,8,1400,2.0202960110000276,1409,0.0,-0.13049999999999998,0.14076246334310852,12.3,37,1
p64-d8-positioning,64,0,8,1400,2.059330334999686,1409,0.0,-0.13499999999999998,0.14076246334310852,12.3,37,1
p64-d8-positioning,64,0,8,1400,2.0963074949995644,1409,0.0,-0.13499999999999998,0.14076246334310852,12.3,37,1
p64-d8-positioning,64,0,8,1400,2.1333135979984945,1409,0.0,-0.13499999999999998,0.14076246334310852,12.3,37,1
p64-d8-positioning,64,0,8,1400,2.1713348960001895,1409,0.0,-0.13049999999999998,0.14076246334310852,12.3,37,1
p64-d8-positioning,64,0,8,1400,2.207359287000145,1409,0.0,-0.1035,0.14076246334310852,12.3,37,1
p64-d8-positioning,64,0,8,1400,2.2443441870000242,1409,0.0,-0.13049999999999998,0.14173998044965788,12.1,37,1
p64-d8-positioning,64,0,8,1400,2.2803538929983915,1409,0.0,-0.13499999999999998,0.14076246334310852,12.1,37,1
p64-d8-positioning,64,0,8,1400,2.316340505998596,1409,0.0,-0.13049999999999998,0.14076246334310852,12.1,37,1
p64-d8-positioning,64,0,8,1400,2.3543373779994,1409,0.0,-0.13049999999999998,0.14076246334310852,12.1,37,1
p64-d8-positioning,64,0,8,1400,2.3913522219991137,1409,0.0,-0.13049999999999998,0.14076246334310852,12.1,37,1
p64-d8-positioning,64,0,8,1400,2.427351483998791,1409,0.0,-0.13499999999999998,0.14076246334310852,12.1,37,1
p64-d8-positioning,64,0,8,1400,2.4633667819998664,1409,0.0,-0.13499999999999998,0.14076246334310852,12.3,37,1
p64-d8-positioning,64,0,8,1400,2.5013731170001847,1409,0.0,-0.13049999999999998,0.14076246334310852,12.3,37,1
p64-d8-positioning,64,0,8,1400,2.539373395999064,1409,0.0,-0.13049999999999998,0.14076246334310852,12.3,37,1
p64-d8-positioning,64,0,8,1400,2.5753724169990164,1409,0.0,-0.13049999999999998,0.14076246334310852,12.2,37,1
p64-d8-positioning,64,0,8,1400,2.6113765859990963,1408,0.0,-0.13499999999999998,0.12512218963831867,12.2,37,1
p64-d8-positioning,64,0,8,1400,2.648374985999908,1409,0.0,-0.13499999999999998,0.14076246334310852,12.2,37,1
p64-d8-positioning,64,0,8,1400,2.6853738489990064,1409,0.0,-0.13049999999999998,0.14076246334310852,12.2,37,1
p64-d8-positioning,64,0,8,1400,2.721375924998938,1409,0.0,-0.13499999999999998,0.14076246334310852,12.3,37,1
p64-d8-positioning,64,0,8,1400,2.7573927419998654,1409,0.0,-0.1035,0.14076246334310852,12.3,37,1
p64-d8-positioning,64,0,8,1400,2.79440756799886,1409,0.0,-0.13049999999999998,0.14076246334310852,12.3,37,1
p64-d8-positioning,64,0,8,1400,2.831424263998997,1409,0.0,-0.13499999999999998,0.14076246334310852,12.3,37,1
p64-d8-positioning,64,0,8,1400,2.8684234409993223,1409,0.0,-0.13499999999999998,0.14076246334310852,12.3,37,1
p64-d8-positioning,64,0,8,1400,2.904409091999696,1409,0.0,-0.13499999999999998,0.14076246334310852,12.3,37,1
p64-d8-positioning,64,0,8,1400,2.942415092998999,1409,0.0,-0.13499999999999998,0.14076246334310852,12.3,37,1
p64-d8-positioning,64,0,8,1400,2.978423391999968,1409,0.0,-0.13499999999999998,0.14076246334310852,12.3,37,1
p64-d8-positioning,64,0,8,1400,3.015442568999788,1409,0.0,-0.13049999999999998,0.14076246334310852,12.3,37,1
p64-d8-positioning,64,0,8,1400,3.0514392009990843,1409,0.0,-0.13049999999999998,0.14076246334310852,12.3,37,1
p64-d8-positioning,64,0,8,1400,3.087452702999144,1409,0.0,-0.13049999999999998,0.14076246334310852,12.3,37,1
p64-d8-positioning,64,0,8,1400,3.1244506959992577,1409,0.0,-0.13049999999999998,0.14076246334310852,12.3,37,1
p64-d8-positioning,64,0,8,1400,3.161445373998504,1409,0.0,-0.13499999999999998,0.14076246334310852,12.3,37,1
p64-d8-positioning,64,0,8,1400,3.1974661349995586,1409,0.0,-0.1035,0.14076246334310852,12.3,37,1
p64-d8-positioning,64,0,8,1400,3.2334651929995744,1409,0.0,-0.13049999999999998,0.14076246334310852,12.3,37,1
p64-d8-positioning,64,0,8,1400,3.2694679539999925,1409,0.0,-0.13499999999999998,0.14076246334310852,12.3,37,1
p64-d8-positioning,64,0,8,1400,3.3054577899983997,1409,0.0,-0.13499999999999998,0.14076246334310852,12.3,37,1
p64-d8-positioning,64,0,8,1400,3.3414623479984584,1409,0.0,-0.13499999999999998,0.14076246334310852,12.3,37,1
p64-d8-positioning,64,0,8,1400,3.3784870989984483,1409,0.0,-0.13499999999999998,0.14076246334310852,12.3,37,1
p64-d8-positioning,64,0,8,1400,3.4154802590001054,1409,0.0,-0.13499999999999998,0.14076246334310852,12.3,37,1
p64-d8-positioning,64,0,8,1400,3.451484167999297,1409,0.0,-0.13049999999999998,0.14076246334310852,12.3,37,1
p64-d8-positioning,64,0,8,1400,3.4874935779989755,1409,0.0,-0.13499999999999998,0.14076246334310852,12.3,37,1
p64-d8-positioning,64,0,8,1400,3.523493246999351,1409,0.0,-0.13049999999999998,0.14076246334310852,12.3,37,1
p64-d8-positioning,64,0,8,1400,3.55949743400015,1409,0.0,-0.13499999999999998,0.14076246334310852,12.3,37,1
p64-d8-positioning,64,0,8,1400,3.595528583999112,1409,0.0,-0.13499999999999998,0.14076246334310852,12.3,37,1
p64-d8-positioning,64,0,8,1400,3.63256402099978,1409,0.0,-0.1035,0.14076246334310852,12.3,37,1
p64-d8-positioning,64,0,8,1400,3.669553013998666,1409,0.0,-0.10799999999999998,0.14076246334310852,12.3,37,1
p64-d8-positioning,64,0,8,1400,3.705548533998808,1409,0.0,-0.13049999999999998,0.14076246334310852,12.3,37,1
p64-d8-positioning,64,0,8,1400,3.743546609999612,1409,0.0,-0.13049999999999998,0.14076246334310852,12.3,37,1
p64-d8-positioning,64,0,8,1400,3.7805549539989443,1409,0.0,-0.13499999999999998,0.14076246334310852,12.3,37,1
p64-d8-positioning,64,0,8,1400,3.8185566409993044,1409,0.0,-0.1035,0.14076246334310852,12.3,37,1
p64-d8-positioning,64,0,8,1400,3.85554102199967,1409,0.0,-0.13049999999999998,0.14076246334310852,12.3,37,1
p64-d8-positioning,64,0,8,1400,3.8927354019997438,1409,0.0,-0.1035,0.14076246334310852,12.3,37,1
p64-d8-positioning,64,0,8,1400,3.92856060899976,1409,0.0,-0.13499999999999998,0.14076246334310852,12.3,37,1
p64-d8-positioning,64,0,8,1400,3.966563074000078,1409,0.0,-0.13499999999999998,0.14076246334310852,12.3,37,1
p64-d8-positioning,64,0,8,1400,4.004620611998689,1409,0.0,-0.13049999999999998,0.14076246334310852,12.1,37,1
p64-d8-positioning,64,0,8,1400,4.041568011998606,1409,0.0,-0.13499999999999998,0.14076246334310852,12.1,37,1
p64-d8,64,0,8,1628,0.00397605400030443,1409,0.0,-0.13499999999999998,0.14076246334310852,12.1,37,1
p64-d8,64,0,8,1628,0.03998872199917969,1409,0.0,-0.09899999999999999,0.12316715542521994,12.1,37,1
p64-d8,64,0,8,1628,0.0759972989999369,1408,0.0,-0.0315,0.05767350928641251,12.1,37,1
p64-d8,64,0,8,1628,0.11399654100023326,1409,0.0,0.0,0.009775171065493646,12.1,37,1
p64-d8,64,0,8,1628,0.15100516299935407,1409,0.0,0.06749999999999999,0.08699902248289346,12.3,37,1
p64-d8,64,0,8,1628,0.18801969199921587,1408,0.0,0.3015,0.21505376344086022,12.3,37,1
p64-d8,64,0,8,1628,0.22600074900037725,1414,13.680000000000001,0.39149999999999996,0.24242424242424243,12.3,37,1
p64-d8,64,0,8,1628,0.26301289000002726,1420,10.944,0.6389999999999999,0.31378299120234604,12.1,37,1
p64-d8,64,0,8,1628,0.2990120400008891,1431,27.360000000000003,0.46799999999999997,0.2883675464320626,12.1,37,1
p64-d8,64,0,8,1628,0.3350419680009509,1448,32.832,0.38699999999999996,0.22482893450635386,12.1,37,1
p64-d8,64,0,8,1628,0.3710282850006479,1464,38.304,0.40049999999999997,0.2013685239491691,12.1,37,1
p64-d8,64,0,8,1628,0.4090372680002474,1480,30.096000000000004,0.4725,0.2375366568914956,12.1,37,1
p64-d8,64,0,8,1628,0.4460417049995158,1500,46.512,0.43199999999999994,0.18181818181818182,12.1,37,1
p64-d8,64,0,8,1628,0.48205330000018876,1515,32.832,0.4095,0.24633431085043989,12.3,37,1
p64-d8,64,0,8,1628,0.5201203190008528,1536,43.776,0.24749999999999997,0.15347018572825025,12.3,37,1
p64-d8,64,0,8,1628,0.5570442940006615,1552,27.360000000000003,0.315,0.1935483870967742,12.3,37,1
p64-d8,64,0,8,1628,0.5940625080002064,1564,27.360000000000003,0.34199999999999997,0.1935483870967742,12.3,37,1
p64-d8,64,0,8,1628,0.6300537520000944,1573,16.416,0.38249999999999995,0.25024437927663734,12.3,37,1
p64-d8,64,0,8,1628,0.6660755310003879,1584,27.360000000000003,0.3465,0.20625610948191594,12.3,37,1
p64-d8,64,0,8,1628,0.7031012269999337,1591,10.944,0.6074999999999999,0.26099706744868034,12.3,37,1
p64-d8,64,0,8,1628,0.740089626999179,1594,8.208,0.45899999999999996,0.33235581622678395,12.3,37,1
p64-d8,64,0,8,1628,0.776092926000274,1608,30.096000000000004,0.2385,0.12609970674486803,12.3,37,1
p64-d8,64,0,8,1628,0.8121028730001854,1609,0.0,0.40499999999999997,0.23851417399804498,12.3,37,1
p64-d8,64,0,8,1628,0.848107190000519,1610,0.0,0.4815,0.25024437927663734,12.3,37,1
p64-d8,64,0,8,1628,0.8861410610006715,1609,0.0,0.5265,0.2825024437927664,12.3,37,1
p64-d8,64,0,8,1628,0.9261227650004002,1606,-5.472,0.6885,0.34310850439882695,12.3,37,1
p64-d8,64,0,8,1628,0.9631166840008518,1604,0.0,0.6749999999999999,0.3616813294232649,12.3,37,1
p64-d8,64,0,8,1628,0.9991191680001066,1604,0.0,0.7244999999999999,0.3597262952101662,12.3,37,1
p64-d8,64,0,8,1628,1.0681326640005864,1606,0.0,0.6164999999999999,0.32746823069403713,12.0,37,1
p64-d8,64,0,8,1628,1.104153722000774,1607,0.0,0.621,0.3128054740957967,12.0,37,1
p64-d8,64,0,8,1628,1.1431556019997515,1606,0.0,0.6795,0.3284457478005865,12.0,37,1
p64-d8,64,0,8,1628,1.181169363000663,1605,0.0,0.6705,0.34408602150537637,12.3,37,1
p64-d8,64,0,8,1628,1.218154632999358,1605,0.0,0.6749999999999999,0.34408602150537637,12.3,37,1
p64-d8,64,0,8,1628,1.255160791999515,1605,0.0,0.63,0.3284457478005865,12.3,37,1
p64-d8,64,0,8,1628,1.2911604429991712,1606,0.0,0.6255,0.3284457478005865,12.0,37,1
p64-d8,64,0,8,1628,1.327159427000879,1606,0.0,0.621,0.3284457478005865,12.0,37,1
p64-d8,64,0,8,1628,1.363185317000898,1605,0.0,0.621,0.34506353861192574,12.0,37,1
p64-d8,64,0,8,1628,1.401191373999609,1605,0.0,0.6749999999999999,0.34408602150537637,12.3,37,1
p64-d8,64,0,8,1628,1.4381821629995102,1605,0.0,0.6749999999999999,0.34408602150537637,12.3,37,1
p64-d8,64,0,8,1628,1.4751907480003865,1605,0.0,0.621,0.34408602150537637,12.3,37,1
p64-d8,64,0,8,1628,1.5122069259996351,1606,0.0,0.621,0.3284457478005865,12.3,37,1
p64-d8,64,0,8,1628,1.5491993070008903,1605,0.0,0.6749999999999999,0.34506353861192574,12.3,37,1
p64-d8,64,0,8,1628,1.5852116980004212,1605,0.0,0.6705,0.34408602150537637,12.3,37,1
p64-d8,64,0,8,1628,1.6232205520009302,1605,0.0,0.6705,0.34408602150537637,12.3,37,1
p64-d8,64,0,8,1628,1.659218738999698,1606,0.0,0.6749999999999999,0.3284457478005865,12.0,37,1
p64-d8,64,0,8,1628,1.699216962000719,1606,0.0,0.6749999999999999,0.3284457478005865,12.0,37,1
p64-d8,64,0,8,1628,1.7372331110000232,1605,0.0,0.6749999999999999,0.34408602150537637,12.0,37,1
p64-d8,64,0,8,1628,1.7752328719998332,1605,0.0,0.6615,0.34408602150537637,12.0,37,1
p64-d8,64,0,8,1628,1.8122448640006041,1605,0.0,0.6749999999999999,0.34408602150537637,12.0,37,1
p64-d8,64,0,8,1628,1.8482389399996464,1605,0.0,0.621,0.34408602150537637,12.0,37,1
p64-d8,64,0,8,1628,1.886271700999714,1605,0.0,0.6705,0.34408602150537637,12.3,37,1
p64-d8,64,0,8,1628,1.9222658510007022,1606,0.0,0.621,0.3284457478005865,12.3,37,1
p64-d8,64,0,8,1628,1.9632776380003634,1605,0.0,0.6255,0.34408602150537637,12.3,37,1
p64-d8,64,0,8,1628,2.0032660830001987,1605,0.0,0.6705,0.34408602150537637,12.0,37,1
p64-d8,64,0,8,1628,2.042274556000848,1605,0.0,0.6705,0.34408602150537637,12.0,37,1
p64-d8,64,0,8,1628,2.0822855940004956,1605,0.0,0.6705,0.34408602150537637,12.0,37,1
p64-d8,64,0,8,1628,2.12028198400003,1605,0.0,0.6705,0.34408602150537637,12.1,37,1
p64-d8,64,0,8,1628,2.158288595999693,1605,0.0,0.6164999999999999,0.34408602150537637,12.1,37,1
p64-d8,64,0,8,1628,2.1953095520002535,1607,5.472,0.477,0.30009775171065495,12.1,37,1
p64-d8,64,0,8,1628,2.231317702000524,1614,13.680000000000001,0.20249999999999999,0.16422287390029325,12.3,37,1
p64-d8,64,0,8,1628,2.269290648000606,1620,13.680000000000001,0.026999999999999996,0.07135874877810362,12.3,37,1
p64-d8,64,0,8,1628,2.3053159459996095,1624,5.472,0.0045,0.03225806451612903,12.3,37,1
p64-d8,64,0,8,1628,2.3520660850008426,1623,0.0,0.018,0.06256109481915934,12.3,37,1
p64-d8,64,0,8,1628,2.3936052190001647,1620,-8.208,0.11699999999999999,0.13098729227761485,12.3,37,1
p64-d8,64,0,8,1628,2.436019602999295,1618,0.0,0.13949999999999999,0.14271749755620725,12.3,37,1
p64-d8,64,0,8,1628,2.477392257000247,1618,0.0,0.13949999999999999,0.14076246334310852,12.3,37,1
p64-d8,64,0,8,1628,2.5163537860007636,1620,0.0,0.0765,0.10654936461388075,12.3,37,1
p64-d8,64,0,8,1628,2.556307213000764,1621,0.0,0.05399999999999999,0.09286412512218964,12.3,37,1
p64-d8,64,0,8,1628,2.5963544530004583,1621,0.0,0.05399999999999999,0.093841642228739,12.3,37,1
p64-d8,64,0,8,1628,2.6333614640007,1621,0.0,0.08099999999999999,0.093841642228739,12.3,37,1
p64-d8,64,0,8,1628,2.670350956999755,1620,0.0,0.08099999999999999,0.10948191593352884,12.3,37,1
p64-d8,64,0,8,1628,2.706355700000131,1620,0.0,0.08099999999999999,0.10948191593352884,12.3,37,1
p64-d8,64,0,8,1628,2.74437268300062,1621,0.0,0.058499999999999996,0.09286412512218964,12.3,37,1
p64-d8,64,0,8,1628,2.78037988899996,1621,0.0,0.058499999999999996,0.093841642228739,12.3,37,1
p64-d8,64,0,8,1628,2.8173804369998834,1621,0.0,0.058499999999999996,0.093841642228739,12.3,37,1
p64-d8,64,0,8,1628,2.853382457000407,1620,0.0,0.05399999999999999,0.1104594330400782,12.3,37,1
p64-d8,64,0,8,1628,2.889389645000847,1620,0.0,0.08099999999999999,0.10948191593352884,12.3,37,1
p64-d8,64,0,8,1628,2.927400201999262,1620,0.0,0.08099999999999999,0.10948191593352884,12.3,37,1
p64-d8,64,0,8,1628,2.9644119900003716,1621,0.0,0.05399999999999999,0.09286412512218964,12.3,37,1
p64-d8,64,0,8,1628,3.000434400000813,1621,0.0,0.058499999999999996,0.093841642228739,12.3,37,1
p64-d8,64,0,8,1628,3.037492707000638,1621,0.0,0.072,0.093841642228739,12.3,37,1
p64-d8,64,0,8,1628,3.0744204959992203,1620,0.0,0.08099999999999999,0.10948191593352884,12.3,37,1
p64-d8,64,0,8,1628,3.1144998660001875,1620,0.0,0.08099999999999999,0.10948191593352884,12.3,37,1
p64-d8,64,0,8,1628,3.1544927369996003,1620,0.0,0.05399999999999999,0.10948191593352884,12.3,37,1
p64-d8,64,0,8,1628,3.1945005340003263,1620,0.0,0.05399999999999999,0.10948191593352884,12.3,37,1
p64-d8,64,0,8,1628,3.2344876080005633,1621,0.0,0.08099999999999999,0.093841642228739,12.3,37,1
p64-d8,64,0,8,1628,3.271487026999239,1620,0.0,0.08099999999999999,0.10948191593352884,12.3,37,1
p64-d8,64,0,8,1628,3.308495445000517,1620,0.0,0.08099999999999999,0.10948191593352884,12.3,37,1
p64-d8,64,0,8,1628,3.3445089100005134,1620,0.0,0.05399999999999999,0.093841642228739,12.3,37,1
p64-d8,64,0,8,1628,3.3814976070007106,1621,0.0,0.0765,0.093841642228739,12.3,37,1
p64-d8,64,0,8,1628,3.4174942760000704,1621,0.0,0.05399999999999999,0.093841642228739,12.3,37,1
p64-d8,64,0,8,1628,3.4555006840000715,1621,0.0,0.08099999999999999,0.093841642228739,12.3,37,1
p64-d8,64,0,8,1628,3.4925004729993816,1620,0.0,0.08099999999999999,0.10948191593352884,12.3,37,1
p64-d8,64,0,8,1400,0.003995738999947207,1620,0.0,0.08099999999999999,0.10948191593352884,12.4,37,1
p64-d8,64,0,8,1400,0.042003962998933275,1620,0.0,0.0315,0.09188660801564028,12.4,37,1
p64-d8,64,0,8,1400,0.07899195499885536,1620,0.0,0.0,0.04398826979472141,12.3,37,1
p64-d8,64,0,8,1400,0.11499906899916823,1620,0.0,-0.009,0.03714565004887586,12.3,37,1
p64-d8,64,0,8,1400,0.15301158799957193,1620,0.0,-0.19349999999999998,0.13391984359726294,12.3,37,1
p64-d8,64,0,8,1400,0.18900912799836078,1618,-5.472,-0.39149999999999996,0.21700879765395895,12.3,37,1
p64-d8,64,0,8,1400,0.22603008299847716,1615,-8.208,-0.6345,0.3040078201368524,12.3,37,1
p64-d8,64,0,8,1400,0.26202769599876774,1609,-13.680000000000001,-0.693,0.36950146627565983,12.3,37,1
p64-d8,64,0,8,1400,0.3000297529997624,1592,-35.568000000000005,-0.5355,0.25024437927663734,12.3,37,1
p64-d8,64,0,8,1400,0.34003262399892265,1575,-35.568000000000005,-0.40499999999999997,0.2375366568914956,12.1,37,1
p64-d8,64,0,8,1400,0.37704361699979927,1556,-41.040000000000006,-0.27899999999999997,0.1603128054740958,12.1,37,1
p64-d8,64,0,8,1400,0.4150630619988078,1538,-38.304,-0.252,0.18670576735092864,12.1,37,1
p64-d8,64,0,8,1400,0.4520544249990053,1521,-35.568000000000005,-0.38699999999999996,0.2101661779081134,12.3,37,1
p64-d8,64,0,8,1400,0.488087056999575,1504,-38.304,-0.38249999999999995,0.2179863147605083,12.3,37,1
p64-d8,64,0,8,1400,0.525091382998653,1488,-32.832,-0.4185,0.2287390029325513,12.3,37,1
p64-d8,64,0,8,1400,0.5620947819988942,1471,-32.832,-0.2925,0.17888563049853373,12.3,37,1
p64-d8,64,0,8,1400,0.5990848679994087,1456,-32.832,-0.2115,0.14760508308895406,12.3,37,1
p64-d8,64,0,8,1400,0.6350899809986004,1444,-24.624000000000002,-0.22499999999999998,0.15053763440860216,12.3,37,1
p64-d8,64,0,8,1400,0.6710894829993777,1441,0.0,-0.6569999999999999,0.30791788856304986,12.3,37,1
p64-d8,64,0,8,1400,0.709099965999485,1435,-19.152,-0.45899999999999996,0.28934506353861195,12.3,37,1
p64-d8,64,0,8,1400,0.7561428239987436,1426,-5.472,-0.6164999999999999,0.30498533724340177,12.3,37,1
p64-d8,64,0,8,1400,0.792108511999686,1422,-10.944,-0.5579999999999999,0.2913000977517107,12.3,37,1
p64-d8,64,0,8,1400,0.8301165869997931,1420,-5.472,-0.6164999999999999,0.3020527859237537,12.3,37,1
p64-d8,64,0,8,1400,0.8661293489985837,1421,0.0,-0.6074999999999999,0.3284457478005865,12.3,37,1
p64-d8,64,0,8,1400,0.9031277859994589,1424,8.208,-0.7829999999999999,0.3949169110459433,12.3,37,1
p64-d8,64,0,8,1400,0.9391246029990725,1426,5.472,-0.8234999999999999,0.42130987292277616,12.3,37,1
p64-d8,64,0,8,1400,0.9771503629999643,1425,0.0,-0.8234999999999999,0.39100684261974583,12.3,37,1
p64-d8,64,0,8,1400,1.014162799998303,1425,0.0,-0.7605,0.39002932551319647,12.3,37,1
p64-d8,64,0,8,1400,1.0501832089994423,1423,0.0,-0.7064999999999999,0.3587487781036168,12.3,37,1
p64-d8,64,0,8,1400,1.0861747119997744,1422,0.0,-0.7064999999999999,0.34310850439882695,12.3,37,1
p64-d8,64,0,8,1400,1.124181712999416,1424,5.472,-0.7695,0.3870967741935484,12.3,37,1
p64-d8,64,0,8,1400,1.1601819379993685,1424,0.0,-0.7605,0.375366568914956,12.3,37,1
p64-d8,64,0,8,1400,1.1961732729996584,1424,0.0,-0.7605,0.375366568914956,12.3,37,1
p64-d8,64,0,8,1400,1.2341809779991308,1424,0.0,-0.7605,0.375366568914956,12.3,37,1
p64-d8,64,0,8,1400,1.2711820819986315,1424,0.0,-0.7649999999999999,0.375366568914956,12.0,37,1
p64-d8,64,0,8,1400,1.3071901209987118,1424,0.0,-0.7064999999999999,0.375366568914956,12.0,37,1
p64-d8,64,0,8,1400,1.3451922889998968,1424,0.0,-0.7605,0.375366568914956,12.0,37,1
p64-d8,64,0,8,1400,1.3812075129990262,1424,0.0,-0.7605,0.375366568914956,12.3,37,1
p64-d8,64,0,8,1400,1.419218347999049,1424,0.0,-0.7649999999999999,0.375366568914956,12.3,37,1
p64-d8,64,0,8,1400,1.4572234229999594,1424,0.0,-0.7605,0.375366568914956,12.3,37,1
p64-d8,64,0,8,1400,1.4932174629993824,1424,0.0,-0.7605,0.375366568914956,12.3,37,1
p64-d8,64,0,8,1400,1.5302231769983337,1424,0.0,-0.7649999999999999,0.375366568914956,12.3,37,1
p64-d8,64,0,8,1400,1.5662328279995563,1424,0.0,-0.7605,0.375366568914956,12.3,37,1
p64-d8,64,0,8,1400,1.6022501819988975,1424,0.0,-0.7649999999999999,0.375366568914956,12.0,37,1
p64-d8,64,0,8,1400,1.639241155999116,1424,0.0,-0.7605,0.375366568914956,12.0,37,1
p64-d8,64,0,8,1400,1.6762557589991047,1424,0.0,-0.7605,0.375366568914956,12.0,37,1
p64-d8,64,0,8,1400,1.7122426319983788,1424,0.0,-0.7064999999999999,0.375366568914956,12.0,37,1
p64-d8,64,0,8,1400,1.7502678739983821,1424,0.0,-0.7649999999999999,0.375366568914956,12.0,37,1
p64-d8,64,0,8,1400,1.7862642839991167,1424,0.0,-0.7605,0.375366568914956,12.0,37,1
p64-d8,64,0,8,1400,1.823274071999549,1424,0.0,-0.7605,0.375366568914956,12.3,37,1
p64-d8,64,0,8,1400,1.8612783329990634,1424,0.0,-0.7605,0.375366568914956,12.3,37,1
p64-d8,64,0,8,1400,1.8972814279986778,1424,0.0,-0.7605,0.375366568914956,12.3,37,1
p64-d8,64,0,8,1400,1.9342843089998496,1424,0.0,-0.7605,0.375366568914956,12.3,37,1
p64-d8,64,0,8,1400,1.9723015509989636,1424,0.0,-0.7559999999999999,0.375366568914956,11.9,37,1
p64-d8,64,0,8,1400,2.008315312999912,1424,0.0,-0.7605,0.375366568914956,11.9,37,1
p64-d8,64,0,8,1400,2.04530315699958,1424,0.0,-0.7605,0.375366568914956,11.9,37,1
p64-d8,64,0,8,1400,2.083312805998503,1424,0.0,-0.7605,0.375366568914956,12.3,37,1
p64-d8,64,0,8,1400,2.119331419999071,1424,0.0,-0.7559999999999999,0.375366568914956,12.3,37,1
p64-d8,64,0,8,1400,2.156342781998319,1424,0.0,-0.7559999999999999,0.375366568914956,12.3,37,1
p64-d8,64,0,8,1400,2.1933462009983486,1424,0.0,-0.7559999999999999,0.375366568914956,12.3,37,1
p64-d8,64,0,8,1400,2.230333396999413,1424,0.0,-0.7605,0.375366568914956,12.3,37,1
p64-d8,64,0,8,1400,2.2663482329990075,1424,0.0,-0.7559999999999999,0.375366568914956,12.3,37,1
p64-d8,64,0,8,1400,2.302367456999491,1424,0.0,-0.7605,0.375366568914956,12.3,37,1
p64-d8,64,0,8,1400,2.3383601079985965,1424,0.0,-0.7559999999999999,0.375366568914956,12.3,37,1
p64-d8,64,0,8,1400,2.374360849998993,1424,0.0,-0.7559999999999999,0.375366568914956,12.3,37,1
p64-d8,64,0,8,1400,2.41136517599989,1424,0.0,-0.7559999999999999,0.375366568914956,12.3,37,1
p64-d8,64,0,8,1400,2.4473641049989965,1424,0.0,-0.7559999999999999,0.375366568914956,12.3,37,1
p64-d8,64,0,8,1400,2.4833695879988227,1424,0.0,-0.7605,0.375366568914956,12.3,37,1
p64-d8,64,0,8,1400,2.521371274999183,1424,0.0,-0.7559999999999999,0.375366568914956,11.9,37,1
p64-d8,64,0,8,1400,2.557401091999054,1424,0.0,-0.7559999999999999,0.375366568914956,11.9,37,1
p64-d8,64,0,8,1400,2.594396250999125,1424,0.0,-0.7559999999999999,0.375366568914956,11.9,37,1
p64-d8,64,0,8,1400,2.6303872349999438,1424,0.0,-0.7559999999999999,0.375366568914956,11.9,37,1
p64-d8,64,0,8,1400,2.6673853379998036,1424,0.0,-0.7605,0.375366568914956,12.0,37,1
p64-d8,64,0,8,1400,2.705532856998616,1424,0.0,-0.7559999999999999,0.375366568914956,12.0,37,1
p64-d8,64,0,8,1400,2.7424233499987167,1424,0.0,-0.7559999999999999,0.375366568914956,12.0,37,1
p64-d8,64,0,8,1400,2.7784997959988686,1424,0.0,-0.7559999999999999,0.375366568914956,12.3,37,1
p64-d8,64,0,8,1400,2.8144335029992362,1424,0.0,-0.7559999999999999,0.375366568914956,12.3,37,1
p64-d8,64,0,8,1400,2.8504392269987875,1424,0.0,-0.7559999999999999,0.375366568914956,12.3,37,1
p64-d8,64,0,8,1400,2.8874165719989833,1424,0.0,-0.7559999999999999,0.375366568914956,12.3,37,1
p64-d8,64,0,8,1400,2.923434462998557,1424,0.0,-0.7515,0.375366568914956,12.3,37,1
p64-d8,64,0,8,1400,2.9594294839989743,1419,-13.680000000000001,-0.34199999999999997,0.2619745845552297,12.3,37,1
p64-d8,64,0,8,1400,2.9954528929993103,1411,-16.416,-0.16649999999999998,0.12512218963831867,11.9,37,1
p64-d8,64,0,8,1400,3.031460617999983,1406,-8.208,-0.045,0.08797653958944282,11.9,37,1
p64-d8,64,0,8,1400,3.067753042998447,1403,-5.472,-0.013499999999999998,0.0469208211143695,11.9,37,1
p64-d8,64,0,8,1400,3.1035462689997075,1404,0.0,-0.018,0.07917888563049853,12.3,37,1
p64-d8,64,0,8,1400,3.1674917039999855,1410,8.208,-0.16649999999999998,0.17888563049853373,12.3,37,1
p64-d8,64,0,8,1400,3.2054807979984616,1410,0.0,-0.1575,0.15640273704789834,12.3,37,1
p64-d8,64,0,8,1400,3.241520095998567,1409,0.0,-0.126,0.14076246334310852,12.3,37,1
p64-d8,64,0,8,1400,3.27748576599879,1408,0.0,-0.09899999999999999,0.12316715542521994,12.3,37,1
p64-d8,64,0,8,1400,3.313495915999738,1406,0.0,-0.072,0.10752688172043011,12.3,37,1
p64-d8,64,0,8,1400,3.3505058899991127,1406,0.0,-0.0765,0.10948191593352884,12.1,37,1
p64-d8,64,0,8,1400,3.387503233998359,1408,0.0,-0.1035,0.12512218963831867,12.1,37,1
p64-d8,64,0,8,1400,3.4245040049991076,1408,0.0,-0.09899999999999999,0.12512218963831867,12.1,37,1
p64-d8,64,0,8,1400,3.462514671999088,1408,0.0,-0.09899999999999999,0.12512218963831867,12.1,37,1
p64-d8,64,0,8,1400,3.498511415999019,1408,0.0,-0.09899999999999999,0.12512218963831867,12.1,37,1
