trial,p,i,d,target,elapsed,position,velocity,current,load,voltage,temperature,torque
baseline-positioning,32,0,0,1400,0.004006257000582991,1408,0.0,0.0,0.0,12.3,38,1
baseline-positioning,32,0,0,1400,0.04000524100047187,1408,0.0,0.0,0.007820136852394917,12.3,38,1
baseline-positioning,32,0,0,1400,0.0770062150004378,1408,0.0,-0.0045,0.03128054740957967,12.3,38,1
baseline-positioning,32,0,0,1400,0.11401270799979102,1408,0.0,-0.009,0.05474095796676442,12.3,38,1
baseline-positioning,32,0,0,1400,0.15002345100037928,1408,0.0,-0.018,0.06256109481915934,12.3,38,1
baseline-positioning,32,0,0,1400,0.18701090600006864,1408,0.0,-0.018,0.06256109481915934,12.3,38,1
baseline-positioning,32,0,0,1400,0.2250249079988862,1408,0.0,-0.018,0.06256109481915934,12.3,38,1
baseline-positioning,32,0,0,1400,0.2610253170005308,1408,0.0,-0.018,0.06256109481915934,12.3,38,1
baseline-positioning,32,0,0,1400,0.2980292539996299,1408,0.0,-0.018,0.06256109481915934,12.3,38,1
baseline-positioning,32,0,0,1400,0.3360391259993776,1408,0.0,-0.018,0.06256109481915934,12.3,38,1
baseline-positioning,32,0,0,1400,0.3730283959994267,1408,0.0,-0.018,0.06256109481915934,12.3,38,1
baseline-positioning,32,0,0,1400,0.4090607319994888,1408,0.0,-0.018,0.06256109481915934,12.3,38,1
baseline-positioning,32,0,0,1400,0.44505034499889007,1408,0.0,-0.018,0.06256109481915934,12.3,38,1
baseline-positioning,32,0,0,1400,0.4820705229994928,1408,0.0,-0.018,0.06256109481915934,12.3,38,1
baseline-positioning,32,0,0,1400,0.5180405619994417,1408,0.0,-0.018,0.06256109481915934,12.3,38,1
baseline-positioning,32,0,0,1400,0.5560465819999081,1408,0.0,-0.018,0.06256109481915934,12.3,38,1
baseline-positioning,32,0,0,1400,0.5960620450005081,1408,0.0,-0.018,0.06256109481915934,12.3,38,1
baseline-positioning,32,0,0,1400,0.6340591579992179,1408,0.0,-0.018,0.06256109481915934,12.3,38,1
baseline-positioning,32,0,0,1400,0.6720543440005713,1408,0.0,-0.018,0.06256109481915934,12.3,38,1
baseline-positioning,32,0,0,1400,0.7080780500000401,1408,0.0,-0.018,0.06256109481915934,12.3,38,1
baseline-positioning,32,0,0,1400,0.7450757469996461,1408,0.0,-0.018,0.06256109481915934,12.3,38,1
baseline-positioning,32,0,0,1400,0.7820944239992969,1408,0.0,-0.018,0.06256109481915934,12.3,38,1
baseline-positioning,32,0,0,1400,0.8190927319992625,1408,0.0,-0.018,0.06256109481915934,12.3,38,1
baseline-positioning,32,0,0,1400,0.8591063799995027,1408,0.0,-0.018,0.06256109481915934,12.3,38,1
baseline-positioning,32,0,0,1400,0.8961115759993845,1408,0.0,-0.018,0.06256109481915934,12.3,38,1
baseline-positioning,32,0,0,1400,0.9341088549990673,1408,0.0,-0.018,0.06256109481915934,12.3,38,1
baseline-positioning,32,0,0,1400,0.9711127549999219,1408,0.0,-0.018,0.06256109481915934,12.3,38,1
baseline-positioning,32,0,0,1400,1.0071302760006802,1408,0.0,-0.018,0.06256109481915934,12.3,38,1
baseline-positioning,32,0,0,1400,1.045133147999877,1408,0.0,-0.018,0.06256109481915934,12.3,38,1
baseline-positioning,32,0,0,1400,1.08116039000015,1408,0.0,-0.018,0.06256109481915934,12.3,38,1
baseline-positioning,32,0,0,1400,1.118142457000431,1408,0.0,-0.018,0.06256109481915934,12.3,38,1
baseline-positioning,32,0,0,1400,1.1561545330005174,1408,0.0,-0.018,0.06256109481915934,12.3,38,1
baseline-positioning,32,0,0,1400,1.192156850000174,1408,0.0,-0.018,0.06256109481915934,12.3,38,1
baseline-positioning,32,0,0,1400,1.2291604349993577,1408,0.0,-0.018,0.06256109481915934,12.3,38,1
baseline-positioning,32,0,0,1400,1.358203384999797,1408,0.0,-0.018,0.06256109481915934,12.3,38,1
baseline-positioning,32,0,0,1400,1.3942065729988826,1408,0.0,-0.018,0.06256109481915934,12.3,38,1
baseline-positioning,32,0,0,1400,1.4302287970003817,1408,0.0,-0.018,0.06256109481915934,12.3,38,1
baseline-positioning,32,0,0,1400,1.468302445999143,1408,0.0,-0.018,0.06256109481915934,12.3,38,1
baseline-positioning,32,0,0,1400,1.5042179680003755,1408,0.0,-0.018,0.06256109481915934,12.3,38,1
baseline-positioning,32,0,0,1400,1.5402185439997993,1408,0.0,-0.018,0.06256109481915934,12.3,38,1
baseline-positioning,32,0,0,1400,1.578221007999673,1408,0.0,-0.018,0.06256109481915934,12.3,38,1
baseline-positioning,32,0,0,1400,1.6152346119997674,1408,0.0,-0.018,0.06256109481915934,12.3,38,1
baseline-positioning,32,0,0,1400,1.6512552989988762,1408,0.0,-0.018,0.06256109481915934,12.3,38,1
baseline-positioning,32,0,0,1400,1.689248430000589,1408,0.0,-0.018,0.06256109481915934,12.3,38,1
baseline-positioning,32,0,0,1400,1.7252497839999705,1408,0.0,-0.018,0.06256109481915934,12.3,38,1
baseline-positioning,32,0,0,1400,1.7622536839990062,1408,0.0,-0.018,0.06256109481915934,12.3,38,1
baseline-positioning,32,0,0,1400,1.8002879439991375,1408,0.0,-0.018,0.06256109481915934,12.3,38,1
baseline-positioning,32,0,0,1400,1.8362608360002923,1408,0.0,-0.018,0.06256109481915934,12.3,38,1
baseline-positioning,32,0,0,1400,1.8732613649990526,1408,0.0,-0.018,0.06256109481915934,12.3,38,1
baseline-positioning,32,0,0,1400,1.912286912000127,1408,0.0,-0.018,0.06256109481915934,12.3,38,1
baseline-positioning,32,0,0,1400,1.9482893780004815,1408,0.0,-0.018,0.06256109481915934,12.3,38,1
baseline-positioning,32,0,0,1400,1.9852947029994539,1408,0.0,-0.018,0.06256109481915934,12.3,38,1
baseline-positioning,32,0,0,1400,2.0223037889991247,1408,0.0,-0.018,0.06256109481915934,12.3,38,1
baseline-positioning,32,0,0,1400,2.05930561400055,1408,0.0,-0.018,0.06256109481915934,12.3,38,1
baseline-positioning,32,0,0,1400,2.095302116998937,1408,0.0,-0.018,0.06256109481915934,12.3,38,1
baseline-positioning,32,0,0,1400,2.13332263600023,1408,0.0,-0.018,0.06256109481915934,12.3,38,1
baseline-positioning,32,0,0,1400,2.170320109999011,1408,0.0,-0.018,0.06256109481915934,12.3,38,1
baseline-positioning,32,0,0,1400,2.2063223160002963,1408,0.0,-0.018,0.06256109481915934,12.3,38,1
baseline-positioning,32,0,0,1400,2.244322373000614,1408,0.0,-0.018,0.06256109481915934,12.3,38,1
baseline-positioning,32,0,0,1400,2.280353374999322,1408,0.0,-0.018,0.06256109481915934,12.3,38,1
baseline-positioning,32,0,0,1400,2.3183362660001876,1408,0.0,-0.018,0.06256109481915934,12.3,38,1
baseline-positioning,32,0,0,1400,2.3563534339991747,1408,0.0,-0.018,0.06256109481915934,12.3,38,1
baseline-positioning,32,0,0,1400,2.3923748249999335,1408,0.0,-0.018,0.06256109481915934,12.3,38,1
baseline-positioning,32,0,0,1400,2.4293714840005123,1408,0.0,-0.018,0.06256109481915934,12.3,38,1
baseline-positioning,32,0,0,1400,2.4653650790005486,1408,0.0,-0.018,0.06256109481915934,12.3,38,1
baseline-positioning,32,0,0,1400,2.501374154999212,1408,0.0,-0.018,0.06256109481915934,12.3,38,1
baseline-positioning,32,0,0,1400,2.538373870000214,1408,0.0,-0.018,0.06256109481915934,12.3,38,1
baseline-positioning,32,0,0,1400,2.575370696000391,1408,0.0,-0.018,0.06256109481915934,12.3,38,1
baseline-positioning,32,0,0,1400,2.612426817000596,1408,0.0,-0.018,0.06256109481915934,12.3,38,1
baseline-positioning,32,0,0,1400,2.6484124489998067,1408,0.0,-0.018,0.06256109481915934,12.3,38,1
baseline-positioning,32,0,0,1400,2.684407062999526,1408,0.0,-0.018,0.06256109481915934,12.3,38,1
baseline-positioning,32,0,0,1400,2.7235066829998686,1408,0.0,-0.018,0.06256109481915934,12.3,38,1
baseline-positioning,32,0,0,1400,2.759410872000444,1408,0.0,-0.018,0.06256109481915934,12.3,38,1
baseline-positioning,32,0,0,1400,2.796428919999016,1408,0.0,-0.018,0.06256109481915934,12.3,38,1
baseline-positioning,32,0,0,1400,2.833415226999932,1408,0.0,-0.018,0.06256109481915934,12.3,38,1
baseline-positioning,32,0,0,1400,2.870403200999135,1408,0.0,-0.018,0.06256109481915934,12.3,38,1
baseline-positioning,32,0,0,1400,2.906427796000571,1408,0.0,-0.018,0.06256109481915934,12.3,38,1
baseline-positioning,32,0,0,1400,2.9424270019990217,1408,0.0,-0.018,0.06256109481915934,12.3,38,1
baseline-positioning,32,0,0,1400,2.9784267630002432,1408,0.0,-0.018,0.06256109481915934,12.3,38,1
baseline-positioning,32,0,0,1400,3.016432727999927,1408,0.0,-0.018,0.06256109481915934,12.3,38,1
baseline-positioning,32,0,0,1400,3.0524452669997117,1408,0.0,-0.018,0.06256109481915934,12.3,38,1
baseline-positioning,32,0,0,1400,3.0894479260005028,1408,0.0,-0.018,0.06256109481915934,12.3,38,1
baseline-positioning,32,0,0,1400,3.1274619639989396,1408,0.0,-0.018,0.06256109481915934,12.3,38,1
baseline-positioning,32,0,0,1400,3.1634630959997594,1408,0.0,-0.018,0.06256109481915934,12.3,38,1
baseline-positioning,32,0,0,1400,3.2004691999991337,1408,0.0,-0.018,0.06256109481915934,12.3,38,1
baseline-positioning,32,0,0,1400,3.2364869430002727,1408,0.0,-0.018,0.06256109481915934,12.3,38,1
baseline-positioning,32,0,0,1400,3.273499343000367,1408,0.0,-0.018,0.06256109481915934,12.3,38,1
baseline-positioning,32,0,0,1400,3.3114788439997938,1408,0.0,-0.018,0.06256109481915934,12.3,38,1
baseline-positioning,32,0,0,1400,3.3474924940001074,1408,0.0,-0.018,0.06256109481915934,12.3,38,1
baseline-positioning,32,0,0,1400,3.3854920510002557,1408,0.0,-0.018,0.06256109481915934,12.3,38,1
baseline-positioning,32,0,0,1400,3.4234850159991765,1408,0.0,-0.018,0.06256109481915934,12.3,38,1
baseline-positioning,32,0,0,1400,3.4595045179994486,1408,0.0,-0.018,0.06256109481915934,12.3,38,1
baseline-positioning,32,0,0,1400,3.496571583998957,1408,0.0,-0.018,0.06256109481915934,12.3,38,1
baseline-positioning,32,0,0,1400,3.5325199569997494,1408,0.0,-0.018,0.06256109481915934,12.3,38,1
baseline-positioning,32,0,0,1400,3.5685027559993614,1408,0.0,-0.018,0.06256109481915934,12.3,38,1
baseline-positioning,32,0,0,1400,3.605528267000409,1408,0.0,-0.018,0.06256109481915934,12.3,38,1
baseline-positioning,32,0,0,1400,3.642545777000123,1408,0.0,-0.018,0.06256109481915934,12.3,38,1
baseline-positioning,32,0,0,1400,3.678586316000292,1408,0.0,-0.018,0.06256109481915934,12.3,38,1
baseline-positioning,32,0,0,1400,3.7175419380000676,1408,0.0,-0.018,0.06256109481915934,12.3,38,1
baseline-positioning,32,0,0,1400,3.753565995999452,1408,0.0,-0.018,0.06256109481915934,12.3,38,1
baseline-positioning,32,0,0,1400,3.790558544000305,1408,0.0,-0.018,0.06256109481915934,12.3,38,1
baseline-positioning,32,0,0,1400,3.8265736939993076,1408,0.0,-0.018,0.06256109481915934,12.3,38,1
baseline-positioning,32,0,0,1400,3.8625554739992367,1408,0.0,-0.018,0.06256109481915934,12.3,38,1
baseline-positioning,32,0,0,1400,3.8995724849992257,1408,0.0,-0.018,0.06256109481915934,12.3,38,1
baseline-positioning,32,0,0,1400,3.9365716259999317,1408,0.0,-0.018,0.06256109481915934,12.3,38,1
baseline-positioning,32,0,0,1400,3.972576627998933,1408,0.0,-0.018,0.06256109481915934,12.3,38,1
baseline-positioning,32,0,0,1400,4.008596260000559,1408,0.0,-0.018,0.06256109481915934,12.3,38,1
baseline,32,0,0,1628,0.003994664999481756,1408,0.0,-0.018,0.06256109481915934,12.3,38,1
baseline,32,0,0,1628,0.04199849900032859,1408,0.0,-0.009,0.05474095796676442,12.3,38,1
baseline,32,0,0,1628,0.07800783499988029,1408,0.0,0.0,0.03128054740957967,12.3,38,1
baseline,32,0,0,1628,0.11500273499950708,1408,0.0,0.0,0.0,12.3,38,1
baseline,32,0,0,1628,0.15202785699875676,1408,0.0,0.009,0.0469208211143695,12.3,38,1
baseline,32,0,0,1628,0.18902638699910312,1408,0.0,0.09,0.10948191593352884,12.3,38,1
baseline,32,0,0,1628,0.22503048100043088,1408,0.0,0.23399999999999999,0.17204301075268819,12.3,38,1
baseline,32,0,0,1628,0.26304761199935456,1408,0.0,0.37799999999999995,0.25806451612903225,12.3,38,1
baseline,32,0,0,1628,0.2990547629997309,1415,19.152,0.5579999999999999,0.25806451612903225,12.0,38,1
baseline,32,0,0,1628,0.336057032998724,1421,13.680000000000001,0.6705,0.3313782991202346,12.0,38,1
baseline,32,0,0,1628,0.3720476830003463,1437,38.304,0.5535,0.2727272727272727,12.0,38,1
baseline,32,0,0,1628,0.4090626389988756,1456,38.304,0.5489999999999999,0.2570869990224829,12.0,38,1
baseline,32,0,0,1628,0.4470680659997015,1477,46.512,0.477,0.2238514173998045,12.3,38,1
baseline,32,0,0,1628,0.48406952199911757,1501,51.984,0.3645,0.16617790811339198,12.3,38,1
baseline,32,0,0,1628,0.5200578940002742,1518,35.568000000000005,0.32399999999999995,0.18475073313782991,12.3,38,1
baseline,32,0,0,1628,0.5560806559988123,1533,32.832,0.31949999999999995,0.18963831867057673,12.3,38,1
baseline,32,0,0,1628,0.5920858429999498,1545,24.624000000000002,0.423,0.22287390029325513,12.3,38,1
baseline,32,0,0,1628,0.628087641998718,1556,24.624000000000002,0.423,0.22287390029325513,12.3,38,1
baseline,32,0,0,1628,0.6650825790002273,1565,19.152,0.4275,0.24242424242424243,12.3,38,1
baseline,32,0,0,1628,0.703103542999088,1577,24.624000000000002,0.3465,0.19941348973607037,12.3,38,1
baseline,32,0,0,1628,0.7400926279988198,1589,24.624000000000002,0.2925,0.1603128054740958,12.3,38,1
baseline,32,0,0,1628,0.7760960929990688,1590,0.0,0.3735,0.24242424242424243,12.3,38,1
baseline,32,0,0,1628,0.8120970029995078,1590,0.0,0.4815,0.26588465298142716,12.3,38,1
baseline,32,0,0,1628,0.8481121900003927,1586,-8.208,0.603,0.32942326490713586,12.3,38,1
baseline,32,0,0,1628,0.8841168219987594,1583,-5.472,0.6839999999999999,0.3548387096774194,12.3,38,1
baseline,32,0,0,1628,0.9211353329992562,1584,0.0,0.6615,0.3362658846529814,12.3,38,1
baseline,32,0,0,1628,0.9591268719996151,1585,0.0,0.6345,0.3284457478005865,12.3,38,1
baseline,32,0,0,1628,0.9961261419994116,1586,0.0,0.585,0.3206256109481916,12.3,38,1
baseline,32,0,0,1628,1.032138976999704,1587,0.0,0.585,0.3128054740957967,12.3,38,1
baseline,32,0,0,1628,1.068145387000186,1587,0.0,0.585,0.3128054740957967,12.3,38,1
baseline,32,0,0,1628,1.1041447229999903,1587,0.0,0.6074999999999999,0.3128054740957967,12.3,38,1
baseline,32,0,0,1628,1.140170668999417,1586,0.0,0.6074999999999999,0.3206256109481916,12.3,38,1
baseline,32,0,0,1628,1.1771921609997662,1587,0.0,0.6074999999999999,0.3128054740957967,12.3,38,1
baseline,32,0,0,1628,1.2151873479997448,1587,0.0,0.585,0.3128054740957967,12.3,38,1
baseline,32,0,0,1628,1.2521767109992652,1587,0.0,0.585,0.3128054740957967,12.0,38,1
baseline,32,0,0,1628,1.2881828609988588,1587,0.0,0.6074999999999999,0.3128054740957967,12.0,38,1
baseline,32,0,0,1628,1.3241921039989393,1587,0.0,0.6074999999999999,0.3128054740957967,12.0,38,1
baseline,32,0,0,1628,1.36018532900016,1586,0.0,0.6074999999999999,0.3206256109481916,12.3,38,1
baseline,32,0,0,1628,1.3962240900000324,1586,0.0,0.585,0.3206256109481916,12.3,38,1
baseline,32,0,0,1628,1.4321999629992206,1587,0.0,0.585,0.3128054740957967,12.3,38,1
baseline,32,0,0,1628,1.46920399299961,1587,0.0,0.585,0.3128054740957967,12.3,38,1
baseline,32,0,0,1628,1.5062034109996603,1586,0.0,0.6074999999999999,0.3206256109481916,12.3,38,1
baseline,32,0,0,1628,1.542214265000439,1586,0.0,0.5804999999999999,0.3206256109481916,12.3,38,1
baseline,32,0,0,1628,1.5782147669997357,1587,0.0,0.585,0.3128054740957967,12.0,38,1
baseline,32,0,0,1628,1.614225584000451,1587,0.0,0.585,0.3128054740957967,12.0,38,1
baseline,32,0,0,1628,1.6522333819993946,1587,0.0,0.585,0.3128054740957967,12.0,38,1
baseline,32,0,0,1628,1.6892353740004182,1587,0.0,0.576,0.3128054740957967,12.0,38,1
baseline,32,0,0,1628,1.7262550519990327,1587,0.0,0.6074999999999999,0.3128054740957967,12.0,38,1
baseline,32,0,0,1628,1.7642671639987384,1586,0.0,0.5804999999999999,0.3206256109481916,12.0,38,1
baseline,32,0,0,1628,1.8012459900000977,1587,0.0,0.585,0.3128054740957967,12.0,38,1
baseline,32,0,0,1628,1.838253926998732,1586,0.0,0.5804999999999999,0.3206256109481916,12.3,38,1
baseline,32,0,0,1628,1.8742533000004187,1587,0.0,0.603,0.3128054740957967,12.3,38,1
baseline,32,0,0,1628,1.9102488579992496,1587,0.0,0.585,0.3128054740957967,12.3,38,1
baseline,32,0,0,1628,1.9472867200001929,1587,0.0,0.603,0.3128054740957967,12.1,38,1
baseline,32,0,0,1628,1.984265121000135,1587,0.0,0.585,0.3128054740957967,12.1,38,1
baseline,32,0,0,1628,2.020262381998691,1586,0.0,0.5804999999999999,0.3206256109481916,12.1,38,1
baseline,32,0,0,1628,2.0562815319990477,1587,0.0,0.585,0.3128054740957967,11.9,38,1
baseline,32,0,0,1628,2.0922839419999946,1587,0.0,0.6074999999999999,0.3128054740957967,11.9,38,1
baseline,32,0,0,1628,2.1282815559989103,1587,0.0,0.576,0.3128054740957967,11.9,38,1
baseline,32,0,0,1628,2.164276002000406,1586,0.0,0.603,0.3206256109481916,12.3,38,1
baseline,32,0,0,1628,2.2012972720003745,1587,0.0,0.5804999999999999,0.3128054740957967,12.3,38,1
baseline,32,0,0,1628,2.2383221910004067,1587,0.0,0.585,0.3128054740957967,12.3,38,1
baseline,32,0,0,1628,2.2753344979992107,1587,0.0,0.585,0.3128054740957967,12.3,38,1
baseline,32,0,0,1628,2.3113630739990185,1587,0.0,0.5804999999999999,0.3128054740957967,12.3,38,1
baseline,32,0,0,1628,2.347353409999414,1586,0.0,0.5804999999999999,0.3206256109481916,12.3,38,1
baseline,32,0,0,1628,2.3833487819993024,1587,0.0,0.6074999999999999,0.3128054740957967,12.3,38,1
baseline,32,0,0,1628,2.419356598999002,1586,0.0,0.576,0.3206256109481916,12.3,38,1
baseline,32,0,0,1628,2.4563865549989714,1587,0.0,0.5804999999999999,0.3128054740957967,12.3,38,1
baseline,32,0,0,1628,2.4933268439999665,1587,0.0,0.585,0.3128054740957967,12.3,38,1
baseline,32,0,0,1628,2.529362235000008,1587,0.0,0.6074999999999999,0.3128054740957967,12.3,38,1
baseline,32,0,0,1628,2.565381200000047,1587,0.0,0.585,0.3128054740957967,12.3,38,1
baseline,32,0,0,1628,2.6033722390002367,1587,0.0,0.603,0.3128054740957967,12.3,38,1
baseline,32,0,0,1628,2.643391330999293,1586,0.0,0.585,0.3206256109481916,12.3,38,1
baseline,32,0,0,1628,2.681367147999481,1587,0.0,0.603,0.3128054740957967,12.3,38,1
baseline,32,0,0,1628,2.7193813339999906,1587,0.0,0.576,0.3128054740957967,12.3,38,1
baseline,32,0,0,1628,2.756363419999616,1587,0.0,0.603,0.3128054740957967,12.3,38,1
baseline,32,0,0,1628,2.7923908100001427,1587,0.0,0.5804999999999999,0.3128054740957967,12.3,38,1
baseline,32,0,0,1628,2.8303927929991914,1587,0.0,0.6074999999999999,0.3128054740957967,12.3,38,1
baseline,32,0,0,1628,2.866386165998847,1587,0.0,0.576,0.3128054740957967,12.3,38,1
baseline,32,0,0,1628,2.9044144449999294,1587,0.0,0.5804999999999999,0.3128054740957967,12.3,38,1
baseline,32,0,0,1628,2.9404012619997957,1587,0.0,0.5804999999999999,0.3128054740957967,12.3,38,1
baseline,32,0,0,1628,2.9763951349996205,1587,0.0,0.576,0.3128054740957967,12.0,38,1
baseline,32,0,0,1628,3.0134006459993543,1587,0.0,0.576,0.3128054740957967,12.0,38,1
baseline,32,0,0,1628,3.0504156009992585,1587,0.0,0.576,0.3128054740957967,12.0,38,1
baseline,32,0,0,1628,3.0864177330004168,1587,0.0,0.603,0.3128054740957967,12.0,38,1
baseline,32,0,0,1628,3.1224557349996758,1587,0.0,0.576,0.3128054740957967,12.3,38,1
baseline,32,0,0,1628,3.161444985998969,1587,0.0,0.576,0.3128054740957967,12.3,38,1
baseline,32,0,0,1628,3.2014938189986424,1586,0.0,0.576,0.3206256109481916,12.3,38,1
baseline,32,0,0,1628,3.2414527459986857,1586,0.0,0.6074999999999999,0.3206256109481916,12.3,38,1
baseline,32,0,0,1628,3.279458044000421,1587,0.0,0.5804999999999999,0.3128054740957967,12.3,38,1
baseline,32,0,0,1628,3.3174512299992784,1587,0.0,0.585,0.3128054740957967,12.3,38,1
baseline,32,0,0,1628,3.35445144500045,1587,0.0,0.603,0.3128054740957967,12.0,38,1
baseline,32,0,0,1628,3.390471520999199,1587,0.0,0.576,0.3128054740957967,12.0,38,1
baseline,32,0,0,1628,3.4284829489988624,1587,0.0,0.576,0.3128054740957967,12.0,38,1
baseline,32,0,0,1628,3.464466191999236,1587,0.0,0.5804999999999999,0.3128054740957967,12.0,38,1
baseline,32,0,0,1628,3.5024754519999988,1587,0.0,0.5984999999999999,0.3128054740957967,12.0,38,1
baseline,32,0,0,1400,0.00394751699968765,1587,0.0,0.576,0.3128054740957967,12.0,38,1
baseline,32,0,0,1400,0.0419687960002193,1587,0.0,0.5309999999999999,0.30498533724340177,12.3,38,1
baseline,32,0,0,1400,0.0779963349996251,1587,0.0,0.45899999999999996,0.28152492668621704,12.3,38,1
baseline,32,0,0,1400,0.11798131700015801,1587,0.0,0.32849999999999996,0.23460410557184752,12.3,38,1
baseline,32,0,0,1400,0.15626494600110163,1587,0.0,0.21599999999999997,0.187683284457478,12.0,38,1
baseline,32,0,0,1400,0.19398604200068803,1587,0.0,0.0765,0.12512218963831867,12.0,38,1
baseline,32,0,0,1400,0.23101483100072073,1587,0.0,0.0,0.0469208211143695,12.0,38,1
baseline,32,0,0,1400,0.26704257399978815,1587,0.0,-0.018,0.039100684261974585,12.1,38,1
baseline,32,0,0,1400,0.3060158620010043,1586,0.0,-0.16199999999999998,0.13294232649071358,12.1,38,1
baseline,32,0,0,1400,0.3420258460009791,1587,0.0,-0.4725,0.25806451612903225,12.1,38,1
baseline,32,0,0,1400,0.3810145410006953,1587,0.0,-0.7965,0.39100684261974583,12.3,38,1
baseline,32,0,0,1400,0.42102535600133706,1574,-32.832,-0.8729999999999999,0.37732160312805474,12.3,38,1
baseline,32,0,0,1400,0.4610188940005173,1553,-43.776,-0.8055,0.3391984359726295,12.3,38,1
baseline,32,0,0,1400,0.4990415620013664,1527,-57.456,-0.5175,0.2482893450635386,12.3,38,1
baseline,32,0,0,1400,0.5370500440003525,1496,-65.664,-0.22499999999999998,0.11339198435972629,12.3,38,1
baseline,32,0,0,1400,0.5740567040011229,1475,-38.304,-0.19799999999999998,0.11632453567937438,12.3,38,1
baseline,32,0,0,1400,0.6100556130004406,1463,-27.360000000000003,-0.20249999999999999,0.13098729227761485,12.3,38,1
baseline,32,0,0,1400,0.6480488180004613,1459,0.0,-0.33749999999999997,0.24242424242424243,12.3,38,1
baseline,32,0,0,1400,0.6840684320013679,1453,-16.416,-0.38249999999999995,0.2316715542521994,12.3,38,1
baseline,32,0,0,1400,0.7220632110002043,1449,-5.472,-0.5445,0.2785923753665689,12.3,38,1
baseline,32,0,0,1400,0.760077953000291,1447,-5.472,-0.49949999999999994,0.3098729227761486,12.3,38,1
baseline,32,0,0,1400,0.7970833710005536,1436,-24.624000000000002,-0.3465,0.21505376344086022,12.3,38,1
baseline,32,0,0,1400,0.833101539999916,1426,-21.888,-0.26549999999999996,0.15835777126099707,12.3,38,1
baseline,32,0,0,1400,0.871083930000168,1421,-10.944,-0.18,0.14173998044965788,12.3,38,1
baseline,32,0,0,1400,0.9070892100007768,1421,0.0,-0.18,0.16422287390029325,12.3,38,1
baseline,32,0,0,1400,0.9440841100004036,1422,0.0,-0.2115,0.17204301075268819,12.3,38,1
baseline,32,0,0,1400,0.9828643260007084,1427,10.944,-0.2835,0.23362658846529813,12.3,38,1
baseline,32,0,0,1400,1.0190985120007099,1427,0.0,-0.288,0.21114369501466276,12.3,38,1
baseline,32,0,0,1400,1.0551331620008568,1426,0.0,-0.26549999999999996,0.20332355816226785,12.3,38,1
baseline,32,0,0,1400,1.0931344590007939,1424,-5.472,-0.22949999999999998,0.176930596285435,12.3,38,1
baseline,32,0,0,1400,1.1301424890007183,1422,-5.472,-0.19799999999999998,0.16129032258064516,12.3,38,1
baseline,32,0,0,1400,1.1661180650007736,1423,0.0,-0.2115,0.1798631476050831,12.3,38,1
baseline,32,0,0,1400,1.2041275480005424,1424,0.0,-0.22949999999999998,0.187683284457478,12.3,38,1
baseline,32,0,0,1400,1.2401420870010043,1425,0.0,-0.24749999999999997,0.19550342130987292,12.3,38,1
baseline,32,0,0,1400,1.2771504499996809,1425,0.0,-0.252,0.19550342130987292,12.3,38,1
baseline,32,0,0,1400,1.3131430450011976,1424,0.0,-0.22949999999999998,0.187683284457478,12.3,38,1
baseline,32,0,0,1400,1.3491598990003695,1425,0.0,-0.23399999999999999,0.19550342130987292,12.3,38,1
baseline,32,0,0,1400,1.3861662990002515,1424,0.0,-0.23399999999999999,0.187683284457478,12.3,38,1
baseline,32,0,0,1400,1.422153857000012,1424,0.0,-0.23399999999999999,0.187683284457478,12.3,38,1
baseline,32,0,0,1400,1.459173737999663,1425,0.0,-0.252,0.19550342130987292,12.3,38,1
baseline,32,0,0,1400,1.4951769440012868,1425,0.0,-0.24749999999999997,0.19550342130987292,12.3,38,1
baseline,32,0,0,1400,1.5332065189995774,1425,0.0,-0.23399999999999999,0.19550342130987292,12.1,38,1
baseline,32,0,0,1400,1.5702229750004335,1424,0.0,-0.22949999999999998,0.187683284457478,12.1,38,1
baseline,32,0,0,1400,1.6082133100007923,1424,0.0,-0.23399999999999999,0.187683284457478,12.1,38,1
baseline,32,0,0,1400,1.6452172469998914,1424,0.0,-0.22949999999999998,0.187683284457478,12.0,38,1
baseline,32,0,0,1400,1.681216304001282,1425,0.0,-0.252,0.19550342130987292,12.0,38,1
baseline,32,0,0,1400,1.7192169350000768,1425,0.0,-0.24749999999999997,0.19550342130987292,12.0,38,1
baseline,32,0,0,1400,1.755238678000751,1425,0.0,-0.22949999999999998,0.19550342130987292,12.0,38,1
baseline,32,0,0,1400,1.7922468560009293,1424,0.0,-0.22949999999999998,0.187683284457478,12.3,38,1
baseline,32,0,0,1400,1.8302592460004234,1425,0.0,-0.24749999999999997,0.19550342130987292,12.3,38,1
baseline,32,0,0,1400,1.8672345350005344,1425,0.0,-0.24749999999999997,0.19550342130987292,12.3,38,1
baseline,32,0,0,1400,1.9042469350006286,1425,0.0,-0.252,0.19550342130987292,12.1,38,1
baseline,32,0,0,1400,1.9422505100010312,1425,0.0,-0.22949999999999998,0.19550342130987292,12.1,38,1
baseline,32,0,0,1400,1.978265753001324,1424,0.0,-0.24749999999999997,0.187683284457478,12.1,38,1
baseline,32,0,0,1400,2.0152699680002115,1425,0.0,-0.22949999999999998,0.19550342130987292,12.3,38,1
baseline,32,0,0,1400,2.0532679879997886,1424,0.0,-0.24749999999999997,0.187683284457478,12.3,38,1
baseline,32,0,0,1400,2.0892866940012027,1424,0.0,-0.24749999999999997,0.187683284457478,12.3,38,1
baseline,32,0,0,1400,2.126286759999857,1425,0.0,-0.22949999999999998,0.19550342130987292,12.3,38,1
baseline,32,0,0,1400,2.1642814650003857,1425,0.0,-0.24749999999999997,0.19550342130987292,12.3,38,1
baseline,32,0,0,1400,2.2002789310008666,1424,0.0,-0.22949999999999998,0.187683284457478,12.3,38,1
baseline,32,0,0,1400,2.237291923000157,1425,0.0,-0.22949999999999998,0.19550342130987292,12.3,38,1
baseline,32,0,0,1400,2.2752992019995872,1425,0.0,-0.24749999999999997,0.19550342130987292,12.3,38,1
baseline,32,0,0,1400,2.311634720001166,1425,0.0,-0.24749999999999997,0.19550342130987292,12.3,38,1
baseline,32,0,0,1400,2.3483825300008903,1425,0.0,-0.24749999999999997,0.19550342130987292,12.3,38,1
baseline,32,0,0,1400,2.386324123999657,1424,0.0,-0.22949999999999998,0.187683284457478,12.3,38,1
baseline,32,0,0,1400,2.422390384999744,1424,0.0,-0.23399999999999999,0.187683284457478,12.3,38,1
baseline,32,0,0,1400,2.4593853040005342,1425,0.0,-0.24749999999999997,0.19550342130987292,12.3,38,1
baseline,32,0,0,1400,2.497467377999783,1424,0.0,-0.24749999999999997,0.187683284457478,12.3,38,1
baseline,32,0,0,1400,2.533388844000001,1425,0.0,-0.24749999999999997,0.19550342130987292,12.3,38,1
baseline,32,0,0,1400,2.570386559000326,1424,0.0,-0.24749999999999997,0.187683284457478,12.3,38,1
baseline,32,0,0,1400,2.606399895001232,1424,0.0,-0.22949999999999998,0.187683284457478,12.3,38,1
baseline,32,0,0,1400,2.6423914520000835,1425,0.0,-0.252,0.19550342130987292,12.3,38,1
baseline,32,0,0,1400,2.6803964910013747,1424,0.0,-0.23399999999999999,0.187683284457478,12.3,38,1
baseline,32,0,0,1400,2.717406354000559,1425,0.0,-0.22949999999999998,0.19550342130987292,12.3,38,1
baseline,32,0,0,1400,2.755395985001087,1425,0.0,-0.24749999999999997,0.19550342130987292,12.3,38,1
baseline,32,0,0,1400,2.7934038380008133,1424,0.0,-0.24749999999999997,0.187683284457478,12.3,38,1
baseline,32,0,0,1400,2.829419099000006,1424,0.0,-0.252,0.187683284457478,12.3,38,1
baseline,32,0,0,1400,2.866436332000376,1424,0.0,-0.252,0.187683284457478,12.3,38,1
baseline,32,0,0,1400,2.9034795469997334,1424,0.0,-0.23399999999999999,0.187683284457478,12.3,38,1
baseline,32,0,0,1400,2.942410095000014,1425,0.0,-0.252,0.19550342130987292,12.5,38,1
baseline,32,0,0,1400,2.978409597000791,1425,0.0,-0.24749999999999997,0.19550342130987292,12.5,38,1
baseline,32,0,0,1400,3.0143968960001075,1424,0.0,-0.22949999999999998,0.187683284457478,12.5,38,1
baseline,32,0,0,1400,3.050417639000443,1424,0.0,-0.23399999999999999,0.187683284457478,12.3,38,1
baseline,32,0,0,1400,3.0864155300005223,1424,0.0,-0.22949999999999998,0.187683284457478,12.3,38,1
baseline,32,0,0,1400,3.1234300960004475,1425,0.0,-0.22949999999999998,0.19550342130987292,12.3,38,1
baseline,32,0,0,1400,3.1614384120002796,1425,0.0,-0.24749999999999997,0.19550342130987292,12.3,38,1
baseline,32,0,0,1400,3.197431915001289,1425,0.0,-0.24749999999999997,0.19550342130987292,12.3,38,1
baseline,32,0,0,1400,3.2344410740006424,1425,0.0,-0.23399999999999999,0.19550342130987292,12.3,38,1
baseline,32,0,0,1400,3.2724322230005782,1424,0.0,-0.22949999999999998,0.187683284457478,12.1,38,1
baseline,32,0,0,1400,3.3084563740012527,1425,0.0,-0.24749999999999997,0.19550342130987292,12.1,38,1
baseline,32,0,0,1400,3.3454496810009005,1425,0.0,-0.24749999999999997,0.19550342130987292,12.1,38,1
baseline,32,0,0,1400,3.382458451000275,1425,0.0,-0.24749999999999997,0.19550342130987292,12.1,38,1
baseline,32,0,0,1400,3.4194670550004957,1424,0.0,-0.22949999999999998,0.187683284457478,12.0,38,1
baseline,32,0,0,1400,3.456464713999594,1425,0.0,-0.24749999999999997,0.19550342130987292,12.0,38,1
baseline,32,0,0,1400,3.494480270999702,1425,0.0,-0.24749999999999997,0.19550342130987292,12.0,38,1
p40-d0-positioning,40,0,0,1400,0.004012313000202994,1425,0.0,0.0,0.009775171065493646,12.3,38,1
p40-d0-positioning,40,0,0,1400,0.040016204000494326,1425,0.0,0.0,0.009775171065493646,12.3,38,1
p40-d0-positioning,40,0,0,1400,0.07601168700057315,1424,0.0,-0.0045,0.02932551319648094,12.3,38,1
p40-d0-positioning,40,0,0,1400,0.11402839199945447,1425,0.0,-0.045,0.08797653958944282,12.3,38,1
p40-d0-positioning,40,0,0,1400,0.1500280059990473,1424,0.0,-0.144,0.13685239491691104,12.3,38,1
p40-d0-positioning,40,0,0,1400,0.19002065399945423,1425,0.0,-0.252,0.19550342130987292,12.3,38,1
p40-d0-positioning,40,0,0,1400,0.22704588799933845,1424,0.0,-0.31949999999999995,0.21505376344086022,12.3,38,1
p40-d0-positioning,40,0,0,1400,0.26305379699988407,1425,0.0,-0.3735,0.24437927663734116,12.3,38,1
p40-d0-positioning,40,0,0,1400,0.29905205899922294,1424,0.0,-0.3465,0.23460410557184752,12.3,38,1
p40-d0-positioning,40,0,0,1400,0.335070208999241,1424,0.0,-0.3465,0.23460410557184752,12.3,38,1
p40-d0-positioning,40,0,0,1400,0.37106752599902393,1424,0.0,-0.3465,0.23460410557184752,12.3,38,1
p40-d0-positioning,40,0,0,1400,0.40908515699993586,1425,0.0,-0.3735,0.24437927663734116,12.3,38,1
p40-d0-positioning,40,0,0,1400,0.445075473999168,1425,0.0,-0.3735,0.24437927663734116,12.3,38,1
p40-d0-positioning,40,0,0,1400,0.48207566999917617,1425,0.0,-0.3735,0.24437927663734116,12.3,38,1
p40-d0-positioning,40,0,0,1400,0.5180793019990233,1425,0.0,-0.3465,0.24437927663734116,12.3,38,1
p40-d0-positioning,40,0,0,1400,0.5540778790000331,1424,0.0,-0.3735,0.23460410557184752,12.3,38,1
p40-d0-positioning,40,0,0,1400,0.5910901859988371,1424,0.0,-0.369,0.23460410557184752,12.3,38,1
p40-d0-positioning,40,0,0,1400,0.6280983079996076,1424,0.0,-0.37799999999999995,0.23460410557184752,12.3,38,1
p40-d0-positioning,40,0,0,1400,0.6641045510004915,1424,0.0,-0.3465,0.23460410557184752,12.3,38,1
p40-d0-positioning,40,0,0,1400,0.7001338680001936,1425,0.0,-0.3735,0.24437927663734116,12.3,38,1
p40-d0-positioning,40,0,0,1400,0.7361349439997866,1424,0.0,-0.3735,0.23460410557184752,12.3,38,1
p40-d0-positioning,40,0,0,1400,0.7721170209988486,1424,0.0,-0.3555,0.23460410557184752,12.3,38,1
p40-d0-positioning,40,0,0,1400,0.8081364119989303,1425,0.0,-0.3465,0.24437927663734116,12.3,38,1
p40-d0-positioning,40,0,0,1400,0.8451389229994675,1424,0.0,-0.3735,0.23460410557184752,12.3,38,1
p40-d0-positioning,40,0,0,1400,0.8821338779998769,1424,0.0,-0.369,0.23460410557184752,12.3,38,1
p40-d0-positioning,40,0,0,1400,0.9181415839993861,1424,0.0,-0.3735,0.23460410557184752,12.3,38,1
p40-d0-positioning,40,0,0,1400,0.9541515490000165,1425,0.0,-0.3735,0.24437927663734116,12.3,38,1
p40-d0-positioning,40,0,0,1400,0.991153838000173,1424,0.0,-0.3735,0.23460410557184752,12.0,38,1
p40-d0-positioning,40,0,0,1400,1.0291815609998594,1424,0.0,-0.3465,0.23460410557184752,12.0,38,1
p40-d0-positioning,40,0,0,1400,1.0661712210003316,1424,0.0,-0.3735,0.23460410557184752,12.0,38,1
p40-d0-positioning,40,0,0,1400,1.1031889719997707,1425,0.0,-0.3735,0.24437927663734116,12.3,38,1
p40-d0-positioning,40,0,0,1400,1.140190521000477,1425,0.0,-0.3735,0.23460410557184752,12.3,38,1
p40-d0-positioning,40,0,0,1400,1.1771951239988994,1425,0.0,-0.3465,0.24437927663734116,12.3,38,1
p40-d0-positioning,40,0,0,1400,1.2142005429996061,1424,0.0,-0.3735,0.23460410557184752,12.3,38,1
p40-d0-positioning,40,0,0,1400,1.2502032299998973,1424,0.0,-0.3735,0.23460410557184752,12.3,38,1
p40-d0-positioning,40,0,0,1400,1.2862143429993012,1425,0.0,-0.369,0.24437927663734116,12.3,38,1
p40-d0-positioning,40,0,0,1400,1.3232082249996893,1425,0.0,-0.3735,0.24437927663734116,12.3,38,1
p40-d0-positioning,40,0,0,1400,1.3602361060002295,1424,0.0,-0.3735,0.23460410557184752,12.0,38,1
p40-d0-positioning,40,0,0,1400,1.3962437749996752,1424,0.0,-0.3465,0.23460410557184752,12.0,38,1
p40-d0-positioning,40,0,0,1400,1.4322401850004098,1424,0.0,-0.369,0.23460410557184752,12.0,38,1
p40-d0-positioning,40,0,0,1400,1.4682482789994538,1425,0.0,-0.36,0.24437927663734116,12.0,38,1
p40-d0-positioning,40,0,0,1400,1.5042480779993639,1424,0.0,-0.369,0.23460410557184752,12.0,38,1
p40-d0-positioning,40,0,0,1400,1.5402531170002476,1425,0.0,-0.3465,0.24437927663734116,12.0,38,1
p40-d0-positioning,40,0,0,1400,1.5772907949994988,1425,0.0,-0.3465,0.24437927663734116,12.3,38,1
p40-d0-positioning,40,0,0,1400,1.6142912129998876,1424,0.0,-0.3465,0.23460410557184752,12.3,38,1
p40-d0-positioning,40,0,0,1400,1.650272140999732,1425,0.0,-0.3735,0.24437927663734116,12.3,38,1
p40-d0-positioning,40,0,0,1400,1.6882724949991825,1425,0.0,-0.369,0.24437927663734116,12.1,38,1
p40-d0-positioning,40,0,0,1400,1.7242845709988615,1425,0.0,-0.369,0.24437927663734116,12.1,38,1
p40-d0-positioning,40,0,0,1400,1.7612763039996935,1425,0.0,-0.3465,0.24437927663734116,12.1,38,1
p40-d0-positioning,40,0,0,1400,1.797278361998906,1425,0.0,-0.3735,0.24437927663734116,12.3,38,1
p40-d0-positioning,40,0,0,1400,1.83428398399883,1425,0.0,-0.3735,0.24437927663734116,12.3,38,1
p40-d0-positioning,40,0,0,1400,1.8713049950001732,1424,0.0,-0.3465,0.23460410557184752,12.3,38,1
p40-d0-positioning,40,0,0,1400,1.908297025000138,1424,0.0,-0.3465,0.23460410557184752,12.3,38,1
p40-d0-positioning,40,0,0,1400,1.9443103599987808,1424,0.0,-0.3465,0.23460410557184752,12.3,38,1
p40-d0-positioning,40,0,0,1400,1.980310326000108,1425,0.0,-0.369,0.24437927663734116,12.3,38,1
p40-d0-positioning,40,0,0,1400,2.0163248280005064,1424,0.0,-0.351,0.23460410557184752,12.3,38,1
p40-d0-positioning,40,0,0,1400,2.0543323290003173,1424,0.0,-0.3555,0.23460410557184752,12.3,38,1
p40-d0-positioning,40,0,0,1400,2.091328432999944,1424,0.0,-0.3735,0.23460410557184752,12.3,38,1
p40-d0-positioning,40,0,0,1400,2.128327795999212,1425,0.0,-0.369,0.24437927663734116,12.3,38,1
p40-d0-positioning,40,0,0,1400,2.16534106600011,1425,0.0,-0.3735,0.24437927663734116,12.3,38,1
p40-d0-positioning,40,0,0,1400,2.202331688000413,1425,0.0,-0.3465,0.24437927663734116,12.3,38,1
p40-d0-positioning,40,0,0,1400,2.2393459579998307,1425,0.0,-0.3735,0.24437927663734116,12.3,38,1
p40-d0-positioning,40,0,0,1400,2.2753474050005025,1424,0.0,-0.369,0.23460410557184752,12.3,38,1
p40-d0-positioning,40,0,0,1400,2.3113582779988064,1424,0.0,-0.3465,0.23460410557184752,12.3,38,1
p40-d0-positioning,40,0,0,1400,2.3483602889991744,1425,0.0,-0.369,0.24437927663734116,12.3,38,1
p40-d0-positioning,40,0,0,1400,2.385365799998908,1425,0.0,-0.369,0.24437927663734116,12.3,38,1
p40-d0-positioning,40,0,0,1400,2.421381394000491,1424,0.0,-0.3735,0.23460410557184752,12.3,38,1
p40-d0-positioning,40,0,0,1400,2.459369266000067,1424,0.0,-0.3465,0.23460410557184752,12.3,38,1
p40-d0-positioning,40,0,0,1400,2.495381323999027,1424,0.0,-0.3735,0.23460410557184752,12.3,38,1
p40-d0-positioning,40,0,0,1400,2.5333902330003184,1424,0.0,-0.369,0.23460410557184752,12.3,38,1
p40-d0-positioning,40,0,0,1400,2.5713961410001502,1425,0.0,-0.3735,0.24437927663734116,12.3,38,1
p40-d0-positioning,40,0,0,1400,2.607407329000125,1424,0.0,-0.37799999999999995,0.23460410557184752,12.3,38,1
p40-d0-positioning,40,0,0,1400,2.645404793000125,1425,0.0,-0.3465,0.24437927663734116,12.3,38,1
p40-d0-positioning,40,0,0,1400,2.6834227569997893,1425,0.0,-0.3735,0.24437927663734116,12.3,38,1
p40-d0-positioning,40,0,0,1400,2.720432656999037,1425,0.0,-0.3465,0.24437927663734116,12.3,38,1
p40-d0-positioning,40,0,0,1400,2.7574127610005235,1424,0.0,-0.3735,0.23460410557184752,12.0,38,1
p40-d0-positioning,40,0,0,1400,2.7964361969989113,1424,0.0,-0.3735,0.23460410557184752,12.0,38,1
p40-d0-positioning,40,0,0,1400,2.8324400700003025,1425,0.0,-0.3735,0.24437927663734116,12.0,38,1
p40-d0-positioning,40,0,0,1400,2.869439820999105,1424,0.0,-0.369,0.23460410557184752,12.3,38,1
p40-d0-positioning,40,0,0,1400,2.9074391379999724,1424,0.0,-0.3645,0.23460410557184752,12.3,38,1
p40-d0-positioning,40,0,0,1400,2.9444417969989445,1424,0.0,-0.3735,0.23460410557184752,12.3,38,1
p40-d0-positioning,40,0,0,1400,2.9804485579988977,1425,0.0,-0.369,0.24437927663734116,12.3,38,1
p40-d0-positioning,40,0,0,1400,3.0184773370001494,1425,0.0,-0.3465,0.24437927663734116,12.3,38,1
p40-d0-positioning,40,0,0,1400,3.054468153999551,1424,0.0,-0.3465,0.23460410557184752,12.3,38,1
p40-d0-positioning,40,0,0,1400,3.0924712479991285,1425,0.0,-0.369,0.24437927663734116,12.0,38,1
p40-d0-positioning,40,0,0,1400,3.130469360999996,1424,0.0,-0.3465,0.23460410557184752,12.0,38,1
p40-d0-positioning,40,0,0,1400,3.1674712789990735,1425,0.0,-0.369,0.24437927663734116,12.0,38,1
p40-d0-positioning,40,0,0,1400,3.2035031149989663,1425,0.0,-0.34199999999999997,0.24437927663734116,12.0,38,1
p40-d0-positioning,40,0,0,1400,3.2414915049994306,1424,0.0,-0.3645,0.23460410557184752,12.0,38,1
p40-d0-positioning,40,0,0,1400,3.2784790900004737,1424,0.0,-0.3735,0.23460410557184752,12.0,38,1
p40-d0-positioning,40,0,0,1400,3.3144988889998785,1425,0.0,-0.3465,0.24437927663734116,12.3,38,1
p40-d0-positioning,40,0,0,1400,3.3505011500001274,1425,0.0,-0.369,0.24437927663734116,12.3,38,1
p40-d0-positioning,40,0,0,1400,3.38649955999972,1424,0.0,-0.3465,0.23460410557184752,12.3,38,1
p40-d0-positioning,40,0,0,1400,3.424518542000442,1425,0.0,-0.3735,0.24437927663734116,12.3,38,1
p40-d0-positioning,40,0,0,1400,3.4615202940003655,1424,0.0,-0.36,0.23460410557184752,12.1,38,1
p40-d0-positioning,40,0,0,1400,3.4975270929990074,1425,0.0,-0.3465,0.24437927663734116,12.1,38,1
p40-d0-positioning,40,0,0,1400,3.5355210569996416,1424,0.0,-0.3735,0.23460410557184752,12.1,38,1
p40-d0-positioning,40,0,0,1400,3.5715356700002303,1424,0.0,-0.369,0.23460410557184752,12.3,38,1
p40-d0-positioning,40,0,0,1400,3.608552570000029,1424,0.0,-0.3735,0.23460410557184752,12.3,38,1
p40-d0-positioning,40,0,0,1400,3.6465374609997525,1424,0.0,-0.3465,0.23460410557184752,12.3,38,1
p40-d0-positioning,40,0,0,1400,3.6835436940000363,1425,0.0,-0.3735,0.24437927663734116,12.3,38,1
p40-d0-positioning,40,0,0,1400,3.721542010000121,1424,0.0,-0.369,0.23460410557184752,12.3,38,1
p40-d0-positioning,40,0,0,1400,3.7585546689988405,1424,0.0,-0.3465,0.23460410557184752,12.3,38,1
p40-d0-positioning,40,0,0,1400,3.795558253999843,1425,0.0,-0.3735,0.24437927663734116,12.3,38,1
p40-d0-positioning,40,0,0,1400,3.831562737999775,1425,0.0,-0.369,0.24437927663734116,12.3,38,1
p40-d0-positioning,40,0,0,1400,3.8675572219999594,1425,0.0,-0.3465,0.24437927663734116,12.3,38,1
p40-d0-positioning,40,0,0,1400,3.903575334999914,1424,0.0,-0.3735,0.23460410557184752,12.3,38,1
p40-d0-positioning,40,0,0,1400,3.941576150999026,1424,0.0,-0.3465,0.23460410557184752,12.3,38,1
p40-d0-positioning,40,0,0,1400,3.978588033000051,1424,0.0,-0.3465,0.23460410557184752,12.3,38,1
p40-d0-positioning,40,0,0,1400,4.014597626999603,1425,0.0,-0.3465,0.24437927663734116,12.3,38,1
p40-d0-positioning,40,0,0,1400,4.051590842000223,1425,0.0,-0.351,0.24437927663734116,12.3,38,1
p40-d0,40,0,0,1628,0.005045654999776161,1425,0.0,-0.3465,0.24437927663734116,12.3,38,1
p40-d0,40,0,0,1628,0.04203433299880999,1424,0.0,-0.32399999999999995,0.22482893450635386,12.3,38,1
p40-d0,40,0,0,1628,0.07801129799918272,1425,0.0,-0.26999999999999996,0.20527859237536658,12.3,38,1
p40-d0,40,0,0,1628,0.11603044799994677,1425,0.0,-0.144,0.16617790811339198,12.3,38,1
p40-d0,40,0,0,1628,0.1520421349996468,1425,0.0,-0.045,0.10752688172043011,12.3,38,1
p40-d0,40,0,0,1628,0.1920419319994835,1424,0.0,0.0,0.019550342130987292,12.3,38,1
p40-d0,40,0,0,1628,0.23204454299957433,1424,0.0,0.072,0.08797653958944282,12.3,38,1
p40-d0,40,0,0,1628,0.27205295099884097,1425,0.0,0.297,0.19550342130987292,12.3,38,1
p40-d0,40,0,0,1628,0.31006787799924496,1424,0.0,0.6659999999999999,0.3225806451612903,12.3,38,1
p40-d0,40,0,0,1628,0.34606776900000114,1429,10.944,0.8055,0.38807429130009774,12.3,38,1
p40-d0,40,0,0,1628,0.3830699289992481,1445,35.568000000000005,0.6974999999999999,0.33724340175953077,12.0,38,1
p40-d0,40,0,0,1628,0.4210609299989301,1465,43.776,0.5399999999999999,0.30596285434995113,12.0,38,1
p40-d0,40,0,0,1628,0.4570844139998371,1492,60.19200000000001,0.297,0.17790811339198437,12.0,38,1
p40-d0,40,0,0,1628,0.49408538799980306,1518,54.720000000000006,0.19799999999999998,0.10166177908113393,12.0,38,1
p40-d0,40,0,0,1628,0.5320970739994664,1533,27.360000000000003,0.2925,0.1681329423264907,12.3,38,1
p40-d0,40,0,0,1628,0.569087658999706,1547,30.096000000000004,0.31949999999999995,0.18181818181818182,12.3,38,1
p40-d0,40,0,0,1628,0.6070896609999181,1557,19.152,0.44099999999999995,0.22482893450635386,12.3,38,1
p40-d0,40,0,0,1628,0.6451398099998187,1565,16.416,0.39599999999999996,0.2590420332355816,12.3,38,1
p40-d0,40,0,0,1628,0.6851226439994207,1579,27.360000000000003,0.27449999999999997,0.19745845552297164,12.3,38,1
p40-d0,40,0,0,1628,0.7221101179984544,1591,19.152,0.27899999999999997,0.17595307917888564,12.3,38,1
p40-d0,40,0,0,1628,0.7621246919989062,1601,21.888,0.1575,0.13098729227761485,12.1,38,1
p40-d0,40,0,0,1628,0.7991252769988932,1608,13.680000000000001,0.17099999999999999,0.11827956989247312,12.1,38,1
p40-d0,40,0,0,1628,0.8351133539999864,1608,0.0,0.21599999999999997,0.17595307917888564,12.1,38,1
p40-d0,40,0,0,1628,0.873140132998742,1606,0.0,0.31949999999999995,0.20527859237536658,12.3,38,1
p40-d0,40,0,0,1628,0.913149762998728,1603,-5.472,0.369,0.24535679374389052,12.3,38,1
p40-d0,40,0,0,1628,0.9531403189994307,1602,0.0,0.3735,0.24437927663734116,12.3,38,1
p40-d0,40,0,0,1628,0.9904244569988805,1603,0.0,0.40049999999999997,0.23460410557184752,12.3,38,1
p40-d0,40,0,0,1628,1.028172034999443,1603,0.0,0.3465,0.23460410557184752,12.3,38,1
p40-d0,40,0,0,1628,1.0651792869994097,1604,0.0,0.3465,0.22482893450635386,12.3,38,1
p40-d0,40,0,0,1628,1.1031859359991358,1603,0.0,0.3735,0.23460410557184752,12.0,38,1
p40-d0,40,0,0,1628,1.1411826779985859,1603,0.0,0.3735,0.23460410557184752,12.0,38,1
p40-d0,40,0,0,1628,1.1771739949999755,1603,0.0,0.3735,0.23460410557184752,12.0,38,1
p40-d0,40,0,0,1628,1.2171916989991587,1603,0.0,0.3735,0.23460410557184752,12.1,38,1
p40-d0,40,0,0,1628,1.2572164589983004,1604,0.0,0.3735,0.22482893450635386,12.1,38,1
p40-d0,40,0,0,1628,1.297198533999108,1603,0.0,0.3465,0.23460410557184752,12.1,38,1
p40-d0,40,0,0,1628,1.3372319779991813,1603,0.0,0.3735,0.23460410557184752,12.3,38,1
p40-d0,40,0,0,1628,1.375223590999667,1602,0.0,0.37799999999999995,0.23460410557184752,12.3,38,1
p40-d0,40,0,0,1628,1.4132647399983398,1603,0.0,0.3735,0.23460410557184752,12.3,38,1
p40-d0,40,0,0,1628,1.450220750999506,1603,0.0,0.3735,0.23460410557184752,12.3,38,1
p40-d0,40,0,0,1628,1.486246382999525,1604,0.0,0.3465,0.22482893450635386,12.3,38,1
p40-d0,40,0,0,1628,1.5242324959999678,1603,0.0,0.3735,0.23460410557184752,12.3,38,1
p40-d0,40,0,0,1628,1.5602514610000071,1603,0.0,0.3735,0.23460410557184752,12.3,38,1
p40-d0,40,0,0,1628,1.6002854609996575,1603,0.0,0.37799999999999995,0.23460410557184752,12.3,38,1
p40-d0,40,0,0,1628,1.6402517579990672,1603,0.0,0.3465,0.23460410557184752,12.3,38,1
p40-d0,40,0,0,1628,1.6772605099995417,1604,0.0,0.3465,0.22482893450635386,12.3,38,1
p40-d0,40,0,0,1628,1.7152747699983593,1603,0.0,0.37799999999999995,0.23460410557184752,12.3,38,1
p40-d0,40,0,0,1628,1.7522647259993391,1604,0.0,0.3465,0.22482893450635386,12.3,38,1
p40-d0,40,0,0,1628,1.7882823949985323,1603,0.0,0.3735,0.23460410557184752,12.3,38,1
p40-d0,40,0,0,1628,1.8262658219991863,1603,0.0,0.3735,0.23460410557184752,12.3,38,1
p40-d0,40,0,0,1628,1.8623000279985717,1603,0.0,0.3465,0.23460410557184752,12.3,38,1
p40-d0,40,0,0,1628,1.8992863349994877,1603,0.0,0.3465,0.23460410557184752,12.3,38,1
p40-d0,40,0,0,1628,1.9352921709996735,1603,0.0,0.3735,0.23460410557184752,12.3,38,1
p40-d0,40,0,0,1628,1.9713079879984434,1603,0.0,0.3735,0.23460410557184752,12.3,38,1
p40-d0,40,0,0,1628,2.009300784999141,1603,0.0,0.3735,0.23460410557184752,12.3,38,1
p40-d0,40,0,0,1628,2.0463265369999135,1603,0.0,0.3735,0.23460410557184752,12.3,38,1
p40-d0,40,0,0,1628,2.0822913169995445,1604,0.0,0.3465,0.22482893450635386,12.3,38,1
p40-d0,40,0,0,1628,2.1183220419989084,1604,0.0,0.369,0.22482893450635386,12.3,38,1
p40-d0,40,0,0,1628,2.15531597899826,1603,0.0,0.3735,0.23460410557184752,12.3,38,1
p40-d0,40,0,0,1628,2.1923301560000255,1603,0.0,0.3735,0.23460410557184752,12.3,38,1
p40-d0,40,0,0,1628,2.22934185199847,1603,0.0,0.3735,0.23460410557184752,12.3,38,1
p40-d0,40,0,0,1628,2.265337594999437,1603,0.0,0.3735,0.23460410557184752,12.3,38,1
p40-d0,40,0,0,1628,2.303356096999778,1603,0.0,0.3735,0.23460410557184752,12.3,38,1
p40-d0,40,0,0,1628,2.3393478209982277,1603,0.0,0.3735,0.23460410557184752,12.3,38,1
p40-d0,40,0,0,1628,2.3763402399999904,1604,0.0,0.3735,0.22482893450635386,12.3,38,1
p40-d0,40,0,0,1628,2.4123672419991635,1603,0.0,0.3735,0.23460410557184752,12.3,38,1
p40-d0,40,0,0,1628,2.4503614279983594,1603,0.0,0.3735,0.23460410557184752,12.3,38,1
p40-d0,40,0,0,1628,2.4873564949994034,1603,0.0,0.3735,0.23460410557184752,12.0,38,1
p40-d0,40,0,0,1628,2.5253605709986005,1603,0.0,0.3465,0.23460410557184752,12.0,38,1
p40-d0,40,0,0,1628,2.5623799149998376,1603,0.0,0.369,0.23460410557184752,12.0,38,1
p40-d0,40,0,0,1628,2.5983851949986274,1603,0.0,0.3735,0.23460410557184752,12.0,38,1
p40-d0,40,0,0,1628,2.6363722889982455,1603,0.0,0.3735,0.23460410557184752,12.0,38,1
p40-d0,40,0,0,1628,2.672425790999114,1603,0.0,0.3465,0.23460410557184752,12.0,38,1
p40-d0,40,0,0,1628,2.7094304869988264,1603,0.0,0.3735,0.23460410557184752,12.0,38,1
p40-d0,40,0,0,1628,2.7474474139999074,1603,0.0,0.3465,0.23460410557184752,12.3,38,1
p40-d0,40,0,0,1628,2.784434628998497,1603,0.0,0.3735,0.23460410557184752,12.3,38,1
p40-d0,40,0,0,1628,2.820449334998557,1603,0.0,0.3735,0.23460410557184752,12.3,38,1
p40-d0,40,0,0,1628,2.8584567989983043,1603,0.0,0.3735,0.23460410557184752,12.0,38,1
p40-d0,40,0,0,1628,2.894449634999546,1603,0.0,0.3735,0.23460410557184752,12.0,38,1
p40-d0,40,0,0,1628,2.9324329139999463,1603,0.0,0.3735,0.23460410557184752,12.0,38,1
p40-d0,40,0,0,1628,2.968438897998567,1603,0.0,0.3735,0.23460410557184752,12.1,38,1
p40-d0,40,0,0,1628,3.0064484179983992,1603,0.0,0.369,0.23460410557184752,12.1,38,1
p40-d0,40,0,0,1628,3.043442057998618,1603,0.0,0.3465,0.23460410557184752,12.1,38,1
p40-d0,40,0,0,1628,3.0814520039984927,1603,0.0,0.3465,0.23460410557184752,12.3,38,1
p40-d0,40,0,0,1628,3.1174758759989345,1603,0.0,0.3735,0.23460410557184752,12.3,38,1
p40-d0,40,0,0,1628,3.154474831999323,1603,0.0,0.3735,0.23460410557184752,12.3,38,1
p40-d0,40,0,0,1628,3.1914932129984663,1603,0.0,0.3735,0.23460410557184752,12.3,38,1
p40-d0,40,0,0,1628,3.2284888539998065,1603,0.0,0.369,0.23460410557184752,12.3,38,1
p40-d0,40,0,0,1628,3.265486605998376,1603,0.0,0.3465,0.23460410557184752,12.3,38,1
p40-d0,40,0,0,1628,3.303488199999265,1603,0.0,0.3735,0.23460410557184752,12.3,38,1
p40-d0,40,0,0,1628,3.3404930629985756,1603,0.0,0.3735,0.23460410557184752,12.3,38,1
p40-d0,40,0,0,1628,3.376495916998465,1603,0.0,0.3735,0.23460410557184752,12.3,38,1
p40-d0,40,0,0,1628,3.4144903069991415,1603,0.0,0.3735,0.23460410557184752,12.3,38,1
p40-d0,40,0,0,1628,3.4505141800000274,1603,0.0,0.3735,0.23460410557184752,12.3,38,1
p40-d0,40,0,0,1628,3.487509301998216,1603,0.0,0.3735,0.23460410557184752,12.3,38,1
p40-d0,40,0,0,1400,0.003991460998804541,1603,0.0,0.3735,0.23460410557184752,12.3,38,1
p40-d0,40,0,0,1400,0.042015961998913554,1603,0.0,0.31949999999999995,0.22482893450635386,12.3,38,1
p40-d0,40,0,0,1400,0.07901830700029677,1603,0.0,0.2385,0.19550342130987292,12.3,38,1
p40-d0,40,0,0,1400,0.11602015099924756,1604,0.0,0.13499999999999998,0.13685239491691104,12.3,38,1
p40-d0,40,0,0,1400,0.154016522999882,1603,0.0,0.0225,0.08797653958944282,12.3,38,1
p40-d0,40,0,0,1400,0.19104908899862494,1603,0.0,0.0,0.009775171065493646,12.3,38,1
p40-d0,40,0,0,1400,0.2270476840003539,1603,0.0,-0.063,0.07820136852394917,12.3,38,1
p40-d0,40,0,0,1400,0.26503911199870345,1603,0.0,-0.315,0.19550342130987292,12.3,38,1
p40-d0,40,0,0,1400,0.3010552429987001,1604,0.0,-0.5894999999999999,0.3225806451612903,12.3,38,1
p40-d0,40,0,0,1400,0.33807958800025517,1597,-19.152,-0.6705,0.3421309872922776,12.3,38,1
p40-d0,40,0,0,1400,0.3760864590003621,1582,-30.096000000000004,-0.738,0.3479960899315738,12.3,38,1
p40-d0,40,0,0,1400,0.4120874239997647,1561,-46.512,-0.5309999999999999,0.27468230694037143,12.3,38,1
p40-d0,40,0,0,1400,0.4490741949994117,1536,-57.456,-0.34199999999999997,0.18377321603128055,12.3,38,1
p40-d0,40,0,0,1400,0.4870717699996021,1509,-54.720000000000006,-0.21599999999999997,0.11143695014662756,12.1,38,1
p40-d0,40,0,0,1400,0.5230954389990075,1492,-30.096000000000004,-0.22499999999999998,0.16226783968719452,12.1,38,1
p40-d0,40,0,0,1400,0.5611197739999625,1478,-32.832,-0.26549999999999996,0.15640273704789834,12.1,38,1
p40-d0,40,0,0,1400,0.5981234880000557,1470,-16.416,-0.423,0.22971652003910067,12.3,38,1
p40-d0,40,0,0,1400,0.6351154249987303,1461,-19.152,-0.45899999999999996,0.2541544477028348,12.3,38,1
p40-d0,40,0,0,1400,0.6721121589998802,1451,-24.624000000000002,-0.37799999999999995,0.23264907135874877,12.3,38,1
p40-d0,40,0,0,1400,0.7101140670001769,1440,-21.888,-0.2835,0.20918866080156404,12.1,38,1
p40-d0,40,0,0,1400,0.747114411999064,1426,-27.360000000000003,-0.16199999999999998,0.11925708699902249,12.1,38,1
p40-d0,40,0,0,1400,0.7831327839994628,1421,-5.472,-0.22499999999999998,0.1652003910068426,12.1,38,1
p40-d0,40,0,0,1400,0.8211183410003287,1421,0.0,-0.2925,0.20527859237536658,12.4,38,1
p40-d0,40,0,0,1400,0.8571287329996267,1424,5.472,-0.34199999999999997,0.24535679374389052,12.4,38,1
p40-d0,40,0,0,1400,0.894144891999531,1428,10.944,-0.45449999999999996,0.2961876832844575,12.4,38,1
p40-d0,40,0,0,1400,0.9321508189987071,1427,0.0,-0.423,0.26392961876832843,12.3,38,1
p40-d0,40,0,0,1400,0.96814437699868,1427,0.0,-0.39599999999999996,0.26392961876832843,12.3,38,1
p40-d0,40,0,0,1400,1.0051500539993867,1423,-8.208,-0.31949999999999995,0.20821114369501467,12.3,38,1
p40-d0,40,0,0,1400,1.0411723340002936,1423,0.0,-0.31949999999999995,0.22482893450635386,12.3,38,1
p40-d0,40,0,0,1400,1.0771761140003946,1423,0.0,-0.31949999999999995,0.22482893450635386,12.1,38,1
p40-d0,40,0,0,1400,1.1131912649998412,1425,5.472,-0.3735,0.25513196480938416,12.1,38,1
p40-d0,40,0,0,1400,1.1492071369993937,1425,0.0,-0.40049999999999997,0.24437927663734116,12.1,38,1
p40-d0,40,0,0,1400,1.1852788790001796,1426,0.0,-0.39599999999999996,0.2541544477028348,12.3,38,1
p40-d0,40,0,0,1400,1.2212572709995584,1426,0.0,-0.39599999999999996,0.2541544477028348,12.3,39,1
p40-d0,40,0,0,1400,1.2573082910002995,1426,0.0,-0.3735,0.2541544477028348,12.3,39,1
p40-d0,40,0,0,1400,1.2932637379999505,1425,0.0,-0.369,0.24437927663734116,12.3,39,1
p40-d0,40,0,0,1400,1.3302797679989453,1426,0.0,-0.39599999999999996,0.2541544477028348,12.3,39,1
p40-d0,40,0,0,1400,1.3732575539997924,1426,0.0,-0.40049999999999997,0.2541544477028348,12.3,38,1
p40-d0,40,0,0,1400,1.4182804869997199,1426,0.0,-0.40049999999999997,0.2541544477028348,12.3,38,1
p40-d0,40,0,0,1400,1.4575545129991951,1426,0.0,-0.369,0.24437927663734116,12.3,38,1
p40-d0,40,0,0,1400,1.501251310999578,1426,0.0,-0.369,0.2541544477028348,12.3,38,1
p40-d0,40,0,0,1400,1.565243967999777,1426,0.0,-0.39599999999999996,0.2541544477028348,12.3,38,1
p40-d0,40,0,0,1400,1.6093375950003974,1426,0.0,-0.39599999999999996,0.2541544477028348,12.3,38,1
p40-d0,40,0,0,1400,1.6482819199991354,1426,0.0,-0.39599999999999996,0.2541544477028348,12.3,38,1
p40-d0,40,0,0,1400,1.6852977090002241,1425,0.0,-0.40049999999999997,0.24437927663734116,12.3,38,1
p40-d0,40,0,0,1400,1.7212847489990963,1426,0.0,-0.40049999999999997,0.2541544477028348,12.3,38,1
p40-d0,40,0,0,1400,1.7582994450003753,1426,0.0,-0.39599999999999996,0.2541544477028348,12.3,38,1
p40-d0,40,0,0,1400,1.7952751039993018,1426,0.0,-0.39599999999999996,0.2541544477028348,12.3,38,1
p40-d0,40,0,0,1400,1.8322782260001986,1426,0.0,-0.39599999999999996,0.2541544477028348,12.3,38,1
p40-d0,40,0,0,1400,1.8682867099996656,1426,0.0,-0.39599999999999996,0.2541544477028348,12.3,38,1
p40-d0,40,0,0,1400,1.9042673419990024,1426,0.0,-0.369,0.2541544477028348,12.3,38,1
p40-d0,40,0,0,1400,1.9422837139991316,1426,0.0,-0.39599999999999996,0.2541544477028348,12.3,38,1
p40-d0,40,0,0,1400,1.978296159999445,1426,0.0,-0.39599999999999996,0.2541544477028348,12.3,38,1
p40-d0,40,0,0,1400,2.0153161340003862,1426,0.0,-0.39599999999999996,0.2541544477028348,12.3,38,1
p40-d0,40,0,0,1400,2.0513068589989416,1426,0.0,-0.39599999999999996,0.2541544477028348,12.3,38,1
p40-d0,40,0,0,1400,2.0873079350003536,1426,0.0,-0.39599999999999996,0.2541544477028348,12.3,38,1
p40-d0,40,0,0,1400,2.1253085850003117,1425,0.0,-0.39599999999999996,0.24437927663734116,12.0,38,1
p40-d0,40,0,0,1400,2.1613083829997777,1426,0.0,-0.40049999999999997,0.2541544477028348,12.0,38,1
p40-d0,40,0,0,1400,2.198314338998898,1426,0.0,-0.39599999999999996,0.2541544477028348,12.0,38,1
p40-d0,40,0,0,1400,2.2343319519986835,1426,0.0,-0.39599999999999996,0.2541544477028348,12.3,38,1
p40-d0,40,0,0,1400,2.270325010000306,1426,0.0,-0.40049999999999997,0.2541544477028348,12.3,38,1
p40-d0,40,0,0,1400,2.307366039000044,1425,0.0,-0.369,0.24437927663734116,12.3,38,1
p40-d0,40,0,0,1400,2.34436882800037,1425,0.0,-0.369,0.24437927663734116,12.3,38,1
p40-d0,40,0,0,1400,2.380383218998759,1425,0.0,-0.39599999999999996,0.24437927663734116,12.3,38,1
p40-d0,40,0,0,1400,2.416381998998986,1426,0.0,-0.39599999999999996,0.2541544477028348,12.3,38,1
p40-d0,40,0,0,1400,2.4523541679991467,1426,0.0,-0.39599999999999996,0.2541544477028348,12.1,38,1
p40-d0,40,0,0,1400,2.4883696699998836,1426,0.0,-0.39599999999999996,0.2541544477028348,12.1,38,1
p40-d0,40,0,0,1400,2.524373487000048,1426,0.0,-0.39599999999999996,0.2541544477028348,12.1,38,1
p40-d0,40,0,0,1400,2.5613868499985983,1425,0.0,-0.39599999999999996,0.24437927663734116,12.0,38,1
p40-d0,40,0,0,1400,2.598542544999873,1426,0.0,-0.39599999999999996,0.2541544477028348,12.0,38,1
p40-d0,40,0,0,1400,2.634388937998665,1426,0.0,-0.39599999999999996,0.2541544477028348,12.0,38,1
p40-d0,40,0,0,1400,2.6704112169991276,1426,0.0,-0.39599999999999996,0.2541544477028348,12.0,38,1
p40-d0,40,0,0,1400,2.7064905890001683,1426,0.0,-0.39599999999999996,0.2541544477028348,12.3,38,1
p40-d0,40,0,0,1400,2.7424233889996685,1425,0.0,-0.39599999999999996,0.24437927663734116,12.3,38,1
p40-d0,40,0,0,1400,2.7784261500000866,1426,0.0,-0.3735,0.2541544477028348,12.3,38,1
p40-d0,40,0,0,1400,2.815427939000074,1426,0.0,-0.40049999999999997,0.2541544477028348,12.2,38,1
p40-d0,40,0,0,1400,2.852412283000376,1426,0.0,-0.40049999999999997,0.2541544477028348,12.2,38,1
p40-d0,40,0,0,1400,2.8884444149989577,1426,0.0,-0.39599999999999996,0.2541544477028348,12.2,38,1
p40-d0,40,0,0,1400,2.9244478799992066,1426,0.0,-0.39599999999999996,0.2541544477028348,12.3,38,1
p40-d0,40,0,0,1400,2.9614463170000818,1426,0.0,-0.369,0.2541544477028348,12.3,38,1
p40-d0,40,0,0,1400,2.9994755589996203,1426,0.0,-0.39599999999999996,0.2541544477028348,12.3,39,1
p40-d0,40,0,0,1400,3.0364701629987394,1426,0.0,-0.40049999999999997,0.2541544477028348,12.3,39,1
p40-d0,40,0,0,1400,3.0724717390003207,1425,0.0,-0.39599999999999996,0.24437927663734116,12.3,39,1
p40-d0,40,0,0,1400,3.110462906999601,1426,0.0,-0.39599999999999996,0.2541544477028348,12.3,38,1
p40-d0,40,0,0,1400,3.147468380999271,1426,0.0,-0.39599999999999996,0.2541544477028348,12.3,38,1
p40-d0,40,0,0,1400,3.184481002999746,1426,0.0,-0.40049999999999997,0.2541544477028348,12.3,38,1
p40-d0,40,0,0,1400,3.220500153998728,1426,0.0,-0.39599999999999996,0.2541544477028348,12.3,38,1
p40-d0,40,0,0,1400,3.2564971369993145,1426,0.0,-0.39599999999999996,0.2541544477028348,12.3,38,1
p40-d0,40,0,0,1400,3.293496629999936,1426,0.0,-0.39599999999999996,0.2541544477028348,12.3,38,1
p40-d0,40,0,0,1400,3.3304956779993518,1426,0.0,-0.369,0.2541544477028348,12.3,38,1
p40-d0,40,0,0,1400,3.3665117359996657,1426,0.0,-0.39599999999999996,0.2541544477028348,12.3,38,1
p40-d0,40,0,0,1400,3.4025177559997246,1426,0.0,-0.369,0.2541544477028348,12.3,38,1
p40-d0,40,0,0,1400,3.4385098699985974,1426,0.0,-0.39599999999999996,0.2541544477028348,12.3,38,1
p40-d0,40,0,0,1400,3.4745025760003045,1426,0.0,-0.39599999999999996,0.2541544477028348,12.3,38,1
p48-d0-positioning,48,0,0,1400,0.003973868999310071,1426,0.0,0.0,0.0,12.3,38,1
p48-d0-positioning,48,0,0,1400,0.041009806000147364,1426,0.0,0.0,0.011730205278592375,12.3,38,1
p48-d0-positioning,48,0,0,1400,0.0780252799995651,1426,0.0,-0.0045,0.0469208211143695,12.3,38,1
p48-d0-positioning,48,0,0,1400,0.11598354099987773,1425,0.0,-0.09,0.093841642228739,12.3,38,1
p48-d0-positioning,48,0,0,1400,0.1520046169989655,1426,0.0,-0.23399999999999999,0.17595307917888564,12.3,38,1
p48-d0-positioning,48,0,0,1400,0.18898425800034602,1426,0.0,-0.3735,0.23460410557184752,12.3,38,1
p48-d0-positioning,48,0,0,1400,0.2259982499999751,1426,0.0,-0.5085,0.28152492668621704,12.3,38,1
p48-d0-positioning,48,0,0,1400,0.26301359399985813,1426,0.0,-0.5399999999999999,0.30498533724340177,12.3,38,1
p48-d0-positioning,48,0,0,1400,0.2990133370003605,1426,0.0,-0.5445,0.30498533724340177,12.0,38,1
p48-d0-positioning,48,0,0,1400,0.3350264509990666,1426,0.0,-0.5399999999999999,0.30498533724340177,12.0,38,1
p48-d0-positioning,48,0,0,1400,0.37304695199964044,1426,0.0,-0.5445,0.30498533724340177,12.0,38,1
p48-d0-positioning,48,0,0,1400,0.41302713799996127,1426,0.0,-0.5445,0.30498533724340177,12.3,38,1
p48-d0-positioning,48,0,0,1400,0.45105643500028236,1426,0.0,-0.5399999999999999,0.30498533724340177,12.3,38,1
p48-d0-positioning,48,0,0,1400,0.4870398259990907,1426,0.0,-0.5399999999999999,0.30498533724340177,12.3,38,1
p48-d0-positioning,48,0,0,1400,0.5230368289994658,1426,0.0,-0.5445,0.30498533724340177,12.3,38,1
p48-d0-positioning,48,0,0,1400,0.5600693209999008,1426,0.0,-0.5445,0.30498533724340177,12.0,38,1
p48-d0-positioning,48,0,0,1400,0.5970633510005428,1426,0.0,-0.5399999999999999,0.30498533724340177,12.0,38,1
p48-d0-positioning,48,0,0,1400,0.633076018999418,1426,0.0,-0.5399999999999999,0.30498533724340177,12.0,38,1
p48-d0-positioning,48,0,0,1400,0.6690800769993075,1426,0.0,-0.5445,0.30498533724340177,12.0,38,1
p48-d0-positioning,48,0,0,1400,0.7061137359996792,1426,0.0,-0.5445,0.30498533724340177,12.0,38,1
p48-d0-positioning,48,0,0,1400,0.7441022189996147,1425,0.0,-0.5445,0.2932551319648094,12.0,38,1
p48-d0-positioning,48,0,0,1400,0.7810976380005741,1426,0.0,-0.5445,0.30498533724340177,12.3,38,1
p48-d0-positioning,48,0,0,1400,0.8170961209998495,1426,0.0,-0.5445,0.30498533724340177,12.3,38,1
p48-d0-positioning,48,0,0,1400,0.8550854749992141,1426,0.0,-0.5445,0.30498533724340177,12.3,38,1
p48-d0-positioning,48,0,0,1400,0.8910865510006261,1426,0.0,-0.5399999999999999,0.30498533724340177,11.9,38,1
p48-d0-positioning,48,0,0,1400,0.9291110710000794,1426,0.0,-0.5445,0.30498533724340177,11.9,38,1
p48-d0-positioning,48,0,0,1400,0.9671429979989625,1426,0.0,-0.5445,0.30498533724340177,11.9,38,1
p48-d0-positioning,48,0,0,1400,1.0041217500001949,1426,0.0,-0.5445,0.30498533724340177,12.0,38,1
p48-d0-positioning,48,0,0,1400,1.0401122889998078,1426,0.0,-0.5445,0.30498533724340177,12.0,38,1
p48-d0-positioning,48,0,0,1400,1.0781300500002544,1425,0.0,-0.5399999999999999,0.2932551319648094,12.0,38,1
p48-d0-positioning,48,0,0,1400,1.1151205789992673,1426,0.0,-0.5085,0.30498533724340177,12.3,38,1
p48-d0-positioning,48,0,0,1400,1.1511365810001735,1426,0.0,-0.5399999999999999,0.30498533724340177,12.3,38,1
p48-d0-positioning,48,0,0,1400,1.1871293620006327,1426,0.0,-0.5399999999999999,0.30498533724340177,12.3,38,1
p48-d0-positioning,48,0,0,1400,1.2251383809998515,1426,0.0,-0.5399999999999999,0.30498533724340177,12.3,38,1
p48-d0-positioning,48,0,0,1400,1.2651382519998151,1426,0.0,-0.5445,0.30498533724340177,12.3,38,1
p48-d0-positioning,48,0,0,1400,1.3031584389991622,1426,0.0,-0.5085,0.30498533724340177,12.3,38,1
p48-d0-positioning,48,0,0,1400,1.3401632459990651,1426,0.0,-0.5085,0.30498533724340177,12.3,38,1
p48-d0-positioning,48,0,0,1400,1.377155349999157,1425,0.0,-0.5085,0.30498533724340177,12.3,38,1
p48-d0-positioning,48,0,0,1400,1.4131692039991322,1426,0.0,-0.5445,0.30498533724340177,12.3,38,1
p48-d0-positioning,48,0,0,1400,1.4491790020001645,1426,0.0,-0.5085,0.30498533724340177,12.3,38,1
p48-d0-positioning,48,0,0,1400,1.4851645229991846,1426,0.0,-0.5085,0.30498533724340177,12.3,38,1
p48-d0-positioning,48,0,0,1400,1.5231961169993156,1426,0.0,-0.5085,0.30498533724340177,12.3,38,1
p48-d0-positioning,48,0,0,1400,1.5612439319993427,1425,0.0,-0.5445,0.2932551319648094,12.3,38,1
p48-d0-positioning,48,0,0,1400,1.5972037680003268,1426,0.0,-0.5445,0.30498533724340177,12.5,38,1
p48-d0-positioning,48,0,0,1400,1.6352114549990802,1426,0.0,-0.5445,0.30498533724340177,12.5,38,1
p48-d0-positioning,48,0,0,1400,1.671237253000072,1426,0.0,-0.5399999999999999,0.30498533724340177,12.5,38,1
p48-d0-positioning,48,0,0,1400,1.7092151990000275,1425,0.0,-0.5399999999999999,0.2932551319648094,12.3,38,1
p48-d0-positioning,48,0,0,1400,1.7452127569995355,1426,0.0,-0.5085,0.30498533724340177,12.3,38,1
p48-d0-positioning,48,0,0,1400,1.7842211560000578,1426,0.0,-0.5399999999999999,0.30498533724340177,12.3,38,1
p48-d0-positioning,48,0,0,1400,1.824224656998922,1426,0.0,-0.5445,0.30498533724340177,12.3,38,1
p48-d0-positioning,48,0,0,1400,1.8642522119989735,1426,0.0,-0.5399999999999999,0.30498533724340177,12.3,38,1
p48-d0-positioning,48,0,0,1400,1.9012549090002722,1426,0.0,-0.5399999999999999,0.30498533724340177,12.3,38,1
p48-d0-positioning,48,0,0,1400,1.939281224998922,1425,0.0,-0.5399999999999999,0.2932551319648094,12.0,38,1
p48-d0-positioning,48,0,0,1400,1.9793945199999143,1426,0.0,-0.5399999999999999,0.30498533724340177,12.0,38,1
p48-d0-positioning,48,0,0,1400,2.0162946799991914,1425,0.0,-0.5399999999999999,0.2932551319648094,12.0,38,1
p48-d0-positioning,48,0,0,1400,2.0522746089991415,1426,0.0,-0.5399999999999999,0.30498533724340177,12.3,38,1
p48-d0-positioning,48,0,0,1400,2.09129098899939,1426,0.0,-0.5399999999999999,0.30498533724340177,12.3,38,1
p48-d0-positioning,48,0,0,1400,2.127302509999936,1426,0.0,-0.5399999999999999,0.30498533724340177,12.3,38,1
p48-d0-positioning,48,0,0,1400,2.1663040759995056,1426,0.0,-0.5399999999999999,0.30498533724340177,12.3,38,1
p48-d0-positioning,48,0,0,1400,2.2062944099998276,1426,0.0,-0.5445,0.30498533724340177,12.3,38,1
p48-d0-positioning,48,0,0,1400,2.246291946999918,1426,0.0,-0.5399999999999999,0.30498533724340177,12.3,38,1
p48-d0-positioning,48,0,0,1400,2.2842853929996636,1426,0.0,-0.5399999999999999,0.30498533724340177,12.0,38,1
p48-d0-positioning,48,0,0,1400,2.321311051999146,1426,0.0,-0.5399999999999999,0.30498533724340177,12.0,38,1
p48-d0-positioning,48,0,0,1400,2.358398598998974,1426,0.0,-0.5399999999999999,0.30498533724340177,12.0,38,1
p48-d0-positioning,48,0,0,1400,2.394472971000141,1426,0.0,-0.5399999999999999,0.30498533724340177,12.0,38,1
p48-d0-positioning,48,0,0,1400,2.430316955998933,1426,0.0,-0.5445,0.30498533724340177,12.0,38,1
p48-d0-positioning,48,0,0,1400,2.468328364999252,1426,0.0,-0.5399999999999999,0.30498533724340177,12.0,38,1
p48-d0-positioning,48,0,0,1400,2.5083189029992354,1426,0.0,-0.5399999999999999,0.30498533724340177,12.3,38,1
p48-d0-positioning,48,0,0,1400,2.5484066249991884,1426,0.0,-0.5445,0.30498533724340177,12.3,38,1
p48-d0-positioning,48,0,0,1400,2.5883365699992282,1425,0.0,-0.5399999999999999,0.2932551319648094,12.3,38,1
p48-d0-positioning,48,0,0,1400,2.6263485529998434,1425,0.0,-0.5399999999999999,0.2932551319648094,12.0,38,1
p48-d0-positioning,48,0,0,1400,2.664388109000356,1426,0.0,-0.5399999999999999,0.30498533724340177,12.0,38,1
p48-d0-positioning,48,0,0,1400,2.7013674730005732,1426,0.0,-0.5399999999999999,0.30498533724340177,12.0,38,1
p48-d0-positioning,48,0,0,1400,2.737374827000167,1426,0.0,-0.5399999999999999,0.30498533724340177,12.0,38,1
p48-d0-positioning,48,0,0,1400,2.775356902000567,1426,0.0,-0.5445,0.30498533724340177,12.3,38,1
p48-d0-positioning,48,0,0,1400,2.811371366999083,1426,0.0,-0.5399999999999999,0.30498533724340177,12.3,38,1
p48-d0-positioning,48,0,0,1400,2.8523819139991247,1426,0.0,-0.5399999999999999,0.30498533724340177,12.3,38,1
p48-d0-positioning,48,0,0,1400,2.8913783129992225,1426,0.0,-0.5399999999999999,0.30498533724340177,12.3,38,1
p48-d0-positioning,48,0,0,1400,2.9314109419992747,1426,0.0,-0.5399999999999999,0.30498533724340177,12.3,38,1
p48-d0-positioning,48,0,0,1400,2.969390222000584,1426,0.0,-0.5399999999999999,0.30498533724340177,12.3,38,1
p48-d0-positioning,48,0,0,1400,3.016381339999498,1426,0.0,-0.5399999999999999,0.30498533724340177,12.3,38,1
p48-d0-positioning,48,0,0,1400,3.052390008000657,1426,0.0,-0.5399999999999999,0.30498533724340177,12.3,38,1
p48-d0-positioning,48,0,0,1400,3.089397759998974,1426,0.0,-0.5399999999999999,0.30498533724340177,12.3,38,1
p48-d0-positioning,48,0,0,1400,3.1254075590004504,1426,0.0,-0.5399999999999999,0.30498533724340177,12.3,38,1
p48-d0-positioning,48,0,0,1400,3.162416162000227,1426,0.0,-0.5399999999999999,0.30498533724340177,12.3,38,1
p48-d0-positioning,48,0,0,1400,3.198419071999524,1426,0.0,-0.5399999999999999,0.30498533724340177,12.3,38,1
p48-d0-positioning,48,0,0,1400,3.2364337950002664,1426,0.0,-0.5399999999999999,0.30498533724340177,12.3,38,1
p48-d0-positioning,48,0,0,1400,3.2764404249992367,1426,0.0,-0.5399999999999999,0.30498533724340177,12.3,38,1
p48-d0-positioning,48,0,0,1400,3.3164359069996863,1426,0.0,-0.5399999999999999,0.30498533724340177,12.3,38,1
p48-d0-positioning,48,0,0,1400,3.356465610999294,1426,0.0,-0.5399999999999999,0.30498533724340177,12.5,38,1
p48-d0-positioning,48,0,0,1400,3.3934483079992788,1426,0.0,-0.5399999999999999,0.30498533724340177,12.5,38,1
p48-d0-positioning,48,0,0,1400,3.4304620219991193,1426,0.0,-0.5445,0.30498533724340177,12.5,38,1
p48-d0-positioning,48,0,0,1400,3.4664738020001096,1426,0.0,-0.5399999999999999,0.30498533724340177,12.3,38,1
p48-d0-positioning,48,0,0,1400,3.503463868999461,1426,0.0,-0.5399999999999999,0.30498533724340177,12.3,38,1
p48-d0-positioning,48,0,0,1400,3.5394778159989073,1426,0.0,-0.5399999999999999,0.30498533724340177,12.3,38,1
p48-d0-positioning,48,0,0,1400,3.577478928000346,1426,0.0,-0.5355,0.30498533724340177,12.3,38,1
p48-d0-positioning,48,0,0,1400,3.6144797729994025,1426,0.0,-0.5399999999999999,0.30498533724340177,12.3,38,1
p48-d0-positioning,48,0,0,1400,3.6524925519988756,1426,0.0,-0.5399999999999999,0.30498533724340177,12.3,38,1
p48-d0-positioning,48,0,0,1400,3.6894843589998345,1426,0.0,-0.5399999999999999,0.30498533724340177,12.0,38,1
p48-d0-positioning,48,0,0,1400,3.725501656999768,1426,0.0,-0.5399999999999999,0.30498533724340177,12.0,38,1
p48-d0-positioning,48,0,0,1400,3.761503456000355,1426,0.0,-0.5399999999999999,0.30498533724340177,12.0,38,1
p48-d0-positioning,48,0,0,1400,3.79751344000033,1426,0.0,-0.5399999999999999,0.30498533724340177,12.3,38,1
p48-d0-positioning,48,0,0,1400,3.835513607999019,1426,0.0,-0.5399999999999999,0.30498533724340177,12.3,38,1
p48-d0-positioning,48,0,0,1400,3.8715155539994157,1426,0.0,-0.5399999999999999,0.30498533724340177,12.3,38,1
p48-d0-positioning,48,0,0,1400,3.9085182509988954,1426,0.0,-0.5399999999999999,0.30498533724340177,12.3,38,1
p48-d0-positioning,48,0,0,1400,3.944527919000393,1426,0.0,-0.5399999999999999,0.30498533724340177,12.3,38,1
p48-d0-positioning,48,0,0,1400,3.980531847999373,1425,0.0,-0.5399999999999999,0.2932551319648094,12.3,38,1
p48-d0-positioning,48,0,0,1400,4.018537792999268,1426,0.0,-0.5445,0.30498533724340177,12.3,38,1
p48-d0-positioning,48,0,0,1400,4.054546221999772,1426,0.0,-0.5399999999999999,0.30498533724340177,12.0,38,1
p48-d0,48,0,0,1628,0.003998054000476259,1426,0.0,-0.5399999999999999,0.30498533724340177,12.0,38,1
p48-d0,48,0,0,1628,0.04001151900047262,1426,0.0,-0.504,0.2932551319648094,12.0,38,1
p48-d0,48,0,0,1628,0.07602970700099831,1426,0.0,-0.40499999999999997,0.25806451612903225,12.0,38,1
p48-d0,48,0,0,1628,0.11403068900108337,1426,0.0,-0.2565,0.21114369501466276,12.0,38,1
p48-d0,48,0,0,1628,0.1510550710008829,1426,0.0,-0.11249999999999999,0.14076246334310852,12.0,38,1
p48-d0,48,0,0,1628,0.18703316600112885,1426,0.0,-0.0045,0.05865102639296188,12.3,38,1
p48-d0,48,0,0,1628,0.22502977800104418,1426,0.0,0.0225,0.0469208211143695,12.3,38,1
p48-d0,48,0,0,1628,0.26103781800156867,1426,0.0,0.2565,0.17595307917888564,12.3,38,1
p48-d0,48,0,0,1628,0.29803756900037115,1426,0.0,0.5445,0.3284457478005865,12.3,38,1
p48-d0,48,0,0,1628,0.3340580530002626,1435,24.624000000000002,0.6345,0.32453567937438904,12.3,38,1
p48-d0,48,0,0,1628,0.37005909200161113,1449,30.096000000000004,0.6705,0.32453567937438904,12.3,38,1
p48-d0,48,0,0,1628,0.40806453799996234,1470,46.512,0.43649999999999994,0.2434017595307918,12.0,38,1
p48-d0,48,0,0,1628,0.445082567001009,1495,54.720000000000006,0.23399999999999999,0.14467253176930597,12.0,38,1
p48-d0,48,0,0,1628,0.48108394000155386,1517,46.512,0.207,0.10263929618768329,12.0,38,1
p48-d0,48,0,0,1628,0.519062108000071,1531,27.360000000000003,0.288,0.17790811339198437,12.3,38,1
p48-d0,48,0,0,1628,0.5550884070016764,1544,27.360000000000003,0.3645,0.2130987292277615,12.3,38,1
p48-d0,48,0,0,1628,0.592090399000881,1556,27.360000000000003,0.45449999999999996,0.22482893450635386,12.3,38,1
p48-d0,48,0,0,1628,0.6300933260008605,1567,24.624000000000002,0.3555,0.23069403714565004,12.3,38,1
p48-d0,48,0,0,1628,0.6661212540002452,1583,35.568000000000005,0.243,0.1378299120234604,12.3,38,1
p48-d0,48,0,0,1628,0.7031160990009084,1593,19.152,0.252,0.14858260019550343,12.3,38,1
p48-d0,48,0,0,1628,0.7411115260001679,1600,19.152,0.144,0.14858260019550343,12.3,38,1
p48-d0,48,0,0,1628,0.7771260280005663,1609,16.416,0.16199999999999998,0.10654936461388075,12.3,38,1
p48-d0,48,0,0,1628,0.8141180390011868,1608,0.0,0.27899999999999997,0.187683284457478,12.3,38,1
p48-d0,48,0,0,1628,0.8511273650001385,1608,0.0,0.33749999999999997,0.21114369501466276,12.3,38,1
p48-d0,48,0,0,1628,0.888133727999957,1607,0.0,0.3735,0.23460410557184752,12.3,38,1
p48-d0,48,0,0,1628,0.9251362580016576,1606,0.0,0.4095,0.24633431085043989,12.3,38,1
p48-d0,48,0,0,1628,0.9631383890009602,1607,0.0,0.3735,0.23460410557184752,12.3,38,1
p48-d0,48,0,0,1628,0.9991513910008507,1607,0.0,0.3735,0.23460410557184752,12.3,38,1
p48-d0,48,0,0,1628,1.0361535320007533,1607,0.0,0.37799999999999995,0.23460410557184752,12.3,38,1
p48-d0,48,0,0,1628,1.0741586809999717,1607,0.0,0.37799999999999995,0.23460410557184752,12.3,38,1
p48-d0,48,0,0,1628,1.1111687660013558,1607,0.0,0.4095,0.23460410557184752,12.3,38,1
p48-d0,48,0,0,1628,1.1481670730008773,1607,0.0,0.4095,0.23460410557184752,12.3,38,1
p48-d0,48,0,0,1628,1.1861726670013013,1607,0.0,0.3735,0.23460410557184752,12.3,38,1
p48-d0,48,0,0,1628,1.2221747990006406,1607,0.0,0.37799999999999995,0.23460410557184752,12.3,38,1
p48-d0,48,0,0,1628,1.2591841440007556,1607,0.0,0.37799999999999995,0.23460410557184752,12.3,38,1
p48-d0,48,0,0,1628,1.2951903680004762,1607,0.0,0.37799999999999995,0.23460410557184752,12.3,38,1
p48-d0,48,0,0,1628,1.332192046000273,1607,0.0,0.37799999999999995,0.23460410557184752,12.5,38,1
p48-d0,48,0,0,1628,1.3702057509999577,1607,0.0,0.37799999999999995,0.23460410557184752,12.5,38,1
p48-d0,48,0,0,1628,1.4072092990008969,1607,0.0,0.3735,0.23460410557184752,12.5,38,1
p48-d0,48,0,0,1628,1.4442183099999966,1607,0.0,0.37799999999999995,0.23460410557184752,12.3,38,1
p48-d0,48,0,0,1628,1.4822281630004,1607,0.0,0.37799999999999995,0.23460410557184752,12.3,38,1
p48-d0,48,0,0,1628,1.5182227580007748,1606,0.0,0.3735,0.23460410557184752,12.3,38,1
p48-d0,48,0,0,1628,1.5552230280009098,1607,0.0,0.3735,0.23460410557184752,12.3,38,1
p48-d0,48,0,0,1628,1.593220252001629,1606,0.0,0.37799999999999995,0.24633431085043989,12.3,38,1
p48-d0,48,0,0,1628,1.6292582170008245,1607,0.0,0.37799999999999995,0.23460410557184752,12.3,38,1
p48-d0,48,0,0,1628,1.666245839000112,1607,0.0,0.3735,0.23460410557184752,12.3,38,1
p48-d0,48,0,0,1628,1.7042694880001363,1607,0.0,0.37799999999999995,0.23460410557184752,12.0,38,1
p48-d0,48,0,0,1628,1.7412720550000813,1607,0.0,0.37799999999999995,0.23460410557184752,12.0,38,1
p48-d0,48,0,0,1628,1.7782779730005132,1607,0.0,0.3735,0.23460410557184752,12.0,38,1
p48-d0,48,0,0,1628,1.814270568000211,1607,0.0,0.37799999999999995,0.23460410557184752,12.0,38,1
p48-d0,48,0,0,1628,1.8502769590013486,1607,0.0,0.37799999999999995,0.23460410557184752,12.0,38,1
p48-d0,48,0,0,1628,1.8872737110013986,1607,0.0,0.37799999999999995,0.23460410557184752,12.0,38,1
p48-d0,48,0,0,1628,1.9243001480008388,1607,0.0,0.37799999999999995,0.23460410557184752,12.3,38,1
p48-d0,48,0,0,1628,1.961299141001291,1607,0.0,0.4095,0.23460410557184752,12.3,38,1
p48-d0,48,0,0,1628,1.9993049200002133,1607,0.0,0.37799999999999995,0.23460410557184752,12.3,38,1
p48-d0,48,0,0,1628,2.035309385000801,1607,0.0,0.37799999999999995,0.23460410557184752,12.0,38,1
p48-d0,48,0,0,1628,2.0723098030011897,1607,0.0,0.3735,0.23460410557184752,12.0,38,1
p48-d0,48,0,0,1628,2.108307861000867,1606,0.0,0.40499999999999997,0.24633431085043989,12.0,38,1
p48-d0,48,0,0,1628,2.1443108080002276,1607,0.0,0.37799999999999995,0.23460410557184752,12.1,38,1
p48-d0,48,0,0,1628,2.1813325970015285,1607,0.0,0.37799999999999995,0.23460410557184752,12.1,38,1
p48-d0,48,0,0,1628,2.218342145000861,1607,0.0,0.37799999999999995,0.23460410557184752,12.1,38,1
p48-d0,48,0,0,1628,2.2543553880004765,1607,0.0,0.37799999999999995,0.23460410557184752,12.3,38,1
p48-d0,48,0,0,1628,2.290341353000258,1607,0.0,0.37799999999999995,0.23460410557184752,12.3,38,1
p48-d0,48,0,0,1628,2.3263438740013953,1607,0.0,0.37799999999999995,0.23460410557184752,12.3,38,1
p48-d0,48,0,0,1628,2.3623425610003324,1607,0.0,0.37799999999999995,0.23460410557184752,12.3,38,1
p48-d0,48,0,0,1628,2.3983598970007733,1607,0.0,0.3735,0.23460410557184752,12.3,38,1
p48-d0,48,0,0,1628,2.4353587969999353,1607,0.0,0.37799999999999995,0.23460410557184752,12.3,38,1
p48-d0,48,0,0,1628,2.4723630110001977,1607,0.0,0.37799999999999995,0.23460410557184752,12.3,38,1
p48-d0,48,0,0,1628,2.5083717360012088,1607,0.0,0.37799999999999995,0.23460410557184752,12.3,38,1
p48-d0,48,0,0,1628,2.5443764420015214,1607,0.0,0.37799999999999995,0.23460410557184752,12.3,38,1
p48-d0,48,0,0,1628,2.580376370000522,1607,0.0,0.37799999999999995,0.23460410557184752,12.3,38,1
p48-d0,48,0,0,1628,2.6193791020014032,1607,0.0,0.37799999999999995,0.23460410557184752,12.3,38,1
p48-d0,48,0,0,1628,2.6554236600004515,1607,0.0,0.3735,0.23460410557184752,12.3,38,1
p48-d0,48,0,0,1628,2.6924035040010494,1607,0.0,0.3735,0.23460410557184752,12.3,38,1
p48-d0,48,0,0,1628,2.729399330000888,1607,0.0,0.37799999999999995,0.23460410557184752,12.3,38,1
p48-d0,48,0,0,1628,2.766399915000875,1607,0.0,0.37799999999999995,0.23460410557184752,12.3,38,1
p48-d0,48,0,0,1628,2.8034142410015193,1607,0.0,0.3735,0.23460410557184752,12.3,38,1
p48-d0,48,0,0,1628,2.83941161400071,1607,0.0,0.37799999999999995,0.23460410557184752,12.3,38,1
p48-d0,48,0,0,1628,2.875425134001489,1607,0.0,0.3735,0.23460410557184752,12.3,38,1
p48-d0,48,0,0,1628,2.912439423000251,1607,0.0,0.37799999999999995,0.23460410557184752,12.3,38,1
p48-d0,48,0,0,1628,2.949471990001257,1607,0.0,0.37799999999999995,0.23460410557184752,12.3,38,1
p48-d0,48,0,0,1628,2.9854551770004036,1607,0.0,0.37799999999999995,0.23460410557184752,12.3,38,1
p48-d0,48,0,0,1628,3.023456086000806,1606,0.0,0.37799999999999995,0.24633431085043989,12.3,38,1
p48-d0,48,0,0,1628,3.0594596620012453,1607,0.0,0.37799999999999995,0.23460410557184752,12.3,38,1
p48-d0,48,0,0,1628,3.096461340001042,1607,0.0,0.37799999999999995,0.23460410557184752,12.3,38,1
p48-d0,48,0,0,1628,3.132481953000024,1607,0.0,0.3735,0.23460410557184752,12.3,38,1
p48-d0,48,0,0,1628,3.1685081770010584,1607,0.0,0.39599999999999996,0.23460410557184752,12.3,38,1
p48-d0,48,0,0,1628,3.2054823000016768,1607,0.0,0.37799999999999995,0.23460410557184752,12.3,38,1
p48-d0,48,0,0,1628,3.2424861260005855,1607,0.0,0.37799999999999995,0.23460410557184752,12.3,38,1
p48-d0,48,0,0,1628,3.2784881470015534,1607,0.0,0.37799999999999995,0.23460410557184752,12.3,38,1
p48-d0,48,0,0,1628,3.3145031860003655,1607,0.0,0.37799999999999995,0.23460410557184752,12.3,38,1
p48-d0,48,0,0,1628,3.3505057620004663,1607,0.0,0.37799999999999995,0.23460410557184752,12.3,38,1
p48-d0,48,0,0,1628,3.3885038560001703,1607,0.0,0.3735,0.23460410557184752,12.3,38,1
p48-d0,48,0,0,1628,3.4255092560015328,1607,0.0,0.3735,0.23460410557184752,12.3,38,1
p48-d0,48,0,0,1628,3.462542174000191,1607,0.0,0.3735,0.23460410557184752,12.3,38,1
p48-d0,48,0,0,1628,3.4995285190016148,1607,0.0,0.37799999999999995,0.23460410557184752,12.3,38,1
p48-d0,48,0,0,1400,0.003994756998508819,1607,0.0,0.37799999999999995,0.23460410557184752,12.0,38,1
p48-d0,48,0,0,1400,0.041998609998699976,1607,0.0,0.315,0.22287390029325513,12.0,38,1
p48-d0,48,0,0,1400,0.07900313999925856,1607,0.0,0.22049999999999997,0.187683284457478,12.0,38,1
p48-d0,48,0,0,1400,0.11500645699925371,1606,0.0,0.09899999999999999,0.14076246334310852,12.3,38,1
p48-d0,48,0,0,1400,0.15101562599920726,1607,0.0,0.0045,0.05865102639296188,12.3,38,1
p48-d0,48,0,0,1400,0.18701453499852505,1607,0.0,-0.0045,0.02346041055718475,12.3,38,1
p48-d0,48,0,0,1400,0.2250993509987893,1607,0.0,-0.19349999999999998,0.14076246334310852,12.3,38,1
p48-d0,48,0,0,1400,0.26209662099972775,1607,0.0,-0.513,0.2697947214076246,12.3,38,1
p48-d0,48,0,0,1400,0.2980935679988761,1602,-13.680000000000001,-0.5984999999999999,0.3235581622678397,12.3,38,1
p48-d0,48,0,0,1400,0.33502778299953206,1590,-27.360000000000003,-0.6435,0.31867057673509286,12.1,38,1
p48-d0,48,0,0,1400,0.37109706299997924,1573,-38.304,-0.585,0.2727272727272727,12.1,38,1
p48-d0,48,0,0,1400,0.40710208299969963,1551,-49.248000000000005,-0.38699999999999996,0.20234604105571846,12.1,38,1
p48-d0,48,0,0,1400,0.4431057519996102,1528,-49.248000000000005,-0.288,0.1436950146627566,12.1,38,1
p48-d0,48,0,0,1400,0.48110614299912413,1505,-46.512,-0.20249999999999999,0.10263929618768329,12.3,38,1
p48-d0,48,0,0,1400,0.518147634998968,1493,-21.888,-0.288,0.2013685239491691,12.3,38,1
p48-d0,48,0,0,1400,0.5551132199998392,1478,-35.568000000000005,-0.26999999999999996,0.16129032258064516,12.3,38,1
p48-d0,48,0,0,1400,0.592127656998855,1467,-21.888,-0.38249999999999995,0.2130987292277615,12.3,38,1
p48-d0,48,0,0,1400,0.6291170019994752,1456,-24.624000000000002,-0.33299999999999996,0.21896383186705767,12.3,38,1
p48-d0,48,0,0,1400,0.6662558259995421,1442,-27.360000000000003,-0.22949999999999998,0.16617790811339198,12.3,38,1
p48-d0,48,0,0,1400,0.7041344029985339,1430,-27.360000000000003,-0.153,0.11925708699902249,12.3,38,1
p48-d0,48,0,0,1400,0.7401827379999304,1422,-13.680000000000001,-0.153,0.1241446725317693,12.3,38,1
p48-d0,48,0,0,1400,0.7771156199996767,1422,0.0,-0.288,0.21114369501466276,12.3,38,1
p48-d0,48,0,0,1400,0.8141170019989659,1422,0.0,-0.43649999999999994,0.25806451612903225,12.3,38,1
p48-d0,48,0,0,1400,0.8511156609984027,1426,8.208,-0.5399999999999999,0.32160312805474095,12.3,38,1
p48-d0,48,0,0,1400,0.8881344679994072,1425,0.0,-0.504,0.2932551319648094,12.3,38,1
p48-d0,48,0,0,1400,0.9271651449998899,1424,0.0,-0.4725,0.28152492668621704,12.5,38,1
p48-d0,48,0,0,1400,0.9671346449995326,1421,-5.472,-0.369,0.23558162267839688,12.5,38,1
p48-d0,48,0,0,1400,1.003141165998386,1420,0.0,-0.3735,0.23460410557184752,12.5,38,1
p48-d0,48,0,0,1400,1.042182953999145,1421,0.0,-0.3735,0.24633431085043989,12.3,38,1
p48-d0,48,0,0,1400,1.080165584999122,1422,0.0,-0.40049999999999997,0.25806451612903225,12.3,38,1
p48-d0,48,0,0,1400,1.1171887439995771,1424,5.472,-0.4725,0.29227761485826004,12.3,38,1
p48-d0,48,0,0,1400,1.1541786989982938,1424,0.0,-0.4725,0.28152492668621704,12.3,38,1
p48-d0,48,0,0,1400,1.1901793679990078,1424,0.0,-0.46349999999999997,0.28152492668621704,12.3,38,1
p48-d0,48,0,0,1400,1.226170629999615,1423,0.0,-0.43649999999999994,0.2697947214076246,12.3,38,1
p48-d0,48,0,0,1400,1.2621793539983628,1423,0.0,-0.43649999999999994,0.2697947214076246,12.3,38,1
p48-d0,48,0,0,1400,1.3001917079982377,1423,0.0,-0.43649999999999994,0.2697947214076246,12.0,38,1
p48-d0,48,0,0,1400,1.3372034409985645,1424,0.0,-0.46799999999999997,0.28152492668621704,12.0,38,1
p48-d0,48,0,0,1400,1.3742017299991858,1424,0.0,-0.46799999999999997,0.28152492668621704,12.0,38,1
p48-d0,48,0,0,1400,1.4112022219997016,1423,0.0,-0.4725,0.2697947214076246,12.3,38,1
p48-d0,48,0,0,1400,1.448209288999351,1423,0.0,-0.43649999999999994,0.2697947214076246,12.3,38,1
p48-d0,48,0,0,1400,1.4842269389991998,1423,0.0,-0.43649999999999994,0.2697947214076246,12.3,38,1
p48-d0,48,0,0,1400,1.5202245519994904,1423,0.0,-0.43649999999999994,0.2697947214076246,12.3,38,1
p48-d0,48,0,0,1400,1.5582327199990686,1424,0.0,-0.4725,0.28152492668621704,12.3,38,1
p48-d0,48,0,0,1400,1.5982272759993066,1424,0.0,-0.46799999999999997,0.28152492668621704,12.3,38,1
p48-d0,48,0,0,1400,1.636239036999541,1424,0.0,-0.43649999999999994,0.28152492668621704,12.0,38,1
p48-d0,48,0,0,1400,1.6742680569986987,1423,0.0,-0.44099999999999995,0.2697947214076246,12.0,38,1
p48-d0,48,0,0,1400,1.7112469009989582,1423,0.0,-0.43649999999999994,0.2697947214076246,12.0,38,1
p48-d0,48,0,0,1400,1.7472534399985307,1423,0.0,-0.43649999999999994,0.2697947214076246,12.0,38,1
p48-d0,48,0,0,1400,1.7852548489991023,1424,0.0,-0.46799999999999997,0.28152492668621704,12.0,38,1
p48-d0,48,0,0,1400,1.821280943999227,1424,0.0,-0.46799999999999997,0.28152492668621704,12.0,38,1
p48-d0,48,0,0,1400,1.8592936119985097,1423,0.0,-0.43649999999999994,0.2697947214076246,12.3,38,1
p48-d0,48,0,0,1400,1.8952867619991594,1423,0.0,-0.43649999999999994,0.2697947214076246,12.3,38,1
p48-d0,48,0,0,1400,1.9312836719982442,1423,0.0,-0.44099999999999995,0.2697947214076246,12.3,38,1
p48-d0,48,0,0,1400,1.9683067569985724,1423,0.0,-0.43649999999999994,0.2697947214076246,12.0,38,1
p48-d0,48,0,0,1400,2.005724893999286,1424,0.0,-0.43649999999999994,0.28152492668621704,12.0,38,1
p48-d0,48,0,0,1400,2.0413119549994008,1424,0.0,-0.46799999999999997,0.28152492668621704,12.0,38,1
p48-d0,48,0,0,1400,2.0773224759996083,1423,0.0,-0.43649999999999994,0.2697947214076246,12.0,38,1
p48-d0,48,0,0,1400,2.1143187089983257,1424,0.0,-0.4725,0.28152492668621704,12.3,38,1
p48-d0,48,0,0,1400,2.1523194889996375,1423,0.0,-0.44099999999999995,0.2697947214076246,12.3,38,1
p48-d0,48,0,0,1400,2.1893112219986506,1424,0.0,-0.46799999999999997,0.28152492668621704,12.3,38,1
p48-d0,48,0,0,1400,2.22631041799832,1424,0.0,-0.46799999999999997,0.28152492668621704,12.3,38,1
p48-d0,48,0,0,1400,2.2633193919991754,1424,0.0,-0.43649999999999994,0.28152492668621704,12.3,38,1
p48-d0,48,0,0,1400,2.3003257179989305,1423,0.0,-0.43649999999999994,0.2697947214076246,12.3,38,1
p48-d0,48,0,0,1400,2.3363278309989255,1423,0.0,-0.43649999999999994,0.2697947214076246,12.3,38,1
p48-d0,48,0,0,1400,2.372372332998566,1424,0.0,-0.46349999999999997,0.28152492668621704,12.3,38,1
p48-d0,48,0,0,1400,2.410356371998205,1424,0.0,-0.46799999999999997,0.28152492668621704,12.3,38,1
p48-d0,48,0,0,1400,2.450343834998421,1423,0.0,-0.46799999999999997,0.2697947214076246,12.3,38,1
p48-d0,48,0,0,1400,2.4883689479993336,1423,0.0,-0.43649999999999994,0.2697947214076246,12.3,38,1
p48-d0,48,0,0,1400,2.525370847999511,1423,0.0,-0.43649999999999994,0.2697947214076246,12.3,38,1
p48-d0,48,0,0,1400,2.562373080998441,1423,0.0,-0.43649999999999994,0.2697947214076246,12.3,38,1
p48-d0,48,0,0,1400,2.5983902309999394,1424,0.0,-0.46799999999999997,0.28152492668621704,12.3,38,1
p48-d0,48,0,0,1400,2.634394529999554,1424,0.0,-0.43649999999999994,0.28152492668621704,12.3,38,1
p48-d0,48,0,0,1400,2.6703903839988925,1423,0.0,-0.46799999999999997,0.2697947214076246,12.3,38,1
p48-d0,48,0,0,1400,2.708407754998916,1424,0.0,-0.43649999999999994,0.28152492668621704,12.3,38,1
p48-d0,48,0,0,1400,2.7453999889985425,1423,0.0,-0.43649999999999994,0.2697947214076246,12.3,38,1
p48-d0,48,0,0,1400,2.7824168519982777,1423,0.0,-0.46799999999999997,0.2697947214076246,12.3,38,1
p48-d0,48,0,0,1400,2.820743701999163,1424,0.0,-0.46349999999999997,0.28152492668621704,12.3,38,1
p48-d0,48,0,0,1400,2.856418836998273,1424,0.0,-0.43649999999999994,0.28152492668621704,12.3,38,1
p48-d0,48,0,0,1400,2.892412412998965,1424,0.0,-0.46799999999999997,0.28152492668621704,12.3,38,1
p48-d0,48,0,0,1400,2.9284364889990684,1423,0.0,-0.43649999999999994,0.2697947214076246,12.3,38,1
p48-d0,48,0,0,1400,2.966433693998624,1423,0.0,-0.43649999999999994,0.2697947214076246,12.3,38,1
p48-d0,48,0,0,1400,3.006443712998589,1424,0.0,-0.43649999999999994,0.28152492668621704,12.3,38,1
p48-d0,48,0,0,1400,3.0444684179983597,1424,0.0,-0.44099999999999995,0.28152492668621704,12.0,38,1
p48-d0,48,0,0,1400,3.082446437998442,1423,0.0,-0.43649999999999994,0.2697947214076246,12.0,38,1
p48-d0,48,0,0,1400,3.119482652999068,1423,0.0,-0.43649999999999994,0.2697947214076246,12.0,38,1
p48-d0,48,0,0,1400,3.155473635999442,1424,0.0,-0.43649999999999994,0.28152492668621704,12.3,38,1
p48-d0,48,0,0,1400,3.193446359999143,1423,0.0,-0.43649999999999994,0.2697947214076246,12.3,38,1
p48-d0,48,0,0,1400,3.2294657879992883,1423,0.0,-0.43649999999999994,0.2697947214076246,12.3,38,1
p48-d0,48,0,0,1400,3.2695034179996583,1424,0.0,-0.43649999999999994,0.28152492668621704,12.3,38,1
p48-d0,48,0,0,1400,3.3095085299992206,1423,0.0,-0.43649999999999994,0.2697947214076246,12.3,38,1
p48-d0,48,0,0,1400,3.3494693449993065,1423,0.0,-0.43649999999999994,0.2697947214076246,12.3,38,1
p48-d0,48,0,0,1400,3.3894874199995684,1423,0.0,-0.43649999999999994,0.2697947214076246,12.1,38,1
p48-d0,48,0,0,1400,3.4264986899997893,1424,0.0,-0.4725,0.28152492668621704,12.1,38,1
p48-d0,48,0,0,1400,3.4634964789984224,1423,0.0,-0.4725,0.2697947214076246,12.1,38,1
p48-d0,48,0,0,1400,3.500494470999911,1423,0.0,-0.46349999999999997,0.2697947214076246,12.0,38,1
p64-d0-positioning,64,0,0,1400,0.0050510249984654365,1423,0.0,0.0,0.0,12.3,38,1
p64-d0-positioning,64,0,0,1400,0.042009277998658945,1423,0.0,-0.0045,0.015640273704789834,12.3,38,1
p64-d0-positioning,64,0,0,1400,0.0780021869995835,1423,0.0,-0.0315,0.06256109481915934,12.3,38,1
p64-d0-positioning,64,0,0,1400,0.11600609599918243,1423,0.0,-0.16199999999999998,0.14076246334310852,12.3,38,1
p64-d0-positioning,64,0,0,1400,0.15300031099832268,1424,0.0,-0.38249999999999995,0.25024437927663734,12.1,38,1
p64-d0-positioning,64,0,0,1400,0.18901833199925022,1424,0.0,-0.6074999999999999,0.3128054740957967,12.1,38,1
p64-d0-positioning,64,0,0,1400,0.22503418599990255,1423,0.0,-0.576,0.34408602150537637,12.1,38,1
p64-d0-positioning,64,0,0,1400,0.264028324998435,1413,-21.888,-0.22499999999999998,0.15835777126099707,12.3,38,1
p64-d0-positioning,64,0,0,1400,0.3040534920000937,1410,-5.472,-0.10799999999999998,0.14565004887585534,12.3,38,1
p64-d0-positioning,64,0,0,1400,0.3440395299985539,1404,-8.208,-0.05399999999999999,0.06158357771260997,12.3,38,1
p64-d0-positioning,64,0,0,1400,0.38404340099987166,1406,0.0,-0.08099999999999999,0.10948191593352884,12.3,38,1
p64-d0-positioning,64,0,0,1400,0.4210600409987819,1409,5.472,-0.16199999999999998,0.15151515151515152,12.3,38,1
p64-d0-positioning,64,0,0,1400,0.4590773939999053,1412,0.0,-0.22949999999999998,0.187683284457478,12.3,38,1
p64-d0-positioning,64,0,0,1400,0.49506697099968733,1412,0.0,-0.22949999999999998,0.187683284457478,12.3,38,1
p64-d0-positioning,64,0,0,1400,0.5320689259988285,1411,0.0,-0.19799999999999998,0.17204301075268819,12.3,38,1
p64-d0-positioning,64,0,0,1400,0.5680792989987822,1409,-5.472,-0.13049999999999998,0.1300097751710655,12.3,38,1
p64-d0-positioning,64,0,0,1400,0.6060880409986567,1409,0.0,-0.13049999999999998,0.14076246334310852,12.3,38,1
p64-d0-positioning,64,0,0,1400,0.6460937639985787,1409,0.0,-0.13499999999999998,0.14076246334310852,12.3,38,1
p64-d0-positioning,64,0,0,1400,0.6830965519984602,1409,0.0,-0.16199999999999998,0.14076246334310852,12.3,38,1
p64-d0-positioning,64,0,0,1400,0.7211062939986732,1410,0.0,-0.16199999999999998,0.15640273704789834,12.3,38,1
p64-d0-positioning,64,0,0,1400,0.7581191760000365,1410,0.0,-0.16199999999999998,0.15640273704789834,12.3,38,1
p64-d0-positioning,64,0,0,1400,0.7951005759987311,1409,0.0,-0.16199999999999998,0.14076246334310852,12.3,38,1
p64-d0-positioning,64,0,0,1400,0.833119650998924,1409,0.0,-0.13499999999999998,0.14076246334310852,12.3,38,1
p64-d0-positioning,64,0,0,1400,0.8691141539984528,1409,0.0,-0.13049999999999998,0.14076246334310852,12.3,38,1
p64-d0-positioning,64,0,0,1400,0.9061498859991843,1410,0.0,-0.16199999999999998,0.15640273704789834,12.3,38,1
p64-d0-positioning,64,0,0,1400,0.944124813999224,1410,0.0,-0.16649999999999998,0.15640273704789834,12.3,38,1
p64-d0-positioning,64,0,0,1400,0.9811294729988731,1410,0.0,-0.13499999999999998,0.15640273704789834,12.3,38,1
p64-d0-positioning,64,0,0,1400,1.0171309199995449,1409,0.0,-0.13499999999999998,0.14076246334310852,12.3,38,1
p64-d0-positioning,64,0,0,1400,1.055146402999526,1410,0.0,-0.13049999999999998,0.15640273704789834,12.3,38,1
p64-d0-positioning,64,0,0,1400,1.0911861079985101,1410,0.0,-0.13049999999999998,0.15640273704789834,12.3,38,1
p64-d0-positioning,64,0,0,1400,1.1281519529984507,1409,0.0,-0.16199999999999998,0.14076246334310852,12.3,38,1
p64-d0-positioning,64,0,0,1400,1.166156046998367,1410,0.0,-0.13949999999999999,0.15640273704789834,12.3,38,1
p64-d0-positioning,64,0,0,1400,1.2031807979983569,1410,0.0,-0.13499999999999998,0.15640273704789834,12.3,38,1
p64-d0-positioning,64,0,0,1400,1.243159409999862,1409,0.0,-0.16649999999999998,0.14076246334310852,12.3,38,1
p64-d0-positioning,64,0,0,1400,1.279165986999942,1409,0.0,-0.16649999999999998,0.14076246334310852,12.3,38,1
p64-d0-positioning,64,0,0,1400,1.3171869509988028,1409,0.0,-0.16199999999999998,0.14076246334310852,12.3,38,1
p64-d0-positioning,64,0,0,1400,1.3541788139991695,1410,0.0,-0.16199999999999998,0.15640273704789834,12.3,38,1
p64-d0-positioning,64,0,0,1400,1.3901933709985315,1409,0.0,-0.1575,0.14076246334310852,12.3,38,1
p64-d0-positioning,64,0,0,1400,1.4281732799991005,1409,0.0,-0.16199999999999998,0.14076246334310852,12.1,38,1
p64-d0-positioning,64,0,0,1400,1.4641843009994773,1409,0.0,-0.13499999999999998,0.14076246334310852,12.1,38,1
p64-d0-positioning,64,0,0,1400,1.500173228998392,1409,0.0,-0.13049999999999998,0.14076246334310852,12.1,38,1
p64-d0-positioning,64,0,0,1400,1.5381973599996854,1409,0.0,-0.16199999999999998,0.14076246334310852,12.1,38,1
p64-d0-positioning,64,0,0,1400,1.5751903709988255,1410,0.0,-0.16199999999999998,0.15640273704789834,12.1,38,1
p64-d0-positioning,64,0,0,1400,1.6114779449999332,1410,0.0,-0.16649999999999998,0.15640273704789834,12.1,38,1
p64-d0-positioning,64,0,0,1400,1.6511983549989964,1409,0.0,-0.13499999999999998,0.14076246334310852,12.1,38,1
p64-d0-positioning,64,0,0,1400,1.6892025049983204,1410,0.0,-0.13049999999999998,0.14076246334310852,12.3,38,1
p64-d0-positioning,64,0,0,1400,1.7252169149996917,1409,0.0,-0.16199999999999998,0.14076246334310852,12.3,38,1
p64-d0-positioning,64,0,0,1400,1.7622302769996168,1409,0.0,-0.16199999999999998,0.14076246334310852,12.3,38,1
p64-d0-positioning,64,0,0,1400,1.800239315998624,1409,0.0,-0.16649999999999998,0.14076246334310852,12.1,38,1
p64-d0-positioning,64,0,0,1400,1.8362362069983647,1409,0.0,-0.16649999999999998,0.14076246334310852,12.1,38,1
p64-d0-positioning,64,0,0,1400,1.873242958999981,1409,0.0,-0.13049999999999998,0.14076246334310852,12.1,38,1
p64-d0-positioning,64,0,0,1400,1.9092484239990881,1409,0.0,-0.13499999999999998,0.14076246334310852,12.3,38,1
p64-d0-positioning,64,0,0,1400,1.9452507409987447,1410,0.0,-0.16199999999999998,0.15640273704789834,12.3,38,1
p64-d0-positioning,64,0,0,1400,1.983265463999487,1410,0.0,-0.16199999999999998,0.15640273704789834,12.3,38,1
p64-d0-positioning,64,0,0,1400,2.019276669998362,1410,0.0,-0.16199999999999998,0.15640273704789834,12.3,38,1
p64-d0-positioning,64,0,0,1400,2.0552800609984843,1410,0.0,-0.13499999999999998,0.15640273704789834,12.3,38,1
p64-d0-positioning,64,0,0,1400,2.0932821739988867,1409,0.0,-0.13499999999999998,0.14076246334310852,12.3,38,1
p64-d0-positioning,64,0,0,1400,2.1310408069984987,1410,0.0,-0.13049999999999998,0.15640273704789834,12.3,38,1
p64-d0-positioning,64,0,0,1400,2.166311630999189,1409,0.0,-0.16199999999999998,0.14076246334310852,12.3,38,1
p64-d0-positioning,64,0,0,1400,2.2042849479985307,1409,0.0,-0.16199999999999998,0.14076246334310852,12.3,38,1
p64-d0-positioning,64,0,0,1400,2.2403108939997765,1410,0.0,-0.16199999999999998,0.15640273704789834,12.3,38,1
p64-d0-positioning,64,0,0,1400,2.277546513998459,1409,0.0,-0.13049999999999998,0.14076246334310852,12.3,38,1
p64-d0-positioning,64,0,0,1400,2.3153316659991106,1410,0.0,-0.16649999999999998,0.15640273704789834,12.3,38,1
p64-d0-positioning,64,0,0,1400,2.3513293159994646,1409,0.0,-0.16649999999999998,0.14076246334310852,12.3,38,1
p64-d0-positioning,64,0,0,1400,2.391042874998675,1410,0.0,-0.13499999999999998,0.15640273704789834,12.3,38,1
p64-d0-positioning,64,0,0,1400,2.428330308999648,1410,0.0,-0.16199999999999998,0.15640273704789834,12.3,38,1
p64-d0-positioning,64,0,0,1400,2.464343755998925,1409,0.0,-0.13049999999999998,0.15640273704789834,12.3,38,1
p64-d0-positioning,64,0,0,1400,2.502332423999178,1410,0.0,-0.16649999999999998,0.15640273704789834,12.3,38,1
p64-d0-positioning,64,0,0,1400,2.539344101998722,1410,0.0,-0.16199999999999998,0.15640273704789834,12.3,38,1
p64-d0-positioning,64,0,0,1400,2.5763589829984994,1410,0.0,-0.13049999999999998,0.15640273704789834,12.3,38,1
p64-d0-positioning,64,0,0,1400,2.613359363998825,1410,0.0,-0.13499999999999998,0.15640273704789834,12.3,38,1
p64-d0-positioning,64,0,0,1400,2.651367346999905,1409,0.0,-0.16199999999999998,0.14076246334310852,12.3,38,1
p64-d0-positioning,64,0,0,1400,2.688364579998961,1409,0.0,-0.16199999999999998,0.14076246334310852,12.3,38,1
p64-d0-positioning,64,0,0,1400,2.7253650549992017,1410,0.0,-0.13499999999999998,0.15640273704789834,12.3,38,1
p64-d0-positioning,64,0,0,1400,2.763365408000027,1409,0.0,-0.1575,0.14076246334310852,12.3,38,1
p64-d0-positioning,64,0,0,1400,2.799373742998796,1410,0.0,-0.16199999999999998,0.15640273704789834,12.3,38,1
p64-d0-positioning,64,0,0,1400,2.8363848279986996,1409,0.0,-0.1485,0.14076246334310852,12.3,38,1
p64-d0-positioning,64,0,0,1400,2.874426754999149,1410,0.0,-0.13499999999999998,0.15640273704789834,12.3,38,1
p64-d0-positioning,64,0,0,1400,2.9104049429988663,1410,0.0,-0.16649999999999998,0.15640273704789834,12.3,38,1
p64-d0-positioning,64,0,0,1400,2.9474051389988745,1409,0.0,-0.13049999999999998,0.14076246334310852,12.3,38,1
p64-d0-positioning,64,0,0,1400,2.9834270859992102,1410,0.0,-0.13049999999999998,0.15640273704789834,12.3,38,1
p64-d0-positioning,64,0,0,1400,3.019420402999458,1410,0.0,-0.13499999999999998,0.15640273704789834,12.3,38,1
p64-d0-positioning,64,0,0,1400,3.0574084229992877,1410,0.0,-0.13499999999999998,0.15640273704789834,12.3,38,1
p64-d0-positioning,64,0,0,1400,3.0934228689984593,1410,0.0,-0.13499999999999998,0.15640273704789834,12.3,38,1
p64-d0-positioning,64,0,0,1400,3.129435167998963,1409,0.0,-0.13499999999999998,0.14076246334310852,12.3,38,1
p64-d0-positioning,64,0,0,1400,3.1674346689997037,1410,0.0,-0.13499999999999998,0.15640273704789834,12.3,38,1
p64-d0-positioning,64,0,0,1400,3.2034308379988943,1410,0.0,-0.16649999999999998,0.15640273704789834,12.1,38,1
p64-d0-positioning,64,0,0,1400,3.240478366999014,1410,0.0,-0.16649999999999998,0.15640273704789834,12.1,38,1
p64-d0-positioning,64,0,0,1400,3.277473915999508,1410,0.0,-0.13049999999999998,0.14076246334310852,12.1,38,1
p64-d0-positioning,64,0,0,1400,3.3164676479991613,1410,0.0,-0.16649999999999998,0.15640273704789834,12.0,38,1
p64-d0-positioning,64,0,0,1400,3.3534590849994856,1410,0.0,-0.16649999999999998,0.15640273704789834,12.0,38,1
p64-d0-positioning,64,0,0,1400,3.39047076299903,1409,0.0,-0.13499999999999998,0.14076246334310852,12.0,38,1
p64-d0-positioning,64,0,0,1400,3.4274676439999894,1410,0.0,-0.13499999999999998,0.15640273704789834,12.3,38,1
p64-d0-positioning,64,0,0,1400,3.463473553998483,1410,0.0,-0.16649999999999998,0.15640273704789834,12.3,38,1
p64-d0-positioning,64,0,0,1400,3.501486073999331,1409,0.0,-0.16199999999999998,0.14076246334310852,12.3,38,1
p64-d0-positioning,64,0,0,1400,3.537494575999517,1409,0.0,-0.16199999999999998,0.14076246334310852,12.1,38,1
p64-d0-positioning,64,0,0,1400,3.574501772000076,1410,0.0,-0.16649999999999998,0.15640273704789834,12.1,38,1
p64-d0-positioning,64,0,0,1400,3.612493958999039,1410,0.0,-0.16649999999999998,0.15640273704789834,12.1,38,1
p64-d0-positioning,64,0,0,1400,3.6485037570000713,1409,0.0,-0.16199999999999998,0.14076246334310852,12.3,38,1
p64-d0-positioning,64,0,0,1400,3.6845254439995188,1409,0.0,-0.13499999999999998,0.14076246334310852,12.3,38,1
p64-d0-positioning,64,0,0,1400,3.7225249459988845,1410,0.0,-0.16649999999999998,0.15640273704789834,12.3,38,1
p64-d0-positioning,64,0,0,1400,3.758529651999197,1409,0.0,-0.16199999999999998,0.14076246334310852,12.3,38,1
p64-d0-positioning,64,0,0,1400,3.795533589000115,1410,0.0,-0.16649999999999998,0.15640273704789834,12.3,38,1
p64-d0-positioning,64,0,0,1400,3.8335380720000103,1410,0.0,-0.16649999999999998,0.15640273704789834,12.3,38,1
p64-d0-positioning,64,0,0,1400,3.8705456009993213,1409,0.0,-0.16649999999999998,0.14076246334310852,12.3,38,1
p64-d0-positioning,64,0,0,1400,3.907543519999308,1410,0.0,-0.16199999999999998,0.15640273704789834,12.3,38,1
p64-d0-positioning,64,0,0,1400,3.944556881999233,1409,0.0,-0.16199999999999998,0.14076246334310852,12.3,38,1
p64-d0-positioning,64,0,0,1400,3.9815675419995387,1410,0.0,-0.16199999999999998,0.15640273704789834,12.3,38,1
p64-d0-positioning,64,0,0,1400,4.017672690999461,1410,0.0,-0.13499999999999998,0.15640273704789834,12.3,38,1
p64-d0-positioning,64,0,0,1400,4.055589377998331,1410,0.0,-0.13499999999999998,0.15640273704789834,12.3,38,1
p64-d0,64,0,0,1628,0.004993470000044908,1409,0.0,-0.13499999999999998,0.14076246334310852,12.3,38,1
p64-d0,64,0,0,1628,0.0410125460002746,1410,0.0,-0.13499999999999998,0.14076246334310852,12.3,38,1
p64-d0,64,0,0,1628,0.07801474200095981,1410,0.0,-0.05399999999999999,0.093841642228739,12.3,38,1
p64-d0,64,0,0,1628,0.1140230220007652,1409,0.0,0.0,0.015640273704789834,12.3,38,1
p64-d0,64,0,0,1628,0.15104266300113522,1409,0.0,0.0315,0.07820136852394917,12.3,38,1
p64-d0,64,0,0,1628,0.1880404700004874,1409,0.0,0.26999999999999996,0.187683284457478,12.3,38,1
p64-d0,64,0,0,1628,0.22503892600070685,1413,8.208,0.45449999999999996,0.24926686217008798,12.3,38,1
p64-d0,64,0,0,1628,0.26104176100125187,1420,16.416,0.5715,0.29423264907135877,12.3,38,1
p64-d0,64,0,0,1628,0.2970411710011831,1431,27.360000000000003,0.49499999999999994,0.27174975562072334,12.3,38,1
p64-d0,64,0,0,1628,0.33305171000029077,1448,38.304,0.33749999999999997,0.20234604105571846,12.3,38,1
p64-d0,64,0,0,1628,0.3690566380009841,1465,41.040000000000006,0.297,0.1495601173020528,12.3,38,1
p64-d0,64,0,0,1628,0.40506127000116976,1480,30.096000000000004,0.36,0.20332355816226785,12.3,38,1
p64-d0,64,0,0,1628,0.4420787620001647,1498,41.040000000000006,0.40049999999999997,0.19648093841642228,12.3,38,1
p64-d0,64,0,0,1628,0.4790689220008062,1514,32.832,0.5309999999999999,0.24437927663734116,12.3,38,1
p64-d0,64,0,0,1628,0.515086979001353,1531,38.304,0.3015,0.20234604105571846,12.3,38,1
p64-d0,64,0,0,1628,0.5510814080007549,1551,41.040000000000006,0.24749999999999997,0.11827956989247312,12.3,38,1
p64-d0,64,0,0,1628,0.5893118140011211,1564,24.624000000000002,0.27449999999999997,0.18377321603128055,12.3,38,1
p64-d0,64,0,0,1628,0.6270729660009238,1577,27.360000000000003,0.2385,0.1466275659824047,12.3,38,1
p64-d0,64,0,0,1628,0.6631148570013465,1585,19.152,0.3555,0.19550342130987292,12.3,38,1
p64-d0,64,0,0,1628,0.6991215810012363,1593,16.416,0.2835,0.20039100684261973,12.3,38,1
p64-d0,64,0,0,1628,0.7371287860005395,1602,21.888,0.20249999999999999,0.15835777126099707,12.3,38,1
p64-d0,64,0,0,1628,0.7741349450006965,1610,13.680000000000001,0.19349999999999998,0.1436950146627566,12.3,40,1
p64-d0,64,0,0,1628,0.8111389010009589,1610,0.0,0.34199999999999997,0.21896383186705767,12.3,40,1
p64-d0,64,0,0,1628,0.8475413989999652,1609,0.0,0.4725,0.26588465298142716,12.3,40,1
p64-d0,64,0,0,1628,0.9101423290012463,1607,0.0,0.504,0.3128054740957967,12.3,38,1
p64-d0,64,0,0,1628,0.9471757280007296,1614,16.416,0.243,0.16911045943304007,12.0,38,1
p64-d0,64,0,0,1628,0.9841522580009041,1620,16.416,0.05399999999999999,0.07526881720430108,12.0,38,1
p64-d0,64,0,0,1628,1.0201475570011098,1624,8.208,0.0045,0.030303030303030304,12.0,38,1
p64-d0,64,0,0,1628,1.0571658270000626,1624,0.0,0.0045,0.0469208211143695,12.3,38,1
p64-d0,64,0,0,1628,1.0941575230008311,1623,0.0,0.0315,0.06256109481915934,12.3,38,1
p64-d0,64,0,0,1628,1.1311646080011997,1618,-8.208,0.13049999999999998,0.1573802541544477,12.3,38,1
p64-d0,64,0,0,1628,1.168184359999941,1619,0.0,0.1035,0.12512218963831867,12.1,38,1
p64-d0,64,0,0,1628,1.205175760000202,1619,0.0,0.1035,0.12512218963831867,12.1,38,1
p64-d0,64,0,0,1628,1.2442102330005582,1621,0.0,0.05399999999999999,0.093841642228739,12.1,38,1
p64-d0,64,0,0,1628,1.2831840390008438,1622,0.0,0.0315,0.07820136852394917,12.2,38,1
p64-d0,64,0,0,1628,1.321203115001481,1622,0.0,0.0315,0.07820136852394917,12.2,38,1
p64-d0,64,0,0,1628,1.3572064690015395,1621,0.0,0.05399999999999999,0.093841642228739,12.2,38,1
p64-d0,64,0,0,1628,1.3931952860002639,1621,0.0,0.05399999999999999,0.093841642228739,12.2,38,1
p64-d0,64,0,0,1628,1.4302094820013735,1621,0.0,0.05399999999999999,0.093841642228739,12.3,38,1
p64-d0,64,0,0,1628,1.467212493000261,1621,0.0,0.05399999999999999,0.093841642228739,12.3,38,1
p64-d0,64,0,0,1628,1.5032143660009751,1621,0.0,0.05399999999999999,0.093841642228739,12.3,38,1
p64-d0,64,0,0,1628,1.5392371090001689,1621,0.0,0.05399999999999999,0.093841642228739,12.3,38,1
p64-d0,64,0,0,1628,1.577227331999893,1621,0.0,0.05399999999999999,0.093841642228739,12.3,38,1
p64-d0,64,0,0,1628,1.617225629001041,1621,0.0,0.05399999999999999,0.093841642228739,12.3,38,1
p64-d0,64,0,0,1628,1.655235279000408,1621,0.0,0.05399999999999999,0.093841642228739,12.3,38,1
p64-d0,64,0,0,1628,1.6932449089999864,1621,0.0,0.0315,0.093841642228739,12.3,38,1
p64-d0,64,0,0,1628,1.7302661430003354,1621,0.0,0.05399999999999999,0.093841642228739,12.3,38,1
p64-d0,64,0,0,1628,1.7662583490000543,1621,0.0,0.05399999999999999,0.093841642228739,12.3,38,1
p64-d0,64,0,0,1628,1.8042561649999698,1621,0.0,0.05399999999999999,0.093841642228739,12.3,38,1
p64-d0,64,0,0,1628,1.8412633430016285,1621,0.0,0.05399999999999999,0.093841642228739,12.3,38,1
p64-d0,64,0,0,1628,1.8782858720005606,1621,0.0,0.05399999999999999,0.093841642228739,12.3,38,1
p64-d0,64,0,0,1628,1.914294078000239,1621,0.0,0.05399999999999999,0.093841642228739,12.3,38,1
p64-d0,64,0,0,1628,1.9502877470004023,1621,0.0,0.05399999999999999,0.093841642228739,12.3,38,1
p64-d0,64,0,0,1628,1.9873147950002021,1621,0.0,0.05399999999999999,0.093841642228739,12.3,38,1
p64-d0,64,0,0,1628,2.024316009001268,1621,0.0,0.05399999999999999,0.093841642228739,12.3,38,1
p64-d0,64,0,0,1628,2.06035201099985,1621,0.0,0.05399999999999999,0.093841642228739,12.3,38,1
p64-d0,64,0,0,1628,2.0963249579999683,1621,0.0,0.05399999999999999,0.093841642228739,12.3,38,1
p64-d0,64,0,0,1628,2.134314589000496,1621,0.0,0.05399999999999999,0.093841642228739,12.3,38,1
p64-d0,64,0,0,1628,2.198314431001563,1621,0.0,0.05399999999999999,0.093841642228739,12.3,38,1
p64-d0,64,0,0,1628,2.2353021830003854,1621,0.0,0.05399999999999999,0.093841642228739,12.3,38,1
p64-d0,64,0,0,1628,2.271315500000128,1621,0.0,0.05399999999999999,0.093841642228739,12.3,38,1
p64-d0,64,0,0,1628,2.3073314650009706,1621,0.0,0.05399999999999999,0.093841642228739,12.3,38,1
p64-d0,64,0,0,1628,2.3453327440001885,1621,0.0,0.05399999999999999,0.093841642228739,12.3,38,1
p64-d0,64,0,0,1628,2.385334930000681,1621,0.0,0.05399999999999999,0.093841642228739,12.3,38,1
p64-d0,64,0,0,1628,2.4233438940009364,1621,0.0,0.05399999999999999,0.093841642228739,12.3,38,1
p64-d0,64,0,0,1628,2.4613419140005135,1621,0.0,0.05399999999999999,0.093841642228739,12.3,38,1
p64-d0,64,0,0,1628,2.4983302770015143,1621,0.0,0.05399999999999999,0.093841642228739,12.3,38,1
p64-d0,64,0,0,1628,2.534344575000432,1621,0.0,0.05399999999999999,0.093841642228739,12.3,38,1
p64-d0,64,0,0,1628,2.572357669001576,1621,0.0,0.05399999999999999,0.093841642228739,12.3,38,1
p64-d0,64,0,0,1628,2.6083645970011275,1621,0.0,0.05399999999999999,0.093841642228739,12.3,38,1
p64-d0,64,0,0,1628,2.6483737640010077,1621,0.0,0.05399999999999999,0.093841642228739,12.3,38,1
p64-d0,64,0,0,1628,2.688365469000928,1621,0.0,0.05399999999999999,0.093841642228739,12.3,38,1
p64-d0,64,0,0,1628,2.728375358001358,1621,0.0,0.05399999999999999,0.093841642228739,12.3,38,1
p64-d0,64,0,0,1628,2.766401137001594,1621,0.0,0.05399999999999999,0.093841642228739,12.3,38,1
p64-d0,64,0,0,1628,2.802380676001121,1621,0.0,0.05399999999999999,0.093841642228739,12.3,38,1
p64-d0,64,0,0,1628,2.8393981690005603,1621,0.0,0.05399999999999999,0.093841642228739,12.3,38,1
p64-d0,64,0,0,1628,2.8754053749999002,1621,0.0,0.05399999999999999,0.093841642228739,12.3,38,1
p64-d0,64,0,0,1628,2.911401246999958,1621,0.0,0.05399999999999999,0.093841642228739,12.3,38,1
p64-d0,64,0,0,1628,2.94747706400085,1621,0.0,0.05399999999999999,0.093841642228739,12.1,38,1
p64-d0,64,0,0,1628,2.9854324360003375,1621,0.0,0.05399999999999999,0.093841642228739,12.1,38,1
p64-d0,64,0,0,1628,3.025428233000639,1621,0.0,0.05399999999999999,0.093841642228739,12.1,38,1
p64-d0,64,0,0,1628,3.0624927620010567,1621,0.0,0.05399999999999999,0.093841642228739,12.2,38,1
p64-d0,64,0,0,1628,3.099494625001171,1621,0.0,0.05399999999999999,0.093841642228739,12.2,38,1
p64-d0,64,0,0,1628,3.136502006000228,1621,0.0,0.05399999999999999,0.093841642228739,12.2,38,1
p64-d0,64,0,0,1628,3.1724988790010684,1621,0.0,0.05399999999999999,0.093841642228739,12.3,38,1
p64-d0,64,0,0,1628,3.2084990849998576,1621,0.0,0.05399999999999999,0.093841642228739,12.3,38,1
p64-d0,64,0,0,1628,3.246502142001191,1621,0.0,0.05399999999999999,0.093841642228739,12.3,38,1
p64-d0,64,0,0,1628,3.2865073829998437,1621,0.0,0.0315,0.093841642228739,12.3,38,1
p64-d0,64,0,0,1628,3.3275288730001193,1621,0.0,0.05399999999999999,0.093841642228739,12.3,38,1
p64-d0,64,0,0,1628,3.366503717001251,1621,0.0,0.05399999999999999,0.093841642228739,12.3,38,1
p64-d0,64,0,0,1628,3.40451210700121,1621,0.0,0.049499999999999995,0.093841642228739,12.3,38,1
p64-d0,64,0,0,1628,3.4415186000005633,1621,0.0,0.05399999999999999,0.093841642228739,12.3,38,1
p64-d0,64,0,0,1628,3.4785106480012473,1621,0.0,0.05399999999999999,0.093841642228739,12.3,38,1
p64-d0,64,0,0,1400,0.004000349999842001,1621,0.0,0.05399999999999999,0.093841642228739,12.3,38,1
p64-d0,64,0,0,1400,0.04201057400132413,1621,0.0,0.018,0.07820136852394917,12.3,38,1
p64-d0,64,0,0,1400,0.07900125200103503,1621,0.0,0.0,0.03128054740957967,12.3,38,1
p64-d0,64,0,0,1400,0.11600637400078995,1621,0.0,-0.018,0.0469208211143695,12.3,38,1
p64-d0,64,0,0,1400,0.15201382000122976,1621,0.0,-0.19799999999999998,0.14076246334310852,12.3,38,1
p64-d0,64,0,0,1400,0.19003128400072455,1620,0.0,-0.44099999999999995,0.25024437927663734,12.3,38,1
p64-d0,64,0,0,1400,0.230028506999588,1614,-10.944,-0.6074999999999999,0.30596285434995113,12.3,38,1
p64-d0,64,0,0,1400,0.270045563000167,1605,-19.152,-0.567,0.3362658846529814,12.3,38,1
p64-d0,64,0,0,1400,0.3080424159998074,1589,-35.568000000000005,-0.44549999999999995,0.23949169110459434,12.3,38,1
p64-d0,64,0,0,1400,0.34604565799963893,1571,-38.304,-0.39149999999999996,0.18670576735092864,12.3,38,1
p64-d0,64,0,0,1400,0.3830482810008107,1552,-41.040000000000006,-0.2565,0.1495601173020528,12.3,38,1
p64-d0,64,0,0,1400,0.41906865300006757,1537,-32.832,-0.31949999999999995,0.19745845552297164,12.3,38,1
p64-d0,64,0,0,1400,0.45706421000068076,1520,-35.568000000000005,-0.4185,0.23949169110459434,12.3,38,1
p64-d0,64,0,0,1400,0.49306450900076015,1502,-32.832,-0.44999999999999996,0.24437927663734116,12.3,38,1
p64-d0,64,0,0,1400,0.5330728980006825,1483,-38.304,-0.3015,0.20234604105571846,12.3,38,1
p64-d0,64,0,0,1400,0.5730771760008793,1463,-41.040000000000006,-0.26099999999999995,0.11827956989247312,12.3,38,1
p64-d0,64,0,0,1400,0.6130998990010994,1460,0.0,-0.7244999999999999,0.34408602150537637,12.3,38,1
p64-d0,64,0,0,1400,0.6511097149996203,1448,-32.832,-0.43649999999999994,0.260019550342131,12.3,38,1
p64-d0,64,0,0,1400,0.6871026429998892,1436,-21.888,-0.44999999999999996,0.2209188660801564,12.3,38,1
p64-d0,64,0,0,1400,0.7231076450007095,1429,-16.416,-0.37799999999999995,0.2316715542521994,12.3,38,1
p64-d0,64,0,0,1400,0.761106017000202,1417,-24.624000000000002,-0.13949999999999999,0.12121212121212122,12.3,38,1
p64-d0,64,0,0,1400,0.7971189820000291,1409,-16.416,-0.0765,0.07526881720430108,12.1,38,1
p64-d0,64,0,0,1400,0.8341225490003126,1408,0.0,-0.1035,0.12512218963831867,12.1,38,1
p64-d0,64,0,0,1400,0.8701123840000946,1408,0.0,-0.1035,0.12512218963831867,12.1,38,1
p64-d0,64,0,0,1400,0.9061167199997726,1412,10.944,-0.24749999999999997,0.2101661779081134,12.1,38,1
p64-d0,64,0,0,1400,0.9441361290009809,1412,0.0,-0.23399999999999999,0.187683284457478,12.1,38,1
p64-d0,64,0,0,1400,0.9801258530005725,1412,0.0,-0.22949999999999998,0.187683284457478,12.1,38,1
p64-d0,64,0,0,1400,1.0171535310000763,1410,-5.472,-0.16199999999999998,0.14565004887585534,12.1,38,1
p64-d0,64,0,0,1400,1.0551349400011532,1408,0.0,-0.1035,0.12512218963831867,12.3,38,1
p64-d0,64,0,0,1400,1.0911618680001993,1408,0.0,-0.1035,0.12512218963831867,12.3,38,1
p64-d0,64,0,0,1400,1.1311608310006704,1409,0.0,-0.13049999999999998,0.14076246334310852,12.3,38,1
p64-d0,64,0,0,1400,1.1711759980007628,1410,0.0,-0.16199999999999998,0.15640273704789834,12.3,38,1
p64-d0,64,0,0,1400,1.2111931090003054,1410,0.0,-0.19799999999999998,0.15640273704789834,12.3,38,1
p64-d0,64,0,0,1400,1.248184953999953,1410,0.0,-0.16199999999999998,0.15640273704789834,12.3,38,1
p64-d0,64,0,0,1400,1.286181048000799,1410,0.0,-0.16199999999999998,0.15640273704789834,12.3,38,1
p64-d0,64,0,0,1400,1.3231858550007018,1410,0.0,-0.16199999999999998,0.15640273704789834,12.3,38,1
p64-d0,64,0,0,1400,1.3591850430002523,1410,0.0,-0.16649999999999998,0.15640273704789834,12.3,38,1
p64-d0,64,0,0,1400,1.3971947480004019,1410,0.0,-0.16649999999999998,0.15640273704789834,12.3,38,1
p64-d0,64,0,0,1400,1.4331976760004181,1410,0.0,-0.16199999999999998,0.15640273704789834,12.3,38,1
p64-d0,64,0,0,1400,1.4712059360008425,1410,0.0,-0.16649999999999998,0.15640273704789834,12.3,38,1
p64-d0,64,0,0,1400,1.5092130120010552,1410,0.0,-0.16199999999999998,0.15640273704789834,12.3,38,1
p64-d0,64,0,0,1400,1.54620943000009,1410,0.0,-0.16199999999999998,0.15640273704789834,12.3,38,1
p64-d0,64,0,0,1400,1.5822132470002543,1410,0.0,-0.16649999999999998,0.15640273704789834,12.3,38,1
p64-d0,64,0,0,1400,1.620220488999621,1410,0.0,-0.16199999999999998,0.15640273704789834,12.3,38,1
p64-d0,64,0,0,1400,1.656228566000209,1410,0.0,-0.16199999999999998,0.15640273704789834,12.3,38,1
p64-d0,64,0,0,1400,1.6932256510008301,1410,0.0,-0.16649999999999998,0.15640273704789834,12.3,38,1
p64-d0,64,0,0,1400,1.729227431000254,1410,0.0,-0.16199999999999998,0.15640273704789834,12.3,38,1
p64-d0,64,0,0,1400,1.7672487840009126,1410,0.0,-0.16199999999999998,0.15640273704789834,12.3,38,1
p64-d0,64,0,0,1400,1.8072637660006876,1411,0.0,-0.16649999999999998,0.17204301075268819,12.3,38,1
p64-d0,64,0,0,1400,1.8452739889999066,1410,0.0,-0.16199999999999998,0.15640273704789834,12.3,38,1
p64-d0,64,0,0,1400,1.8869843440006662,1410,0.0,-0.16199999999999998,0.15640273704789834,12.3,38,1
p64-d0,64,0,0,1400,1.9273064700009854,1410,0.0,-0.16199999999999998,0.15640273704789834,12.3,38,1
p64-d0,64,0,0,1400,1.9709691950010892,1410,0.0,-0.16199999999999998,0.15640273704789834,12.3,38,1
p64-d0,64,0,0,1400,2.008321073000843,1410,0.0,-0.16649999999999998,0.15640273704789834,12.3,38,1
p64-d0,64,0,0,1400,2.0473026939998817,1410,0.0,-0.16199999999999998,0.15640273704789834,12.3,38,1
p64-d0,64,0,0,1400,2.0872936020005,1410,0.0,-0.16649999999999998,0.15640273704789834,12.3,38,1
p64-d0,64,0,0,1400,2.1262888530000055,1410,0.0,-0.16649999999999998,0.15640273704789834,12.3,38,1
p64-d0,64,0,0,1400,2.1622993370001495,1410,0.0,-0.16199999999999998,0.15640273704789834,12.3,38,1
p64-d0,64,0,0,1400,2.1993122180010687,1410,0.0,-0.16649999999999998,0.15640273704789834,12.3,38,1
p64-d0,64,0,0,1400,2.2373117380011536,1410,0.0,-0.16649999999999998,0.15640273704789834,12.3,38,1
p64-d0,64,0,0,1400,2.2743103789998713,1410,0.0,-0.16649999999999998,0.15640273704789834,12.3,38,1
p64-d0,64,0,0,1400,2.310321492001094,1410,0.0,-0.16199999999999998,0.15640273704789834,12.3,38,1
p64-d0,64,0,0,1400,2.3483456410012877,1410,0.0,-0.16649999999999998,0.15640273704789834,12.3,38,1
p64-d0,64,0,0,1400,2.578382204001173,1410,0.0,-0.16199999999999998,0.15640273704789834,12.1,38,1
p64-d0,64,0,0,1400,2.615382547999616,1410,0.0,-0.16199999999999998,0.15640273704789834,12.1,38,1
p64-d0,64,0,0,1400,2.651377105999927,1410,0.0,-0.16199999999999998,0.15640273704789834,12.1,38,1
p64-d0,64,0,0,1400,2.6893792000009853,1410,0.0,-0.16199999999999998,0.15640273704789834,12.0,38,1
p64-d0,64,0,0,1400,2.725381276000917,1410,0.0,-0.16649999999999998,0.15640273704789834,12.0,38,1
p64-d0,64,0,0,1400,2.7623838060007984,1410,0.0,-0.16649999999999998,0.15640273704789834,12.0,38,1
p64-d0,64,0,0,1400,2.7984049010010494,1410,0.0,-0.16649999999999998,0.15640273704789834,12.3,38,1
p64-d0,64,0,0,1400,2.8347227329995803,1410,0.0,-0.16649999999999998,0.15640273704789834,12.3,38,1
p64-d0,64,0,0,1400,2.8724030520006636,1410,0.0,-0.16199999999999998,0.15640273704789834,12.3,38,1
p64-d0,64,0,0,1400,2.909404767000524,1410,0.0,-0.16649999999999998,0.15640273704789834,12.1,38,1
p64-d0,64,0,0,1400,2.9454060469997785,1410,0.0,-0.16199999999999998,0.15640273704789834,12.1,38,1
p64-d0,64,0,0,1400,2.9814181050005573,1410,0.0,-0.16199999999999998,0.15640273704789834,12.1,38,1
p64-d0,64,0,0,1400,3.0174287919999188,1410,0.0,-0.16199999999999998,0.15640273704789834,12.3,38,1
p64-d0,64,0,0,1400,3.0554263120011456,1410,0.0,-0.16199999999999998,0.15640273704789834,12.3,38,1
p64-d0,64,0,0,1400,3.0914305000005697,1410,0.0,-0.16199999999999998,0.15640273704789834,12.3,38,1
p64-d0,64,0,0,1400,3.128432528999838,1410,0.0,-0.16649999999999998,0.15640273704789834,12.3,38,1
p64-d0,64,0,0,1400,3.166438864000156,1410,0.0,-0.16649999999999998,0.15640273704789834,12.3,38,1
p64-d0,64,0,0,1400,3.2024496249996446,1410,0.0,-0.16199999999999998,0.15640273704789834,12.3,38,1
p64-d0,64,0,0,1400,3.239483413999551,1410,0.0,-0.16649999999999998,0.15640273704789834,12.3,38,1
p64-d0,64,0,0,1400,3.276461018000191,1410,0.0,-0.16649999999999998,0.15640273704789834,12.3,38,1
p64-d0,64,0,0,1400,3.3134772699995665,1410,0.0,-0.16199999999999998,0.15640273704789834,12.3,38,1
p64-d0,64,0,0,1400,3.350465540001096,1410,0.0,-0.16199999999999998,0.15640273704789834,12.3,38,1
p64-d0,64,0,0,1400,3.38847600400004,1410,0.0,-0.16199999999999998,0.15640273704789834,12.3,38,1
p64-d0,64,0,0,1400,3.4254688860000897,1410,0.0,-0.16649999999999998,0.15640273704789834,12.3,39,1
p64-d0,64,0,0,1400,3.4614827770001284,1410,0.0,-0.16649999999999998,0.15640273704789834,12.3,39,1
p64-d0,64,0,0,1400,3.499489371000891,1410,0.0,-0.16199999999999998,0.15640273704789834,12.3,39,1
p48-d8-positioning,48,0,8,1400,0.005018969999582623,1410,0.0,0.0,0.0,12.3,38,1
p48-d8-positioning,48,0,8,1400,0.04099300999951083,1410,0.0,0.0,0.01270772238514174,12.3,38,1
p48-d8-positioning,48,0,8,1400,0.0780023360002815,1410,0.0,-0.018,0.05083088954056696,12.3,38,1
p48-d8-positioning,48,0,8,1400,0.11399878199881641,1410,0.0,-0.058499999999999996,0.09872922776148582,12.3,38,1
p48-d8-positioning,48,0,8,1400,0.14999793300012243,1411,0.0,-0.09449999999999999,0.13294232649071358,12.3,38,1
p48-d8-positioning,48,0,8,1400,0.18701168499865162,1410,0.0,-0.09449999999999999,0.11730205278592376,12.3,38,1
p48-d8-positioning,48,0,8,1400,0.22403878799923405,1410,0.0,-0.09449999999999999,0.11730205278592376,12.3,38,1
p48-d8-positioning,48,0,8,1400,0.2610484839988203,1410,0.0,-0.09,0.11730205278592376,12.3,38,1
p48-d8-positioning,48,0,8,1400,0.29921574299987697,1410,0.0,-0.09,0.11730205278592376,12.3,38,1
p48-d8-positioning,48,0,8,1400,0.33605153399912524,1410,0.0,-0.09,0.11730205278592376,12.3,38,1
p48-d8-positioning,48,0,8,1400,0.37303915600023174,1410,0.0,-0.09,0.11730205278592376,12.3,38,1
p48-d8-positioning,48,0,8,1400,0.41704163599933963,1410,0.0,-0.09,0.11730205278592376,12.3,38,1
p48-d8-positioning,48,0,8,1400,0.45405835099882097,1410,0.0,-0.09,0.11730205278592376,12.3,38,1
p48-d8-positioning,48,0,8,1400,0.49105117699946277,1410,0.0,-0.09,0.11730205278592376,12.3,38,1
p48-d8-positioning,48,0,8,1400,0.5280720390001079,1410,0.0,-0.09,0.11730205278592376,12.3,38,1
p48-d8-positioning,48,0,8,1400,0.5650899579995894,1410,0.0,-0.09,0.11730205278592376,12.3,38,1
p48-d8-positioning,48,0,8,1400,0.6041116710002825,1410,0.0,-0.09,0.11730205278592376,12.3,38,1
p48-d8-positioning,48,0,8,1400,0.6401057109997055,1410,0.0,-0.09,0.11730205278592376,12.3,38,1
p48-d8-positioning,48,0,8,1400,0.6770882219989289,1410,0.0,-0.09449999999999999,0.11730205278592376,12.3,38,1
p48-d8-positioning,48,0,8,1400,0.7130864649989235,1410,0.0,-0.09,0.11730205278592376,12.1,38,1
p48-d8-positioning,48,0,8,1400,0.7491355959991779,1410,0.0,-0.09,0.11730205278592376,12.1,38,1
p48-d8-positioning,48,0,8,1400,0.7861201819996495,1410,0.0,-0.09,0.11730205278592376,12.1,38,1
p48-d8-positioning,48,0,8,1400,0.8231061189999309,1410,0.0,-0.09,0.11730205278592376,12.1,38,1
p48-d8-positioning,48,0,8,1400,0.8591048990001582,1410,0.0,-0.09,0.11730205278592376,12.3,38,1
p48-d8-positioning,48,0,8,1400,0.8951038459999836,1410,0.0,-0.09,0.11730205278592376,12.3,38,1
p48-d8-positioning,48,0,8,1400,0.9311260510003194,1410,0.0,-0.09,0.11730205278592376,12.3,38,1
p48-d8-positioning,48,0,8,1400,0.9671193689991924,1410,0.0,-0.09,0.11730205278592376,12.2,38,1
p48-d8-positioning,48,0,8,1400,1.0041440650002187,1410,0.0,-0.09,0.11730205278592376,12.2,38,1
p48-d8-positioning,48,0,8,1400,1.0411436309987039,1410,0.0,-0.09449999999999999,0.11730205278592376,12.2,38,1
p48-d8-positioning,48,0,8,1400,1.0781574020002154,1410,0.0,-0.09,0.11730205278592376,12.3,38,1
p48-d8-positioning,48,0,8,1400,1.1141496820000611,1410,0.0,-0.09,0.11730205278592376,12.3,38,1
p48-d8-positioning,48,0,8,1400,1.1501594799992745,1410,0.0,-0.09,0.11730205278592376,12.3,38,1
p48-d8-positioning,48,0,8,1400,1.186143352999352,1410,0.0,-0.09,0.11730205278592376,12.3,38,1
p48-d8-positioning,48,0,8,1400,1.222159744000237,1410,0.0,-0.09,0.11730205278592376,12.3,38,1
p48-d8-positioning,48,0,8,1400,1.259178513999359,1410,0.0,-0.09,0.11730205278592376,12.3,38,1
p48-d8-positioning,48,0,8,1400,1.2962194880001334,1410,0.0,-0.09449999999999999,0.11730205278592376,12.3,38,1
p48-d8-positioning,48,0,8,1400,1.3332082580000133,1410,0.0,-0.09,0.11730205278592376,12.3,38,1
p48-d8-positioning,48,0,8,1400,1.3691962049997528,1410,0.0,-0.09,0.11730205278592376,12.3,38,1
p48-d8-positioning,48,0,8,1400,1.4081771410001238,1410,0.0,-0.09,0.11730205278592376,12.3,38,1
p48-d8-positioning,48,0,8,1400,1.4442085139999108,1410,0.0,-0.09,0.11730205278592376,12.3,38,1
p48-d8-positioning,48,0,8,1400,1.4812041539989877,1410,0.0,-0.09,0.11730205278592376,12.3,38,1
p48-d8-positioning,48,0,8,1400,1.5182098139994196,1410,0.0,-0.09,0.11730205278592376,12.3,38,1
p48-d8-positioning,48,0,8,1400,1.5552124539990473,1410,0.0,-0.09,0.11730205278592376,12.3,38,1
p48-d8-positioning,48,0,8,1400,1.5922402609994606,1410,0.0,-0.09,0.11730205278592376,12.3,39,1
p48-d8-positioning,48,0,8,1400,1.6302285219990154,1410,0.0,-0.09,0.11730205278592376,12.3,39,1
p48-d8-positioning,48,0,8,1400,1.6662216909990093,1410,0.0,-0.09,0.11730205278592376,12.3,39,1
p48-d8-positioning,48,0,8,1400,1.7032372949997807,1410,0.0,-0.09,0.11730205278592376,12.3,38,1
p48-d8-positioning,48,0,8,1400,1.7392396119994373,1410,0.0,-0.09,0.11730205278592376,12.3,38,1
p48-d8-positioning,48,0,8,1400,1.7752532809990953,1410,0.0,-0.09,0.11730205278592376,12.3,38,1
p48-d8-positioning,48,0,8,1400,1.813252633999582,1410,0.0,-0.09,0.11730205278592376,12.3,38,1
p48-d8-positioning,48,0,8,1400,1.8532788749998872,1410,0.0,-0.09,0.11730205278592376,12.3,39,1
p48-d8-positioning,48,0,8,1400,1.8902511639989825,1410,0.0,-0.09,0.11730205278592376,12.3,39,1
p48-d8-positioning,48,0,8,1400,1.9262636479998037,1410,0.0,-0.09,0.11730205278592376,12.3,39,1
p48-d8-positioning,48,0,8,1400,1.9622743349991651,1410,0.0,-0.09,0.11730205278592376,12.3,38,1
p48-d8-positioning,48,0,8,1400,1.9982861520002189,1410,0.0,-0.09,0.11730205278592376,12.3,38,1
p48-d8-positioning,48,0,8,1400,2.034332060999077,1410,0.0,-0.09,0.11730205278592376,12.3,38,1
p48-d8-positioning,48,0,8,1400,2.0702855639992777,1410,0.0,-0.09,0.11730205278592376,12.3,38,1
p48-d8-positioning,48,0,8,1400,2.107295759999033,1410,0.0,-0.09449999999999999,0.11730205278592376,12.3,38,1
p48-d8-positioning,48,0,8,1400,2.144305326999529,1410,0.0,-0.09,0.11730205278592376,12.3,38,1
p48-d8-positioning,48,0,8,1400,2.180305309999312,1410,0.0,-0.09,0.11730205278592376,12.3,38,1
p48-d8-positioning,48,0,8,1400,2.216316330999689,1410,0.0,-0.09,0.11730205278592376,12.3,38,1
p48-d8-positioning,48,0,8,1400,2.252318592998563,1410,0.0,-0.09,0.11730205278592376,12.3,38,1
p48-d8-positioning,48,0,8,1400,2.290394611998636,1410,0.0,-0.09,0.11730205278592376,12.3,38,1
p48-d8-positioning,48,0,8,1400,2.3283365949992003,1410,0.0,-0.09,0.11730205278592376,12.3,38,1
p48-d8-positioning,48,0,8,1400,2.364346096999725,1410,0.0,-0.09449999999999999,0.11730205278592376,12.3,38,1
p48-d8-positioning,48,0,8,1400,2.4013644049991854,1410,0.0,-0.09,0.11730205278592376,12.3,38,1
p48-d8-positioning,48,0,8,1400,2.438373175000379,1410,0.0,-0.09,0.11730205278592376,12.3,38,1
p48-d8-positioning,48,0,8,1400,2.4753656489992863,1410,0.0,-0.09,0.11730205278592376,12.1,38,1
p48-d8-positioning,48,0,8,1400,2.511381946998881,1410,0.0,-0.09,0.11730205278592376,12.1,38,1
p48-d8-positioning,48,0,8,1400,2.5473819309991086,1410,0.0,-0.09,0.11730205278592376,12.1,38,1
p48-d8-positioning,48,0,8,1400,2.584388126999329,1410,0.0,-0.09,0.11730205278592376,12.3,38,1
p48-d8-positioning,48,0,8,1400,2.621388767998724,1410,0.0,-0.09,0.11730205278592376,12.3,38,1
p48-d8-positioning,48,0,8,1400,2.6573994549999043,1410,0.0,-0.09449999999999999,0.11730205278592376,12.3,38,1
p48-d8-positioning,48,0,8,1400,2.693422901998929,1410,0.0,-0.09,0.11730205278592376,12.2,38,1
p48-d8-positioning,48,0,8,1400,2.7294220149997273,1410,0.0,-0.09,0.11730205278592376,12.2,38,1
p48-d8-positioning,48,0,8,1400,2.767430367999623,1410,0.0,-0.09,0.11730205278592376,12.2,38,1
p48-d8-positioning,48,0,8,1400,2.804413824000221,1410,0.0,-0.09,0.11730205278592376,12.2,38,1
p48-d8-positioning,48,0,8,1400,2.841404261000207,1410,0.0,-0.09,0.11730205278592376,12.3,38,1
p48-d8-positioning,48,0,8,1400,2.8794165029994474,1410,0.0,-0.09,0.11730205278592376,12.3,38,1
p48-d8-positioning,48,0,8,1400,2.9164160700001958,1410,0.0,-0.09,0.11730205278592376,12.3,38,1
p48-d8-positioning,48,0,8,1400,2.9524302760000865,1410,0.0,-0.09,0.11730205278592376,12.3,38,1
p48-d8-positioning,48,0,8,1400,2.988607831999616,1410,0.0,-0.09449999999999999,0.11730205278592376,12.3,38,1
p48-d8-positioning,48,0,8,1400,3.024446187999274,1410,0.0,-0.09,0.11730205278592376,12.3,38,1
p48-d8-positioning,48,0,8,1400,3.06245648499862,1410,0.0,-0.09,0.11730205278592376,12.3,38,1
p48-d8-positioning,48,0,8,1400,3.0994499959997484,1410,0.0,-0.09,0.11730205278592376,12.3,38,1
p48-d8-positioning,48,0,8,1400,3.137440479000361,1410,0.0,-0.09,0.11730205278592376,12.3,38,1
p48-d8-positioning,48,0,8,1400,3.1754689429999416,1410,0.0,-0.09,0.11730205278592376,12.3,38,1
p48-d8-positioning,48,0,8,1400,3.2124616210003296,1410,0.0,-0.09,0.11730205278592376,12.3,38,1
p48-d8-positioning,48,0,8,1400,3.248480659998677,1410,0.0,-0.09,0.11730205278592376,12.3,38,1
p48-d8-positioning,48,0,8,1400,3.2844694399991567,1410,0.0,-0.09,0.11730205278592376,12.3,38,1
p48-d8-positioning,48,0,8,1400,3.322498829998949,1410,0.0,-0.09,0.11730205278592376,12.3,38,1
p48-d8-positioning,48,0,8,1400,3.360507608998887,1410,0.0,-0.09,0.11730205278592376,12.3,39,1
p48-d8-positioning,48,0,8,1400,3.3975105279987474,1410,0.0,-0.09,0.11730205278592376,12.3,39,1
p48-d8-positioning,48,0,8,1400,3.434503964999749,1410,0.0,-0.09,0.11730205278592376,12.3,39,1
p48-d8-positioning,48,0,8,1400,3.470522281999365,1410,0.0,-0.09,0.11730205278592376,12.3,39,1
p48-d8-positioning,48,0,8,1400,3.5065175059989997,1410,0.0,-0.09,0.11730205278592376,12.3,39,1
p48-d8-positioning,48,0,8,1400,3.5425180829988676,1410,0.0,-0.09,0.11730205278592376,12.3,39,1
p48-d8-positioning,48,0,8,1400,3.578524937000111,1410,0.0,-0.09,0.11730205278592376,12.3,39,1
p48-d8-positioning,48,0,8,1400,3.614528068999789,1410,0.0,-0.09,0.11730205278592376,12.3,39,1
p48-d8-positioning,48,0,8,1400,3.651560876000076,1410,0.0,-0.09,0.11730205278592376,12.3,39,1
p48-d8-positioning,48,0,8,1400,3.7145750419986143,1410,0.0,-0.09,0.11730205278592376,12.3,39,1
p48-d8-positioning,48,0,8,1400,3.7515719049988547,1410,0.0,-0.09,0.11730205278592376,12.3,39,1
p48-d8-positioning,48,0,8,1400,3.7885798789993714,1410,0.0,-0.09,0.11730205278592376,12.3,39,1
p48-d8-positioning,48,0,8,1400,3.8255677790002665,1410,0.0,-0.09,0.11730205278592376,12.3,39,1
p48-d8-positioning,48,0,8,1400,3.8625735309997253,1410,0.0,-0.09,0.11730205278592376,12.3,39,1
p48-d8-positioning,48,0,8,1400,3.8995708379989082,1410,0.0,-0.09,0.11730205278592376,12.3,39,1
p48-d8-positioning,48,0,8,1400,3.9365644049994444,1410,0.0,-0.09,0.11730205278592376,12.3,38,1
p48-d8-positioning,48,0,8,1400,3.972565998999926,1410,0.0,-0.09,0.11730205278592376,12.3,38,1
p48-d8-positioning,48,0,8,1400,4.010596240999803,1410,0.0,-0.09,0.11730205278592376,12.3,38,1
p48-d8,48,0,8,1628,0.003981127998486045,1410,0.0,-0.09,0.11730205278592376,12.3,39,1
p48-d8,48,0,8,1628,0.03998683399913716,1410,0.0,-0.06749999999999999,0.10459433040078202,12.3,39,1
p48-d8,48,0,8,1628,0.07798572399951809,1410,0.0,-0.0225,0.06549364613880743,12.3,39,1
p48-d8,48,0,8,1628,0.11400035599945113,1410,0.0,0.0,0.016617790811339198,12.3,39,1
p48-d8,48,0,8,1628,0.15001026499885484,1410,0.0,0.0225,0.05474095796676442,12.3,39,1
p48-d8,48,0,8,1628,0.18700979499953974,1410,0.0,0.18,0.13978494623655913,12.3,39,1
p48-d8,48,0,8,1628,0.2240376939989801,1411,0.0,0.32849999999999996,0.23558162267839688,12.3,39,1
p48-d8,48,0,8,1628,0.2600705109998671,1417,13.680000000000001,0.504,0.2590420332355816,12.3,39,1
p48-d8,48,0,8,1628,0.30015934399852995,1424,13.680000000000001,0.585,0.33235581622678395,12.3,39,1
p48-d8,48,0,8,1628,0.3614854709994688,1451,32.832,0.46799999999999997,0.2482893450635386,12.3,39,1
p48-d8,48,0,8,1628,0.4010663459994248,1472,43.776,0.3015,0.1739980449657869,12.1,39,1
p48-d8,48,0,8,1628,0.4402786689988716,1493,41.040000000000006,0.288,0.17204301075268819,12.1,39,1
p48-d8,48,0,8,1628,0.4790731249995588,1512,38.304,0.306,0.17790811339198437,12.1,39,1
p48-d8,48,0,8,1628,0.5161575989986886,1528,32.832,0.3465,0.1906158357771261,12.1,39,1
p48-d8,48,0,8,1628,0.554081229998701,1546,35.568000000000005,0.351,0.15835777126099707,12.1,39,1
p48-d8,48,0,8,1628,0.594343561999267,1558,21.888,0.306,0.21603128054740958,12.1,39,1
p48-d8,48,0,8,1628,0.6347132989994861,1573,27.360000000000003,0.288,0.17497556207233628,12.3,39,1
p48-d8,48,0,8,1628,0.672116305999225,1582,21.888,0.3105,0.1906158357771261,12.3,39,1
p48-d8,48,0,8,1628,0.7121297329995286,1591,13.680000000000001,0.4185,0.20625610948191594,12.3,39,1
p48-d8,48,0,8,1628,0.7501559379998071,1591,0.0,0.44999999999999996,0.3128054740957967,12.3,39,1
p48-d8,48,0,8,1628,0.7891126519989484,1600,21.888,0.3105,0.20527859237536658,12.3,39,1
p48-d8,48,0,8,1628,0.8251196909986902,1604,5.472,0.4185,0.23460410557184752,12.3,39,1
p48-d8,48,0,8,1628,0.8631051369993656,1608,10.944,0.26549999999999996,0.19648093841642228,12.3,39,1
p48-d8,48,0,8,1628,0.8991121759991074,1609,0.0,0.288,0.21114369501466276,12.3,39,1
p48-d8,48,0,8,1628,0.9361267979984405,1609,0.0,0.288,0.21114369501466276,12.3,39,1
p48-d8,48,0,8,1628,0.9741411879986117,1607,-5.472,0.351,0.2482893450635386,12.3,39,1
p48-d8,48,0,8,1628,1.0111438109997835,1605,0.0,0.414,0.26099706744868034,12.3,39,1
p48-d8,48,0,8,1628,1.0491537379984948,1605,0.0,0.4095,0.25806451612903225,12.3,39,1
p48-d8,48,0,8,1628,1.0871406469996145,1605,0.0,0.37799999999999995,0.25806451612903225,12.3,39,1
p48-d8,48,0,8,1628,1.1241444359984598,1607,0.0,0.34199999999999997,0.23362658846529813,12.3,39,1
p48-d8,48,0,8,1628,1.1601579559992388,1607,0.0,0.3465,0.23460410557184752,12.3,39,1
p48-d8,48,0,8,1628,1.196166217998325,1606,0.0,0.37799999999999995,0.24731182795698925,12.3,39,1
p48-d8,48,0,8,1628,1.2321607019985095,1605,0.0,0.37799999999999995,0.2590420332355816,12.3,39,1
p48-d8,48,0,8,1628,1.2682232219995058,1606,0.0,0.40499999999999997,0.24633431085043989,12.3,39,1
p48-d8,48,0,8,1628,1.3041727989984793,1607,5.472,0.37799999999999995,0.22287390029325513,12.3,39,1
p48-d8,48,0,8,1628,1.3421844849999616,1606,0.0,0.37799999999999995,0.24633431085043989,12.3,39,1
p48-d8,48,0,8,1628,1.3791989219989773,1606,0.0,0.37799999999999995,0.24633431085043989,12.3,39,1
p48-d8,48,0,8,1628,1.4152002949995222,1606,0.0,0.37799999999999995,0.24633431085043989,12.3,39,1
p48-d8,48,0,8,1628,1.4532190549998631,1605,0.0,0.414,0.25806451612903225,12.5,39,1
p48-d8,48,0,8,1628,1.489215001998673,1606,0.0,0.37799999999999995,0.24633431085043989,12.5,39,1
p48-d8,48,0,8,1628,1.529213242998594,1606,0.0,0.37799999999999995,0.24633431085043989,12.5,39,1
p48-d8,48,0,8,1628,1.5692380769996817,1606,0.0,0.37799999999999995,0.24633431085043989,12.3,39,1
p48-d8,48,0,8,1628,1.6092299289994116,1606,0.0,0.37799999999999995,0.24633431085043989,12.3,39,1
p48-d8,48,0,8,1628,1.6472292269991158,1606,0.0,0.4095,0.24633431085043989,12.3,39,1
p48-d8,48,0,8,1628,1.6832285809996392,1606,0.0,0.37799999999999995,0.24633431085043989,12.3,39,1
p48-d8,48,0,8,1628,1.7192508239986637,1606,0.0,0.37799999999999995,0.24633431085043989,12.3,39,1
p48-d8,48,0,8,1628,1.7572482689993194,1606,0.0,0.3735,0.24633431085043989,12.3,39,1
p48-d8,48,0,8,1628,1.7932708639982593,1606,0.0,0.37799999999999995,0.24633431085043989,12.0,39,1
p48-d8,48,0,8,1628,1.8302634859992395,1606,0.0,0.37799999999999995,0.24633431085043989,12.0,39,1
p48-d8,48,0,8,1628,1.866327061999982,1606,0.0,0.37799999999999995,0.24633431085043989,12.0,39,1
p48-d8,48,0,8,1628,1.9023099719997845,1606,0.0,0.37799999999999995,0.24633431085043989,12.1,39,1
p48-d8,48,0,8,1628,1.9383221219995903,1606,0.0,0.37799999999999995,0.24633431085043989,12.1,39,1
p48-d8,48,0,8,1628,1.974319586999627,1606,0.0,0.37799999999999995,0.24633431085043989,12.1,39,1
p48-d8,48,0,8,1628,2.012321829999564,1606,0.0,0.37799999999999995,0.24633431085043989,12.3,39,1
p48-d8,48,0,8,1628,2.048323053999411,1606,0.0,0.37799999999999995,0.24633431085043989,12.3,39,1
p48-d8,48,0,8,1628,2.085360008999487,1606,0.0,0.37799999999999995,0.24633431085043989,12.3,39,1
p48-d8,48,0,8,1628,2.123338695999337,1606,0.0,0.37799999999999995,0.24633431085043989,12.3,39,1
p48-d8,48,0,8,1628,2.1603257629994914,1606,0.0,0.37799999999999995,0.24633431085043989,12.0,39,1
p48-d8,48,0,8,1628,2.1963380799988954,1606,0.0,0.37799999999999995,0.24633431085043989,12.0,39,1
p48-d8,48,0,8,1628,2.234335895998811,1606,0.0,0.37799999999999995,0.24633431085043989,12.0,39,1
p48-d8,48,0,8,1628,2.270342879999589,1606,0.0,0.37799999999999995,0.24633431085043989,12.1,39,1
p48-d8,48,0,8,1628,2.3083615289997397,1606,0.0,0.37799999999999995,0.24633431085043989,12.1,39,1
p48-d8,48,0,8,1628,2.3463596229994437,1606,0.0,0.37799999999999995,0.24633431085043989,12.1,39,1
p48-d8,48,0,8,1628,2.3823365139996895,1606,0.0,0.37799999999999995,0.24633431085043989,12.3,39,1
p48-d8,48,0,8,1628,2.420354589999988,1606,0.0,0.37799999999999995,0.24633431085043989,12.3,39,1
p48-d8,48,0,8,1628,2.4584027389992116,1606,0.0,0.37799999999999995,0.24633431085043989,12.3,39,1
p48-d8,48,0,8,1628,2.495365638998919,1606,0.0,0.37799999999999995,0.24633431085043989,12.3,39,1
p48-d8,48,0,8,1628,2.5323983909984236,1606,0.0,0.37799999999999995,0.24633431085043989,12.3,39,1
p48-d8,48,0,8,1628,2.568376781999177,1606,0.0,0.37799999999999995,0.24633431085043989,12.3,39,1
p48-d8,48,0,8,1628,2.604365246999805,1606,0.0,0.38249999999999995,0.24633431085043989,12.3,39,1
p48-d8,48,0,8,1628,2.64238574799856,1606,0.0,0.37799999999999995,0.24633431085043989,12.3,39,1
p48-d8,48,0,8,1628,2.678399898999487,1606,0.0,0.37799999999999995,0.24633431085043989,12.3,39,1
p48-d8,48,0,8,1628,2.7154182239992224,1606,0.0,0.37799999999999995,0.24633431085043989,12.3,39,1
p48-d8,48,0,8,1628,2.753426410999964,1606,0.0,0.37799999999999995,0.24633431085043989,12.3,39,1
p48-d8,48,0,8,1628,2.789428746998965,1606,0.0,0.37799999999999995,0.24633431085043989,12.3,39,1
p48-d8,48,0,8,1628,2.8264095729991823,1606,0.0,0.3735,0.24633431085043989,12.3,39,1
p48-d8,48,0,8,1628,2.8634527129997878,1606,0.0,0.37799999999999995,0.24633431085043989,12.3,39,1
p48-d8,48,0,8,1628,2.9004255019990524,1606,0.0,0.37799999999999995,0.24633431085043989,12.3,39,1
p48-d8,48,0,8,1628,2.9384271330000047,1606,0.0,0.351,0.24633431085043989,12.3,39,1
p48-d8,48,0,8,1628,2.9764254489982704,1606,0.0,0.37799999999999995,0.24633431085043989,12.3,39,1
p48-d8,48,0,8,1628,3.0134359969997604,1606,0.0,0.37799999999999995,0.24633431085043989,12.3,39,1
p48-d8,48,0,8,1628,3.0494555919995037,1606,0.0,0.37799999999999995,0.24633431085043989,12.3,39,1
p48-d8,48,0,8,1628,3.0874450749997777,1606,0.0,0.37799999999999995,0.24633431085043989,12.3,39,1
p48-d8,48,0,8,1628,3.1234566509992874,1606,0.0,0.37799999999999995,0.24633431085043989,12.3,39,1
p48-d8,48,0,8,1628,3.160448272999929,1606,0.0,0.37799999999999995,0.24633431085043989,12.3,39,1
p48-d8,48,0,8,1628,3.1984637189998466,1606,0.0,0.3735,0.24633431085043989,12.5,39,1
p48-d8,48,0,8,1628,3.234463294998932,1606,0.0,0.37799999999999995,0.24633431085043989,12.5,39,1
p48-d8,48,0,8,1628,3.271484287999556,1606,0.0,0.37799999999999995,0.24633431085043989,12.5,39,1
p48-d8,48,0,8,1628,3.3094921039992187,1606,0.0,0.37799999999999995,0.24633431085043989,12.3,39,1
p48-d8,48,0,8,1628,3.3454817539986834,1606,0.0,0.37799999999999995,0.24633431085043989,12.3,39,1
p48-d8,48,0,8,1628,3.3824967649998143,1606,0.0,0.37799999999999995,0.24633431085043989,12.3,39,1
p48-d8,48,0,8,1628,3.4195271839998895,1606,0.0,0.37799999999999995,0.24633431085043989,12.3,39,1
p48-d8,48,0,8,1628,3.4565409909992013,1606,0.0,0.37799999999999995,0.24633431085043989,12.3,39,1
p48-d8,48,0,8,1628,3.4925428639999154,1606,0.0,0.37799999999999995,0.24633431085043989,12.3,39,1
p48-d8,48,0,8,1400,0.003975960999014205,1606,0.0,0.37799999999999995,0.24633431085043989,12.0,39,1
p48-d8,48,0,8,1400,0.04197440699863364,1606,0.0,0.306,0.23362658846529813,12.0,39,1
p48-d8,48,0,8,1400,0.07798653899953933,1606,0.0,0.21599999999999997,0.19550342130987292,12.0,39,1
p48-d8,48,0,8,1400,0.11497888299891201,1606,0.0,0.09899999999999999,0.13391984359726294,12.3,39,1
p48-d8,48,0,8,1400,0.15098914400005015,1606,0.0,0.0045,0.06158357771260997,12.3,39,1
p48-d8,48,0,8,1400,0.188010284999109,1606,0.0,-0.0045,0.03519061583577713,12.3,39,1
p48-d8,48,0,8,1400,0.22598000899961335,1606,0.0,-0.1845,0.14271749755620725,12.3,39,1
p48-d8,48,0,8,1400,0.261999714999547,1606,0.0,-0.5175,0.27468230694037143,12.3,39,1
p48-d8,48,0,8,1400,0.2980092540001351,1604,-5.472,-0.711,0.3812316715542522,12.3,39,1
p48-d8,48,0,8,1400,0.33400279299894464,1591,-30.096000000000004,-0.6479999999999999,0.32453567937438904,12.3,39,1
p48-d8,48,0,8,1400,0.37101154499941913,1574,-35.568000000000005,-0.5894999999999999,0.2903225806451613,12.0,39,1
p48-d8,48,0,8,1400,0.4090085829993768,1551,-49.248000000000005,-0.3645,0.1935483870967742,12.0,39,1
p48-d8,48,0,8,1400,0.44501151199983724,1525,-51.984,-0.2385,0.11925708699902249,12.0,39,1
p48-d8,48,0,8,1400,0.48202417099855666,1507,-38.304,-0.26549999999999996,0.1436950146627566,12.1,39,1
p48-d8,48,0,8,1400,0.519033884998862,1492,-32.832,-0.26549999999999996,0.16617790811339198,12.1,39,1
p48-d8,48,0,8,1400,0.5560430819987232,1479,-24.624000000000002,-0.306,0.2101661779081134,12.1,39,1
p48-d8,48,0,8,1400,0.5930437039987737,1466,-27.360000000000003,-0.3735,0.2013685239491691,12.3,39,1
p48-d8,48,0,8,1400,0.6310352239997883,1454,-27.360000000000003,-0.297,0.187683284457478,12.3,39,1
p48-d8,48,0,8,1400,0.6670476519993827,1441,-27.360000000000003,-0.243,0.1495601173020528,12.3,39,1
p48-d8,48,0,8,1400,0.7040560149998782,1430,-24.624000000000002,-0.144,0.12218963831867058,12.3,39,1
p48-d8,48,0,8,1400,0.7400562579987309,1422,-16.416,-0.1755,0.11534701857282502,12.3,39,1
p48-d8,48,0,8,1400,0.7760679819984944,1422,0.0,-0.32849999999999996,0.21896383186705767,12.3,39,1
p48-d8,48,0,8,1400,0.8120755949985323,1423,0.0,-0.49049999999999994,0.26392961876832843,12.3,39,1
p48-d8,48,0,8,1400,0.8480943750000733,1427,8.208,-0.621,0.3391984359726295,12.3,39,1
p48-d8,48,0,8,1400,0.8860741919997963,1426,-5.472,-0.5309999999999999,0.2913000977517107,12.3,39,1
p48-d8,48,0,8,1400,0.9220784899989667,1426,0.0,-0.5399999999999999,0.30498533724340177,12.5,39,1
p48-d8,48,0,8,1400,0.9592156849994353,1424,-5.472,-0.4275,0.2678396871945259,12.5,39,1
p48-d8,48,0,8,1400,0.9961179940000875,1422,0.0,-0.40049999999999997,0.2561094819159335,12.5,39,1
p48-d8,48,0,8,1400,1.033095004999268,1422,0.0,-0.40499999999999997,0.25806451612903225,12.5,39,1
p48-d8,48,0,8,1400,1.069127748000028,1423,0.0,-0.477,0.270772238514174,12.3,39,1
p48-d8,48,0,8,1400,1.1071213049999642,1425,0.0,-0.513,0.29521016617790813,12.3,39,1
p48-d8,48,0,8,1400,1.1431232879986055,1425,0.0,-0.504,0.2932551319648094,12.3,39,1
p48-d8,48,0,8,1400,1.1801481879992934,1425,0.0,-0.504,0.2932551319648094,12.3,39,1
p48-d8,48,0,8,1400,1.2181555970000773,1425,0.0,-0.49949999999999994,0.2932551319648094,12.3,39,1
p48-d8,48,0,8,1400,1.2551417380000203,1424,0.0,-0.4725,0.28152492668621704,12.3,39,1
p48-d8,48,0,8,1400,1.2921906559986382,1424,0.0,-0.4815,0.28152492668621704,12.3,39,1
p48-d8,48,0,8,1400,1.3291656109995529,1425,0.0,-0.504,0.2932551319648094,12.3,39,1
p48-d8,48,0,8,1400,1.3661639929996454,1425,0.0,-0.504,0.2932551319648094,12.3,39,1
p48-d8,48,0,8,1400,1.4035427779999736,1425,0.0,-0.504,0.2932551319648094,12.0,39,1
p48-d8,48,0,8,1400,1.4411576349993993,1425,0.0,-0.4725,0.2932551319648094,12.0,39,1
p48-d8,48,0,8,1400,1.4771702669986553,1424,0.0,-0.504,0.28152492668621704,12.0,39,1
p48-d8,48,0,8,1400,1.5141550559983443,1425,0.0,-0.477,0.2932551319648094,12.3,39,1
p48-d8,48,0,8,1400,1.5531625099993107,1425,0.0,-0.504,0.2932551319648094,12.3,39,1
p48-d8,48,0,8,1400,1.5891943269998592,1425,0.0,-0.504,0.2932551319648094,12.3,39,1
p48-d8,48,0,8,1400,1.625180717999683,1425,0.0,-0.5085,0.2932551319648094,12.3,39,1
p48-d8,48,0,8,1400,1.6631879229989863,1425,0.0,-0.504,0.2932551319648094,12.3,39,1
p48-d8,48,0,8,1400,1.6992131480001262,1425,0.0,-0.5085,0.2932551319648094,12.3,39,1
p48-d8,48,0,8,1400,1.7361949739988631,1425,0.0,-0.504,0.2932551319648094,12.0,39,1
p48-d8,48,0,8,1400,1.7722009949993662,1425,0.0,-0.504,0.2932551319648094,12.0,39,1
p48-d8,48,0,8,1400,1.8082009969984938,1425,0.0,-0.504,0.2932551319648094,12.0,39,1
p48-d8,48,0,8,1400,1.8452186189988424,1425,0.0,-0.46799999999999997,0.2932551319648094,12.0,39,1
p48-d8,48,0,8,1400,1.882223314998555,1424,0.0,-0.4725,0.28152492668621704,12.0,39,1
p48-d8,48,0,8,1400,1.9182427799987636,1424,0.0,-0.504,0.28152492668621704,12.0,39,1
p48-d8,48,0,8,1400,1.9542524680000497,1425,0.0,-0.504,0.2932551319648094,12.0,39,1
p48-d8,48,0,8,1400,1.9902546180001082,1425,0.0,-0.504,0.2932551319648094,12.3,39,1
p48-d8,48,0,8,1400,2.0272426289993746,1425,0.0,-0.504,0.2932551319648094,12.3,39,1
p48-d8,48,0,8,1400,2.0656389229989145,1425,0.0,-0.46799999999999997,0.2932551319648094,12.3,39,1
p48-d8,48,0,8,1400,2.101257151000027,1425,0.0,-0.477,0.2932551319648094,12.0,39,1
p48-d8,48,0,8,1400,2.139252355998906,1425,0.0,-0.504,0.2932551319648094,12.0,39,1
p48-d8,48,0,8,1400,2.2152717849985493,1425,0.0,-0.504,0.2932551319648094,12.3,39,1
p48-d8,48,0,8,1400,2.252274184998896,1425,0.0,-0.504,0.2932551319648094,12.3,39,1
p48-d8,48,0,8,1400,2.288273834999927,1425,0.0,-0.504,0.2932551319648094,12.3,39,1
p48-d8,48,0,8,1400,2.3242694860000483,1425,0.0,-0.5085,0.2932551319648094,12.3,39,1
p48-d8,48,0,8,1400,2.3612882739998895,1425,0.0,-0.504,0.2932551319648094,12.3,39,1
p48-d8,48,0,8,1400,2.3982846929993684,1425,0.0,-0.504,0.2932551319648094,12.3,39,1
p48-d8,48,0,8,1400,2.43429850999928,1425,0.0,-0.504,0.2932551319648094,12.3,39,1
p48-d8,48,0,8,1400,2.4703149009983463,1425,0.0,-0.504,0.2932551319648094,12.3,39,1
p48-d8,48,0,8,1400,2.5063152729999274,1425,0.0,-0.504,0.2932551319648094,12.3,39,1
p48-d8,48,0,8,1400,2.542319812999267,1424,0.0,-0.504,0.28152492668621704,12.3,39,1
p48-d8,48,0,8,1400,2.5783139999984996,1425,0.0,-0.504,0.2932551319648094,12.3,39,1
p48-d8,48,0,8,1400,2.6163220569997065,1425,0.0,-0.504,0.2932551319648094,12.3,39,1
p48-d8,48,0,8,1400,2.653317715999947,1424,0.0,-0.46799999999999997,0.28152492668621704,12.3,39,1
p48-d8,48,0,8,1400,2.6893373299990344,1424,0.0,-0.4725,0.28152492668621704,12.3,39,1
p48-d8,48,0,8,1400,2.72534331299903,1425,0.0,-0.504,0.2932551319648094,12.3,39,1
p48-d8,48,0,8,1400,2.7613517779991525,1424,0.0,-0.46799999999999997,0.28152492668621704,12.3,39,1
p48-d8,48,0,8,1400,2.7973438179997174,1425,0.0,-0.504,0.2932551319648094,12.3,39,1
p48-d8,48,0,8,1400,2.8343450510001276,1425,0.0,-0.5085,0.2932551319648094,12.3,39,1
p48-d8,48,0,8,1400,2.8723559969985217,1425,0.0,-0.504,0.2932551319648094,12.3,39,1
p48-d8,48,0,8,1400,2.909348933999354,1425,0.0,-0.504,0.2932551319648094,12.3,39,1
p48-d8,48,0,8,1400,2.94536604699897,1425,0.0,-0.49949999999999994,0.2932551319648094,12.3,39,1
p48-d8,48,0,8,1400,2.9813521050000418,1425,0.0,-0.504,0.2932551319648094,12.3,39,1
p48-d8,48,0,8,1400,3.0183866339993983,1425,0.0,-0.504,0.2932551319648094,12.3,39,1
p48-d8,48,0,8,1400,3.056406857998809,1425,0.0,-0.504,0.2932551319648094,12.3,39,1
p48-d8,48,0,8,1400,3.0943764339990594,1425,0.0,-0.504,0.2932551319648094,12.3,39,1
p48-d8,48,0,8,1400,3.1304051949991845,1425,0.0,-0.504,0.2932551319648094,12.3,39,1
p48-d8,48,0,8,1400,3.168398306999734,1425,0.0,-0.504,0.2932551319648094,12.0,39,1
p48-d8,48,0,8,1400,3.2053957999996783,1425,0.0,-0.504,0.2932551319648094,12.0,39,1
p48-d8,48,0,8,1400,3.2413995239985525,1425,0.0,-0.504,0.2932551319648094,12.0,39,1
p48-d8,48,0,8,1400,3.2774121379989083,1425,0.0,-0.46799999999999997,0.2932551319648094,12.3,39,1
p48-d8,48,0,8,1400,3.3134042699985002,1425,0.0,-0.504,0.2932551319648094,12.3,39,1
p48-d8,48,0,8,1400,3.350415113998679,1425,0.0,-0.504,0.2932551319648094,12.3,39,1
p48-d8,48,0,8,1400,3.3874183659991104,1425,0.0,-0.504,0.2932551319648094,12.3,39,1
p48-d8,48,0,8,1400,3.4234241459998884,1424,0.0,-0.504,0.28152492668621704,12.3,39,1
p48-d8,48,0,8,1400,3.459421110999756,1425,0.0,-0.486,0.2932551319648094,12.3,39,1
p48-d8,48,0,8,1400,3.4954235759996664,1425,0.0,-0.504,0.2932551319648094,12.0,39,1
p64-d8-positioning,64,0,8,1400,0.003993812999397051,1425,0.0,0.0,0.0,12.3,39,1
p64-d8-positioning,64,0,8,1400,0.04202011099914671,1425,0.0,-0.0045,0.016617790811339198,12.3,39,1
p64-d8-positioning,64,0,8,1400,0.07902030699915485,1425,0.0,-0.0225,0.06647116324535679,12.3,39,1
p64-d8-positioning,64,0,8,1400,0.11503093899955275,1425,0.0,-0.1755,0.14760508308895406,12.3,39,1
p64-d8-positioning,64,0,8,1400,0.15101531199979945,1425,0.0,-0.40499999999999997,0.2434017595307918,12.4,39,1
p64-d8-positioning,64,0,8,1400,0.18701390699970943,1425,0.0,-0.585,0.3206256109481916,12.4,39,1
p64-d8-positioning,64,0,8,1400,0.22302294600012829,1425,0.0,-0.7829999999999999,0.364613880742913,12.4,39,1
p64-d8-positioning,64,0,8,1400,0.25905624400002125,1422,-8.208,-0.5489999999999999,0.32746823069403713,12.4,39,1
p64-d8-positioning,64,0,8,1400,0.29606251400036854,1413,-19.152,-0.20249999999999999,0.1495601173020528,12.0,39,1
p64-d8-positioning,64,0,8,1400,0.33306063700001687,1409,-8.208,-0.09449999999999999,0.12023460410557185,12.0,39,1
p64-d8-positioning,64,0,8,1400,0.3690630089986371,1404,-8.208,-0.049499999999999995,0.05571847507331378,12.0,39,1
p64-d8-positioning,64,0,8,1400,0.4050649929995416,1406,0.0,-0.08099999999999999,0.11143695014662756,12.3,39,1
p64-d8-positioning,64,0,8,1400,0.4430831789995864,1409,5.472,-0.207,0.1544477028347996,12.3,39,1
p64-d8-positioning,64,0,8,1400,0.48108966200015857,1413,5.472,-0.23399999999999999,0.2179863147605083,12.3,39,1
p64-d8-positioning,64,0,8,1400,0.5190875339994818,1412,0.0,-0.22949999999999998,0.187683284457478,12.3,39,1
p64-d8-positioning,64,0,8,1400,0.5560904339999979,1411,0.0,-0.19349999999999998,0.1710654936461388,12.3,39,1
p64-d8-positioning,64,0,8,1400,0.5920912319998024,1409,-5.472,-0.13049999999999998,0.1270772238514174,12.3,39,1
p64-d8-positioning,64,0,8,1400,0.6300922889986396,1408,0.0,-0.1035,0.12512218963831867,12.3,39,1
p64-d8-positioning,64,0,8,1400,0.6660989209995023,1409,0.0,-0.13499999999999998,0.14173998044965788,12.3,39,1
p64-d8-positioning,64,0,8,1400,0.7040973669991217,1409,0.0,-0.13049999999999998,0.14076246334310852,12.3,39,1
p64-d8-positioning,64,0,8,1400,0.7421126459994412,1410,0.0,-0.16649999999999998,0.1573802541544477,12.3,39,1
p64-d8-positioning,64,0,8,1400,0.7791091019989835,1409,0.0,-0.13049999999999998,0.13978494623655913,12.3,39,1
p64-d8-positioning,64,0,8,1400,0.8161123899990343,1409,0.0,-0.13499999999999998,0.14076246334310852,12.3,39,1
p64-d8-positioning,64,0,8,1400,0.8531254009994882,1409,0.0,-0.13049999999999998,0.14076246334310852,12.3,39,1
p64-d8-positioning,64,0,8,1400,0.8901346349994128,1409,0.0,-0.13499999999999998,0.14076246334310852,12.3,39,1
p64-d8-positioning,64,0,8,1400,0.9261566369987122,1409,0.0,-0.16649999999999998,0.14076246334310852,12.3,39,1
p64-d8-positioning,64,0,8,1400,0.9621459169993614,1410,0.0,-0.13049999999999998,0.15640273704789834,12.3,39,1
p64-d8-positioning,64,0,8,1400,1.0001474549990235,1409,0.0,-0.13049999999999998,0.14076246334310852,12.3,39,1
p64-d8-positioning,64,0,8,1400,1.0401576410004054,1409,0.0,-0.13049999999999998,0.14076246334310852,12.3,39,1
p64-d8-positioning,64,0,8,1400,1.0781517529994744,1409,0.0,-0.13499999999999998,0.14076246334310852,12.3,39,1
p64-d8-positioning,64,0,8,1400,1.11616505100028,1409,0.0,-0.13049999999999998,0.14076246334310852,12.3,39,1
p64-d8-positioning,64,0,8,1400,1.1531667839990405,1409,0.0,-0.16199999999999998,0.14076246334310852,12.3,39,1
p64-d8-positioning,64,0,8,1400,1.1891703599994798,1409,0.0,-0.16199999999999998,0.14076246334310852,12.3,39,1
p64-d8-positioning,64,0,8,1400,1.2271761399988463,1409,0.0,-0.13049999999999998,0.14076246334310852,12.3,39,1
p64-d8-positioning,64,0,8,1400,1.263188752998758,1409,0.0,-0.13049999999999998,0.14076246334310852,12.3,39,1
p64-d8-positioning,64,0,8,1400,1.3031872159990598,1409,0.0,-0.13049999999999998,0.14076246334310852,12.3,39,1
p64-d8-positioning,64,0,8,1400,1.3431948460001877,1409,0.0,-0.16199999999999998,0.14076246334310852,12.3,39,1
p64-d8-positioning,64,0,8,1400,1.3831954389988823,1410,0.0,-0.13499999999999998,0.15640273704789834,12.3,39,1
p64-d8-positioning,64,0,8,1400,1.4212092739999207,1409,0.0,-0.13499999999999998,0.14076246334310852,12.3,39,1
p64-d8-positioning,64,0,8,1400,1.4572195349992398,1409,0.0,-0.13049999999999998,0.13978494623655913,12.3,39,1
p64-d8-positioning,64,0,8,1400,1.4932027229988307,1409,0.0,-0.13049999999999998,0.14076246334310852,12.3,39,1
p64-d8-positioning,64,0,8,1400,1.5302092149995588,1409,0.0,-0.13499999999999998,0.14076246334310852,12.3,39,1
p64-d8-positioning,64,0,8,1400,1.5662341059996834,1409,0.0,-0.13499999999999998,0.14076246334310852,12.1,39,1
p64-d8-positioning,64,0,8,1400,1.6032116179994773,1410,0.0,-0.13049999999999998,0.15640273704789834,12.1,39,1
p64-d8-positioning,64,0,8,1400,1.6392458970003645,1409,0.0,-0.13049999999999998,0.14076246334310852,12.1,39,1
p64-d8-positioning,64,0,8,1400,1.6752512889997888,1409,0.0,-0.13049999999999998,0.14076246334310852,12.1,39,1
p64-d8-positioning,64,0,8,1400,1.712257150998994,1409,0.0,-0.13499999999999998,0.14076246334310852,12.1,39,1
p64-d8-positioning,64,0,8,1400,1.749246088998916,1410,0.0,-0.16649999999999998,0.15640273704789834,12.1,39,1
p64-d8-positioning,64,0,8,1400,1.7852463130002434,1409,0.0,-0.16199999999999998,0.14076246334310852,12.3,39,1
p64-d8-positioning,64,0,8,1400,1.8212498889988638,1409,0.0,-0.13499999999999998,0.13978494623655913,12.3,39,1
p64-d8-positioning,64,0,8,1400,1.8572597059992404,1409,0.0,-0.13049999999999998,0.14076246334310852,12.3,39,1
p64-d8-positioning,64,0,8,1400,1.8932722459994693,1409,0.0,-0.13049999999999998,0.14076246334310852,12.1,39,1
p64-d8-positioning,64,0,8,1400,1.9292771740001626,1409,0.0,-0.13049999999999998,0.14076246334310852,12.1,39,1
p64-d8-positioning,64,0,8,1400,1.966280351000023,1409,0.0,-0.13499999999999998,0.14076246334310852,12.1,39,1
p64-d8-positioning,64,0,8,1400,2.003277084999354,1410,0.0,-0.16199999999999998,0.15640273704789834,12.1,39,1
p64-d8-positioning,64,0,8,1400,2.0392756609999196,1409,0.0,-0.13049999999999998,0.14076246334310852,12.3,39,1
p64-d8-positioning,64,0,8,1400,2.0752890149997256,1410,0.0,-0.13049999999999998,0.15640273704789834,12.3,39,1
p64-d8-positioning,64,0,8,1400,2.114291821999359,1409,0.0,-0.16199999999999998,0.14076246334310852,12.3,39,1
p64-d8-positioning,64,0,8,1400,2.1543013589998736,1409,0.0,-0.13049999999999998,0.14076246334310852,12.3,39,1
p64-d8-positioning,64,0,8,1400,2.1943036369993933,1409,0.0,-0.13499999999999998,0.14076246334310852,12.3,39,1
p64-d8-positioning,64,0,8,1400,2.2343183969987876,1409,0.0,-0.16199999999999998,0.14076246334310852,12.3,39,1
p64-d8-positioning,64,0,8,1400,2.2713516109997727,1410,0.0,-0.13049999999999998,0.15640273704789834,12.3,39,1
p64-d8-positioning,64,0,8,1400,2.308332177999546,1409,0.0,-0.13049999999999998,0.14076246334310852,12.3,39,1
p64-d8-positioning,64,0,8,1400,2.3443302550003864,1409,0.0,-0.13049999999999998,0.14076246334310852,12.3,39,1
p64-d8-positioning,64,0,8,1400,2.3813437649987463,1409,0.0,-0.13499999999999998,0.14076246334310852,12.3,39,1
p64-d8-positioning,64,0,8,1400,2.4343432139994547,1410,0.0,-0.13049999999999998,0.15640273704789834,12.3,39,1
p64-d8-positioning,64,0,8,1400,2.4723564369996893,1410,0.0,-0.13499999999999998,0.15640273704789834,12.3,39,1
p64-d8-positioning,64,0,8,1400,2.5083617540003615,1409,0.0,-0.13049999999999998,0.14076246334310852,12.3,39,1
p64-d8-positioning,64,0,8,1400,2.5453624139991007,1409,0.0,-0.13049999999999998,0.14076246334310852,12.3,39,1
p64-d8-positioning,64,0,8,1400,2.583368932999292,1410,0.0,-0.16199999999999998,0.15640273704789834,12.3,39,1
p64-d8-positioning,64,0,8,1400,2.619377731998611,1409,0.0,-0.13049999999999998,0.14076246334310852,12.3,39,1
p64-d8-positioning,64,0,8,1400,2.6573825479990774,1409,0.0,-0.13499999999999998,0.14076246334310852,12.3,39,1
p64-d8-positioning,64,0,8,1400,2.695392585999798,1409,0.0,-0.13499999999999998,0.14076246334310852,12.3,39,1
p64-d8-positioning,64,0,8,1400,2.732417264000105,1409,0.0,-0.13499999999999998,0.14076246334310852,12.3,39,1
p64-d8-positioning,64,0,8,1400,2.76840059999995,1409,0.0,-0.13049999999999998,0.14076246334310852,12.3,38,1
p64-d8-positioning,64,0,8,1400,2.8064040079989354,1409,0.0,-0.13049999999999998,0.14076246334310852,12.3,38,1
p64-d8-positioning,64,0,8,1400,2.8424296590001177,1409,0.0,-0.13049999999999998,0.14076246334310852,12.3,38,1
p64-d8-positioning,64,0,8,1400,2.882433011000103,1409,0.0,-0.13049999999999998,0.14076246334310852,12.3,39,1
p64-d8-positioning,64,0,8,1400,2.9224250110000867,1409,0.0,-0.13499999999999998,0.14076246334310852,12.3,39,1
p64-d8-positioning,64,0,8,1400,2.962424381999881,1410,0.0,-0.13049999999999998,0.15640273704789834,12.3,39,1
p64-d8-positioning,64,0,8,1400,2.9994251529988105,1409,0.0,-0.16199999999999998,0.14076246334310852,12.3,39,1
p64-d8-positioning,64,0,8,1400,3.037457116999576,1410,0.0,-0.16649999999999998,0.15640273704789834,12.3,39,1
p64-d8-positioning,64,0,8,1400,3.0744638870000927,1409,0.0,-0.13049999999999998,0.14076246334310852,12.3,39,1
p64-d8-positioning,64,0,8,1400,3.1104584819986485,1410,0.0,-0.13049999999999998,0.15640273704789834,12.3,39,1
p64-d8-positioning,64,0,8,1400,3.1484538349996,1409,0.0,-0.13049999999999998,0.14076246334310852,12.3,39,1
p64-d8-positioning,64,0,8,1400,3.1844582819994685,1409,0.0,-0.13049999999999998,0.14076246334310852,12.3,39,1
p64-d8-positioning,64,0,8,1400,3.22446076399865,1409,0.0,-0.13499999999999998,0.14076246334310852,12.3,39,1
p64-d8-positioning,64,0,8,1400,3.264464522999333,1409,0.0,-0.13049999999999998,0.14076246334310852,12.3,39,1
p64-d8-positioning,64,0,8,1400,3.3014905159998307,1409,0.0,-0.13049999999999998,0.14076246334310852,12.3,39,1
p64-d8-positioning,64,0,8,1400,3.3394746279991523,1409,0.0,-0.13499999999999998,0.14076246334310852,12.3,39,1
p64-d8-positioning,64,0,8,1400,3.376480509999965,1409,0.0,-0.13049999999999998,0.14076246334310852,12.3,39,1
p64-d8-positioning,64,0,8,1400,3.413496335999298,1409,0.0,-0.13049999999999998,0.14076246334310852,12.1,39,1
p64-d8-positioning,64,0,8,1400,3.4514871149985993,1409,0.0,-0.13499999999999998,0.14076246334310852,12.1,39,1
p64-d8-positioning,64,0,8,1400,3.4875374309995095,1409,0.0,-0.16649999999999998,0.14076246334310852,12.1,39,1
p64-d8-positioning,64,0,8,1400,3.5245246829999815,1409,0.0,-0.13049999999999998,0.14076246334310852,12.3,39,1
p64-d8-positioning,64,0,8,1400,3.5625179259986908,1410,0.0,-0.16649999999999998,0.15640273704789834,12.3,39,1
p64-d8-positioning,64,0,8,1400,3.5995158440000523,1410,0.0,-0.16199999999999998,0.15640273704789834,12.3,39,1
p64-d8-positioning,64,0,8,1400,3.6355328829995415,1409,0.0,-0.16649999999999998,0.14076246334310852,12.3,39,1
p64-d8-positioning,64,0,8,1400,3.673527032999118,1409,0.0,-0.16199999999999998,0.14076246334310852,12.2,39,1
p64-d8-positioning,64,0,8,1400,3.709545163999792,1410,0.0,-0.13049999999999998,0.15640273704789834,12.2,39,1
p64-d8-positioning,64,0,8,1400,3.7465543979997165,1409,0.0,-0.13049999999999998,0.14076246334310852,12.2,39,1
p64-d8-positioning,64,0,8,1400,3.7845779540002695,1409,0.0,-0.13049999999999998,0.14076246334310852,12.3,39,1
p64-d8-positioning,64,0,8,1400,3.820574511999439,1410,0.0,-0.13049999999999998,0.15640273704789834,12.3,39,1
p64-d8-positioning,64,0,8,1400,3.8575705789990025,1409,0.0,-0.13499999999999998,0.14076246334310852,12.3,39,1
p64-d8-positioning,64,0,8,1400,3.8955670619998273,1409,0.0,-0.13049999999999998,0.14076246334310852,12.3,39,1
p64-d8-positioning,64,0,8,1400,3.932569462000174,1409,0.0,-0.13949999999999999,0.14076246334310852,12.3,39,1
p64-d8-positioning,64,0,8,1400,3.968582000999959,1409,0.0,-0.13499999999999998,0.14076246334310852,12.3,39,1
p64-d8-positioning,64,0,8,1400,4.006767111999579,1409,0.0,-0.13049999999999998,0.14076246334310852,12.3,39,1
p64-d8-positioning,64,0,8,1400,4.042624244999388,1409,0.0,-0.13499999999999998,0.14076246334310852,12.3,39,1
p64-d8,64,0,8,1628,0.003991794999819831,1410,0.0,-0.13049999999999998,0.15640273704789834,12.3,39,1
p64-d8,64,0,8,1628,0.04204366599878995,1410,0.0,-0.1035,0.13978494623655913,12.3,39,1
p64-d8,64,0,8,1628,0.07903067699953681,1410,0.0,-0.013499999999999998,0.08993157380254155,12.3,39,1
p64-d8,64,0,8,1628,0.11702156699902844,1409,0.0,0.0,0.009775171065493646,12.3,39,1
p64-d8,64,0,8,1628,0.15504849399985687,1409,0.0,0.09,0.08699902248289346,12.3,39,1
p64-d8,64,0,8,1628,0.19205804299963347,1409,0.0,0.3015,0.21505376344086022,12.3,39,1
p64-d8,64,0,8,1628,0.228041692998886,1415,16.416,0.38699999999999996,0.21994134897360704,12.3,39,1
p64-d8,64,0,8,1628,0.2660535830000299,1422,13.680000000000001,0.5894999999999999,0.2913000977517107,12.3,39,1
p64-d8,64,0,8,1628,0.30205880799985607,1436,32.832,0.32849999999999996,0.22482893450635386,12.3,39,1
p64-d8,64,0,8,1628,0.3400634199988417,1450,27.360000000000003,0.39599999999999996,0.2404692082111437,12.3,39,1
p64-d8,64,0,8,1628,0.37807408799926634,1470,43.776,0.315,0.1378299120234604,12.3,39,1
p64-d8,64,0,8,1628,0.41409410899905197,1485,32.832,0.369,0.20039100684261973,12.3,39,1
p64-d8,64,0,8,1628,0.45108137899842404,1502,38.304,0.3645,0.20234604105571846,12.3,39,1
p64-d8,64,0,8,1628,0.4890708069997345,1520,35.568000000000005,0.423,0.20821114369501467,12.3,39,1
p64-d8,64,0,8,1628,0.5250883270000486,1539,38.304,0.252,0.1681329423264907,12.3,39,1
p64-d8,64,0,8,1628,0.5620896349992108,1556,35.568000000000005,0.23399999999999999,0.1270772238514174,12.3,39,1
p64-d8,64,0,8,1628,0.5990929599993251,1569,30.096000000000004,0.243,0.14076246334310852,12.3,39,1
p64-d8,64,0,8,1628,0.6361377299999731,1578,16.416,0.27899999999999997,0.20332355816226785,12.3,39,1
p64-d8,64,0,8,1628,0.6721237879992259,1588,24.624000000000002,0.31949999999999995,0.16617790811339198,12.3,39,1
p64-d8,64,0,8,1628,0.7081032349997258,1593,10.944,0.3105,0.24633431085043989,12.3,39,1
p64-d8,64,0,8,1628,0.7441221079989191,1605,27.360000000000003,0.16649999999999998,0.10752688172043011,12.3,39,1
p64-d8,64,0,8,1628,0.7821169419985381,1609,5.472,0.27449999999999997,0.17790811339198437,12.3,39,1
p64-d8,64,0,8,1628,0.8181237219996547,1609,0.0,0.39599999999999996,0.25513196480938416,12.3,39,1
p64-d8,64,0,8,1628,0.8591449539999303,1607,-5.472,0.5309999999999999,0.32942326490713586,12.1,39,1
p64-d8,64,0,8,1628,0.8961549279993051,1610,8.208,0.33749999999999997,0.24535679374389052,12.1,39,1
p64-d8,64,0,8,1628,0.9322180219987786,1614,8.208,0.21599999999999997,0.18084066471163246,12.1,39,1
p64-d8,64,0,8,1628,0.9712271429998509,1622,16.416,0.009,0.033235581622678395,12.0,39,1
p64-d8,64,0,8,1628,1.011219883999729,1624,0.0,0.0045,0.04594330400782014,12.0,39,1
p64-d8,64,0,8,1628,1.0482286179994844,1623,0.0,0.0045,0.06256109481915934,12.0,39,1
p64-d8,64,0,8,1628,1.0842351379997126,1621,-8.208,0.058499999999999996,0.11436950146627566,12.3,39,1
p64-d8,64,0,8,1628,1.1202383629988617,1619,-5.472,0.13949999999999999,0.13978494623655913,12.3,39,1
p64-d8,64,0,8,1628,1.1572303369994188,1619,0.0,0.1035,0.1241446725317693,12.3,39,1
p64-d8,64,0,8,1628,1.1942265329998918,1619,0.0,0.0765,0.12512218963831867,12.3,39,1
p64-d8,64,0,8,1628,1.2302207759985322,1621,0.0,0.049499999999999995,0.09188660801564028,12.3,39,1
p64-d8,64,0,8,1628,1.268221166999865,1622,0.0,0.0315,0.0772238514173998,12.3,39,1
p64-d8,64,0,8,1628,1.3052299739993032,1621,0.0,0.05399999999999999,0.093841642228739,12.1,39,1
p64-d8,64,0,8,1628,1.3422167259996058,1621,0.0,0.05399999999999999,0.093841642228739,12.1,39,1
p64-d8,64,0,8,1628,1.3782367469993915,1620,0.0,0.0765,0.1104594330400782,12.1,39,1
p64-d8,64,0,8,1628,1.41423284099983,1621,0.0,0.05399999999999999,0.09286412512218964,12.1,39,1
p64-d8,64,0,8,1628,1.4512420189985278,1621,0.0,0.049499999999999995,0.093841642228739,12.2,39,1
p64-d8,64,0,8,1628,1.4882519189995946,1621,0.0,0.049499999999999995,0.093841642228739,12.2,39,1
p64-d8,64,0,8,1628,1.5252489300000889,1621,0.0,0.05399999999999999,0.093841642228739,12.2,39,1
p64-d8,64,0,8,1628,1.562235644998509,1620,0.0,0.0765,0.1104594330400782,12.3,39,1
p64-d8,64,0,8,1628,1.5982536100000289,1621,0.0,0.05399999999999999,0.093841642228739,12.3,39,1
p64-d8,64,0,8,1628,1.635267768999256,1621,0.0,0.05399999999999999,0.093841642228739,12.3,39,1
p64-d8,64,0,8,1628,1.6732654929983255,1621,0.0,0.05399999999999999,0.093841642228739,12.3,39,1
p64-d8,64,0,8,1628,1.7092850879998878,1621,0.0,0.05399999999999999,0.093841642228739,12.3,39,1
p64-d8,64,0,8,1628,1.746288801999981,1620,0.0,0.05399999999999999,0.1104594330400782,12.3,39,1
p64-d8,64,0,8,1628,1.7842917849993682,1620,0.0,0.05399999999999999,0.10948191593352884,12.3,39,1
p64-d8,64,0,8,1628,1.82033965699884,1621,0.0,0.05399999999999999,0.093841642228739,12.3,39,1
p64-d8,64,0,8,1628,1.8573000209999009,1621,0.0,0.05399999999999999,0.093841642228739,12.3,39,1
p64-d8,64,0,8,1628,1.8933013749992824,1621,0.0,0.05399999999999999,0.093841642228739,12.3,39,1
p64-d8,64,0,8,1628,1.9293022469992138,1621,0.0,0.05399999999999999,0.093841642228739,12.3,39,1
p64-d8,64,0,8,1628,1.9663109069988423,1620,0.0,0.05399999999999999,0.10948191593352884,12.3,39,1
p64-d8,64,0,8,1628,2.0033225099996343,1621,0.0,0.0765,0.093841642228739,12.3,39,1
p64-d8,64,0,8,1628,2.03932834599982,1621,0.0,0.05399999999999999,0.093841642228739,12.3,39,1
p64-d8,64,0,8,1628,2.075335458999689,1621,0.0,0.05399999999999999,0.093841642228739,12.3,39,1
p64-d8,64,0,8,1628,2.111351386998649,1621,0.0,0.05399999999999999,0.093841642228739,12.3,39,1
p64-d8,64,0,8,1628,2.1493437589997484,1621,0.0,0.05399999999999999,0.093841642228739,12.3,39,1
p64-d8,64,0,8,1628,2.186360250998405,1620,0.0,0.05399999999999999,0.10948191593352884,12.3,39,1
p64-d8,64,0,8,1628,2.223365558998921,1620,0.0,0.05399999999999999,0.10948191593352884,12.3,39,1
p64-d8,64,0,8,1628,2.2603568479989917,1621,0.0,0.05399999999999999,0.093841642228739,12.3,39,1
p64-d8,64,0,8,1628,2.2973602659985772,1621,0.0,0.049499999999999995,0.093841642228739,12.3,39,1
p64-d8,64,0,8,1628,2.3343636839999817,1621,0.0,0.05399999999999999,0.093841642228739,12.3,39,1
p64-d8,64,0,8,1628,2.3733833609985595,1621,0.0,0.05399999999999999,0.093841642228739,12.3,39,1
p64-d8,64,0,8,1628,2.4093778079986805,1621,0.0,0.05399999999999999,0.093841642228739,12.3,39,1
p64-d8,64,0,8,1628,2.446399077998649,1621,0.0,0.05399999999999999,0.093841642228739,12.3,39,1
p64-d8,64,0,8,1628,2.4833976449990587,1620,0.0,0.05399999999999999,0.10948191593352884,12.3,39,1
p64-d8,64,0,8,1628,2.520396821999384,1621,0.0,0.05399999999999999,0.093841642228739,12.3,39,1
p64-d8,64,0,8,1628,2.5564087689999724,1621,0.0,0.05399999999999999,0.093841642228739,12.3,39,1
p64-d8,64,0,8,1628,2.594408029999613,1621,0.0,0.05399999999999999,0.093841642228739,12.3,39,1
p64-d8,64,0,8,1628,2.630420586998298,1621,0.0,0.05399999999999999,0.093841642228739,12.3,39,1
p64-d8,64,0,8,1628,2.6674123389984743,1621,0.0,0.0765,0.093841642228739,12.3,39,1
p64-d8,64,0,8,1628,2.7034159709983214,1621,0.0,0.05399999999999999,0.093841642228739,12.3,39,1
p64-d8,64,0,8,1628,2.74041516699981,1621,0.0,0.05399999999999999,0.093841642228739,12.3,39,1
p64-d8,64,0,8,1628,2.7784495939995395,1621,0.0,0.05399999999999999,0.093841642228739,12.3,39,1
p64-d8,64,0,8,1628,2.815446382999653,1620,0.0,0.05399999999999999,0.10948191593352884,12.3,39,1
p64-d8,64,0,8,1628,2.8514596999993955,1621,0.0,0.05399999999999999,0.093841642228739,12.3,39,1
p64-d8,64,0,8,1628,2.8874490359994525,1621,0.0,0.05399999999999999,0.093841642228739,12.3,39,1
p64-d8,64,0,8,1628,2.923460926998814,1621,0.0,0.05399999999999999,0.093841642228739,12.3,39,1
p64-d8,64,0,8,1628,2.9594743919988105,1621,0.0,0.05399999999999999,0.093841642228739,12.3,39,1
p64-d8,64,0,8,1628,2.996463921999748,1621,0.0,0.05399999999999999,0.093841642228739,12.3,39,1
p64-d8,64,0,8,1628,3.034473830999559,1620,0.0,0.05399999999999999,0.10948191593352884,12.3,39,1
p64-d8,64,0,8,1628,3.0714761189992714,1621,0.0,0.05399999999999999,0.093841642228739,12.1,39,1
p64-d8,64,0,8,1628,3.107495417998507,1621,0.0,0.05399999999999999,0.093841642228739,12.1,39,1
p64-d8,64,0,8,1628,3.1434926980000455,1621,0.0,0.05399999999999999,0.093841642228739,12.1,39,1
p64-d8,64,0,8,1628,3.1795044589998724,1621,0.0,0.05399999999999999,0.093841642228739,12.2,39,1
p64-d8,64,0,8,1628,3.215492257999358,1621,0.0,0.05399999999999999,0.093841642228739,12.2,39,1
p64-d8,64,0,8,1628,3.2525226949983335,1621,0.0,0.05399999999999999,0.093841642228739,12.2,39,1
p64-d8,64,0,8,1628,3.290507492998586,1621,0.0,0.05399999999999999,0.093841642228739,12.3,39,1
p64-d8,64,0,8,1628,3.327507762998721,1621,0.0,0.05399999999999999,0.093841642228739,12.3,39,1
p64-d8,64,0,8,1628,3.3635160609992454,1621,0.0,0.05399999999999999,0.093841642228739,12.3,39,1
p64-d8,64,0,8,1628,3.3995307119985227,1621,0.0,0.05399999999999999,0.093841642228739,12.3,39,1
p64-d8,64,0,8,1628,3.4355323809995753,1621,0.0,0.05399999999999999,0.093841642228739,12.3,39,1
p64-d8,64,0,8,1628,3.4715309939983854,1621,0.0,0.05399999999999999,0.093841642228739,12.3,39,1
p64-d8,64,0,8,1628,3.5085407639999175,1621,0.0,0.05399999999999999,0.093841642228739,12.3,39,1
p64-d8,64,0,8,1400,0.003966812999351532,1621,0.0,0.05399999999999999,0.093841642228739,12.3,39,1
p64-d8,64,0,8,1400,0.042419346998940455,1621,0.0,0.013499999999999998,0.0772238514173998,12.3,39,1
p64-d8,64,0,8,1400,0.07898793700042006,1621,0.0,0.0,0.02737047898338221,12.3,39,1
p64-d8,64,0,8,1400,0.11499223499959044,1621,0.0,-0.0225,0.053763440860215055,12.3,39,1
p64-d8,64,0,8,1400,0.15098733000013453,1621,0.0,-0.21599999999999997,0.1495601173020528,12.3,39,1
p64-d8,64,0,8,1400,0.18903238699931535,1619,-5.472,-0.44999999999999996,0.23264907135874877,12.3,39,1
p64-d8,64,0,8,1400,0.22700218399950245,1614,-13.680000000000001,-0.5489999999999999,0.27370478983382207,12.3,39,1
p64-d8,64,0,8,1400,0.26299629799905233,1608,-13.680000000000001,-0.594,0.35288367546432065,12.3,39,1
p64-d8,64,0,8,1400,0.2990000219997455,1592,-35.568000000000005,-0.44549999999999995,0.23362658846529813,12.3,39,1
p64-d8,64,0,8,1400,0.33599995899930946,1577,-32.832,-0.369,0.2434017595307918,12.3,39,1
p64-d8,64,0,8,1400,0.37299987799997325,1557,-41.040000000000006,-0.252,0.1603128054740958,12.3,39,1
p64-d8,64,0,8,1400,0.4090095100000326,1541,-35.568000000000005,-0.2835,0.176930596285435,12.3,39,1
p64-d8,64,0,8,1400,0.445022660000177,1525,-30.096000000000004,-0.44549999999999995,0.2561094819159335,12.3,39,1
p64-d8,64,0,8,1400,0.4810158290001709,1507,-41.040000000000006,-0.486,0.21212121212121213,12.3,39,1
p64-d8,64,0,8,1400,0.5170265719989402,1491,-38.304,-0.3645,0.21700879765395895,12.3,39,1
p64-d8,64,0,8,1400,0.5530386110003747,1474,-38.304,-0.22049999999999997,0.16715542521994134,12.5,39,1
p64-d8,64,0,8,1400,0.5900249930000427,1459,-30.096000000000004,-0.38249999999999995,0.1544477028347996,12.5,39,1
p64-d8,64,0,8,1400,0.627049132999673,1459,0.0,-0.567,0.40762463343108507,12.5,39,1
p64-d8,64,0,8,1400,0.6630363209987991,1440,-43.776,-0.3015,0.14467253176930597,12.3,39,1
p64-d8,64,0,8,1400,0.6990481190005084,1434,-13.680000000000001,-0.3645,0.2561094819159335,12.3,39,1
p64-d8,64,0,8,1400,0.7350561769999331,1424,-21.888,-0.297,0.16911045943304007,12.3,39,1
p64-d8,64,0,8,1400,0.7730632339989825,1419,-5.472,-0.423,0.22482893450635386,12.3,39,1
p64-d8,64,0,8,1400,0.8100520970001526,1419,0.0,-0.6255,0.28641251221896386,12.3,39,1
p64-d8,64,0,8,1400,0.8470768489987677,1418,-5.472,-0.369,0.24633431085043989,12.3,39,1
p64-d8,64,0,8,1400,0.8850726460004807,1415,0.0,-0.3015,0.2316715542521994,12.3,39,1
p64-d8,64,0,8,1400,0.9220796569989034,1413,0.0,-0.207,0.2013685239491691,12.1,39,1
p64-d8,64,0,8,1400,0.9580986959990696,1408,-10.944,-0.063,0.09481915933528837,12.1,39,1
p64-d8,64,0,8,1400,0.9940936250004597,1404,-5.472,-0.0315,0.0635386119257087,12.1,39,1
p64-d8,64,0,8,1400,1.030094793999524,1404,0.0,-0.0315,0.07820136852394917,12.1,39,1
p64-d8,64,0,8,1400,1.0671163789993443,1406,5.472,-0.08099999999999999,0.12316715542521994,12.1,39,1
p64-d8,64,0,8,1400,1.104115981999712,1410,8.208,-0.16649999999999998,0.17790811339198437,12.1,39,1
p64-d8,64,0,8,1400,1.1401112809999177,1410,0.0,-0.16199999999999998,0.15640273704789834,12.3,39,1
p64-d8,64,0,8,1400,1.1761195239996596,1410,0.0,-0.1575,0.15640273704789834,12.3,39,1
p64-d8,64,0,8,1400,1.212131395999677,1409,0.0,-0.126,0.13978494623655913,12.3,39,1
p64-d8,64,0,8,1400,1.2481356019998202,1409,0.0,-0.13049999999999998,0.14076246334310852,12.1,39,1
p64-d8,64,0,8,1400,1.2841362159997516,1409,0.0,-0.13049999999999998,0.14076246334310852,12.1,39,1
p64-d8,64,0,8,1400,1.3211483559989574,1410,0.0,-0.1575,0.1573802541544477,12.1,39,1
p64-d8,64,0,8,1400,1.3581555339987972,1410,0.0,-0.1575,0.15640273704789834,12.3,39,1
p64-d8,64,0,8,1400,1.3961329430003389,1410,0.0,-0.126,0.15542521994134897,12.3,39,1
p64-d8,64,0,8,1400,1.432176778000212,1409,0.0,-0.126,0.14076246334310852,12.3,39,1
p64-d8,64,0,8,1400,1.4681484289994842,1410,0.0,-0.13049999999999998,0.1573802541544477,12.3,39,1
p64-d8,64,0,8,1400,1.5041678199995658,1410,0.0,-0.1575,0.15640273704789834,12.3,39,1
p64-d8,64,0,8,1400,1.5402186549999897,1410,0.0,-0.1575,0.15640273704789834,12.3,39,1
p64-d8,64,0,8,1400,1.5771947960001853,1410,0.0,-0.1575,0.15640273704789834,12.3,39,1
p64-d8,64,0,8,1400,1.6141823260004458,1409,0.0,-0.1575,0.14076246334310852,12.3,39,1
p64-d8,64,0,8,1400,1.6502107910000632,1410,0.0,-0.16199999999999998,0.15640273704789834,12.3,39,1
p64-d8,64,0,8,1400,1.6862087930003327,1410,0.0,-0.1575,0.15640273704789834,12.3,39,1
p64-d8,64,0,8,1400,1.7231932300001063,1410,0.0,-0.1575,0.15640273704789834,12.3,39,1
p64-d8,64,0,8,1400,1.7591972509999323,1410,0.0,-0.1575,0.15640273704789834,12.3,39,1
p64-d8,64,0,8,1400,1.7952166049999505,1409,0.0,-0.1575,0.14076246334310852,12.3,39,1
p64-d8,64,0,8,1400,1.8322125599988794,1410,0.0,-0.126,0.14076246334310852,12.3,39,1
p64-d8,64,0,8,1400,1.8692165159991418,1409,0.0,-0.1575,0.14076246334310852,12.3,39,1
p64-d8,64,0,8,1400,1.9052047959994525,1410,0.0,-0.1575,0.15640273704789834,12.3,39,1
p64-d8,64,0,8,1400,1.9412393909988168,1410,0.0,-0.1575,0.15640273704789834,12.3,39,1
p64-d8,64,0,8,1400,1.979240058999494,1410,0.0,-0.1575,0.15640273704789834,12.3,39,1
p64-d8,64,0,8,1400,2.0192299480004294,1409,0.0,-0.1575,0.14076246334310852,12.3,39,1
p64-d8,64,0,8,1400,2.059260706999339,1410,0.0,-0.16199999999999998,0.15640273704789834,12.3,39,1
p64-d8,64,0,8,1400,2.0982797169999685,1410,0.0,-0.1575,0.15640273704789834,12.3,39,1
p64-d8,64,0,8,1400,2.1352738030000182,1410,0.0,-0.1575,0.15640273704789834,12.3,39,1
p64-d8,64,0,8,1400,2.1722759989988845,1410,0.0,-0.126,0.15640273704789834,12.3,39,1
p64-d8,64,0,8,1400,2.2082629460001044,1410,0.0,-0.1575,0.15640273704789834,12.3,39,1
p64-d8,64,0,8,1400,2.2462741879990062,1410,0.0,-0.1575,0.15640273704789834,12.3,39,1
p64-d8,64,0,8,1400,2.282285207998939,1410,0.0,-0.1575,0.15640273704789834,12.3,39,1
p64-d8,64,0,8,1400,2.3223093939996033,1409,0.0,-0.13049999999999998,0.14076246334310852,12.3,39,1
p64-d8,64,0,8,1400,2.3622747649988014,1409,0.0,-0.16199999999999998,0.14076246334310852,12.3,39,1
p64-d8,64,0,8,1400,2.4022990060002485,1410,0.0,-0.1575,0.15640273704789834,12.3,39,1
p64-d8,64,0,8,1400,2.4403077669994673,1410,0.0,-0.1575,0.15640273704789834,12.3,39,1
p64-d8,64,0,8,1400,2.478299452999636,1410,0.0,-0.16199999999999998,0.15640273704789834,12.3,39,1
p64-d8,64,0,8,1400,2.515310574999603,1410,0.0,-0.1575,0.15640273704789834,12.3,39,1
p64-d8,64,0,8,1400,2.551329984999029,1410,0.0,-0.1575,0.15640273704789834,12.3,39,1
p64-d8,64,0,8,1400,2.589332227000341,1410,0.0,-0.1575,0.15640273704789834,12.3,39,1
p64-d8,64,0,8,1400,2.625459597998997,1410,0.0,-0.1575,0.15640273704789834,12.3,39,1
p64-d8,64,0,8,1400,2.6633814710003207,1410,0.0,-0.16199999999999998,0.15640273704789834,12.1,39,1
p64-d8,64,0,8,1400,2.7013446019991534,1410,0.0,-0.16199999999999998,0.15640273704789834,12.1,39,1
p64-d8,64,0,8,1400,2.738337112999943,1410,0.0,-0.1575,0.15640273704789834,12.1,39,1
p64-d8,64,0,8,1400,2.7743357449999166,1410,0.0,-0.1575,0.15640273704789834,12.1,39,1
p64-d8,64,0,8,1400,2.8123350989990286,1410,0.0,-0.13049999999999998,0.15640273704789834,12.1,39,1
p64-d8,64,0,8,1400,2.8493740539997816,1410,0.0,-0.1575,0.15640273704789834,12.1,39,1
p64-d8,64,0,8,1400,2.8853708709993953,1410,0.0,-0.126,0.15640273704789834,12.3,39,1
p64-d8,64,0,8,1400,2.921376151000004,1410,0.0,-0.1575,0.15640273704789834,12.3,39,1
p64-d8,64,0,8,1400,2.9593644859996857,1410,0.0,-0.1575,0.15640273704789834,12.3,39,1
p64-d8,64,0,8,1400,2.9993762079993758,1410,0.0,-0.16199999999999998,0.15640273704789834,12.1,39,1
p64-d8,64,0,8,1400,3.0363959969999996,1410,0.0,-0.1575,0.15640273704789834,12.1,39,1
p64-d8,64,0,8,1400,3.074407349999092,1409,0.0,-0.1575,0.14076246334310852,12.1,39,1
p64-d8,64,0,8,1400,3.1113997499996913,1410,0.0,-0.1575,0.15640273704789834,12.3,39,1
p64-d8,64,0,8,1400,3.147409085999243,1410,0.0,-0.1575,0.15640273704789834,12.3,39,1
p64-d8,64,0,8,1400,3.1853926429994317,1410,0.0,-0.16199999999999998,0.15640273704789834,12.3,39,1
p64-d8,64,0,8,1400,3.222408412999357,1409,0.0,-0.1575,0.14076246334310852,12.3,39,1
p64-d8,64,0,8,1400,3.2614174600003025,1410,0.0,-0.16199999999999998,0.15640273704789834,12.3,39,1
p64-d8,64,0,8,1400,3.310624055999142,1410,0.0,-0.1575,0.15640273704789834,12.3,39,1
p64-d8,64,0,8,1400,3.3546501290002197,1410,0.0,-0.1575,0.15640273704789834,12.3,39,1
p64-d8,64,0,8,1400,3.4026281999995263,1410,0.0,-0.1575,0.15640273704789834,12.3,39,1
p64-d8,64,0,8,1400,3.448480920998918,1410,0.0,-0.126,0.15640273704789834,12.3,39,1
p64-d8,64,0,8,1400,3.48658214399984,1410,0.0,-0.1575,0.15640273704789834,12.3,39,1
integral-1-positioning,64,1,0,1400,0.00399333099994692,1410,0.0,0.0,0.0,12.3,39,1
integral-1-positioning,64,1,0,1400,0.041009915999893565,1410,0.0,0.0,0.015640273704789834,12.3,39,1
integral-1-positioning,64,1,0,1400,0.0780013349994988,1410,0.0,-0.0315,0.06256109481915934,12.3,39,1
integral-1-positioning,64,1,0,1400,0.11499973500031047,1410,0.0,-0.1035,0.12609970674486803,12.3,39,1
integral-1-positioning,64,1,0,1400,0.15102790399942023,1410,0.0,-0.16199999999999998,0.1573802541544477,12.3,39,1
integral-1-positioning,64,1,0,1400,0.18802409999989322,1410,0.0,-0.16199999999999998,0.1573802541544477,12.3,39,1
integral-1-positioning,64,1,0,1400,0.22402245400007814,1410,0.0,-0.16199999999999998,0.15835777126099707,12.3,39,1
integral-1-positioning,64,1,0,1400,0.2620572699997865,1410,0.0,-0.16199999999999998,0.15835777126099707,12.3,39,1
integral-1-positioning,64,1,0,1400,0.302039510999748,1410,0.0,-0.16649999999999998,0.15933528836754643,12.3,39,1
integral-1-positioning,64,1,0,1400,0.34203341899956285,1410,0.0,-0.16649999999999998,0.15933528836754643,12.3,39,1
integral-1-positioning,64,1,0,1400,0.3820520859990211,1410,0.0,-0.16649999999999998,0.15933528836754643,12.3,39,1
integral-1-positioning,64,1,0,1400,0.4190511710003193,1410,0.0,-0.17099999999999999,0.1603128054740958,12.3,39,1
integral-1-positioning,64,1,0,1400,0.4561360520001472,1410,0.0,-0.16649999999999998,0.1603128054740958,12.3,39,1
integral-1-positioning,64,1,0,1400,0.4921312949991261,1410,0.0,-0.17099999999999999,0.16129032258064516,12.3,39,1
integral-1-positioning,64,1,0,1400,0.5310845829990285,1410,0.0,-0.13949999999999999,0.16129032258064516,12.3,39,1
integral-1-positioning,64,1,0,1400,0.5690883070001291,1410,0.0,-0.17099999999999999,0.16129032258064516,12.3,39,1
integral-1-positioning,64,1,0,1400,0.6060910220003279,1410,0.0,-0.17099999999999999,0.16226783968719452,12.3,39,1
integral-1-positioning,64,1,0,1400,0.6460963190002076,1410,0.0,-0.13949999999999999,0.16226783968719452,12.3,39,1
integral-1-positioning,64,1,0,1400,0.6831093109994981,1410,0.0,-0.1755,0.16324535679374388,12.3,39,1
integral-1-positioning,64,1,0,1400,0.7211111269989487,1410,0.0,-0.1755,0.16324535679374388,12.1,39,1
integral-1-positioning,64,1,0,1400,0.7611043309989327,1410,0.0,-0.1755,0.16422287390029325,12.1,39,1
integral-1-positioning,64,1,0,1400,0.7971285740004532,1410,0.0,-0.144,0.16422287390029325,12.1,39,1
integral-1-positioning,64,1,0,1400,0.8341075299995282,1410,0.0,-0.1755,0.16422287390029325,12.1,39,1
integral-1-positioning,64,1,0,1400,0.8721019200002047,1410,0.0,-0.18,0.1652003910068426,12.1,39,1
integral-1-positioning,64,1,0,1400,0.9081138849996933,1410,0.0,-0.18,0.1652003910068426,12.1,39,1
integral-1-positioning,64,1,0,1400,0.9451305439997668,1410,0.0,-0.18,0.1652003910068426,12.3,39,1
integral-1-positioning,64,1,0,1400,0.9811411020000378,1410,0.0,-0.18,0.16617790811339198,12.3,39,1
integral-1-positioning,64,1,0,1400,1.017138511999292,1410,0.0,-0.18,0.16617790811339198,12.3,39,1
integral-1-positioning,64,1,0,1400,1.0531402729993715,1410,0.0,-0.18,0.16715542521994134,12.1,39,1
integral-1-positioning,64,1,0,1400,1.0891654419992847,1410,0.0,-0.18,0.16715542521994134,12.1,39,1
integral-1-positioning,64,1,0,1400,1.1501414609992935,1410,0.0,-0.18,0.1681329423264907,12.1,39,1
integral-1-positioning,64,1,0,1400,1.1871531569995568,1410,0.0,-0.1845,0.1681329423264907,12.3,39,1
integral-1-positioning,64,1,0,1400,1.2231509369994455,1410,0.0,-0.1845,0.1681329423264907,12.3,39,1
integral-1-positioning,64,1,0,1400,1.2601589109999622,1410,0.0,-0.1845,0.16911045943304007,12.3,39,1
integral-1-positioning,64,1,0,1400,1.2971700329999294,1410,0.0,-0.1845,0.16911045943304007,12.3,39,1
integral-1-positioning,64,1,0,1400,1.334180693000235,1409,0.0,-0.18899999999999997,0.1544477028347996,12.3,39,1
integral-1-positioning,64,1,0,1400,1.3711902039995039,1410,0.0,-0.18899999999999997,0.17008797653958943,12.3,39,1
integral-1-positioning,64,1,0,1400,1.4071846869992441,1410,0.0,-0.18899999999999997,0.17008797653958943,12.3,39,1
integral-1-positioning,64,1,0,1400,1.443196022999473,1410,0.0,-0.18899999999999997,0.1710654936461388,12.3,39,1
integral-1-positioning,64,1,0,1400,1.4812157090000255,1410,0.0,-0.18899999999999997,0.1710654936461388,12.3,39,1
integral-1-positioning,64,1,0,1400,1.5172298779998528,1410,0.0,-0.18899999999999997,0.17204301075268819,12.3,39,1
integral-1-positioning,64,1,0,1400,1.5542109630005143,1410,0.0,-0.18899999999999997,0.17204301075268819,12.3,39,1
integral-1-positioning,64,1,0,1400,1.590234261999285,1410,0.0,-0.18899999999999997,0.17204301075268819,12.3,39,1
integral-1-positioning,64,1,0,1400,1.6282272629996442,1410,0.0,-0.19349999999999998,0.17302052785923755,12.3,39,1
integral-1-positioning,64,1,0,1400,1.6682524299994839,1410,0.0,-0.19349999999999998,0.17302052785923755,12.3,39,1
integral-1-positioning,64,1,0,1400,1.7052669969998533,1410,0.0,-0.19349999999999998,0.1739980449657869,12.3,39,1
integral-1-positioning,64,1,0,1400,1.7432691089998116,1410,0.0,-0.16199999999999998,0.1739980449657869,12.3,39,1
integral-1-positioning,64,1,0,1400,1.7792785189994902,1410,0.0,-0.19349999999999998,0.1739980449657869,12.3,39,1
integral-1-positioning,64,1,0,1400,1.8172955569989426,1410,0.0,-0.19799999999999998,0.17497556207233628,12.3,39,1
integral-1-positioning,64,1,0,1400,1.8552613360006944,1410,0.0,-0.19799999999999998,0.17497556207233628,12.3,39,1
integral-1-positioning,64,1,0,1400,1.8912571349992504,1410,0.0,-0.19799999999999998,0.17595307917888564,12.3,39,1
integral-1-positioning,64,1,0,1400,1.9272597109993512,1410,0.0,-0.19799999999999998,0.17595307917888564,12.3,39,1
integral-1-positioning,64,1,0,1400,1.9652708049998182,1410,0.0,-0.20249999999999999,0.17595307917888564,12.3,39,1
integral-1-positioning,64,1,0,1400,2.002262427999085,1410,0.0,-0.19799999999999998,0.176930596285435,12.3,39,1
integral-1-positioning,64,1,0,1400,2.0382838000004995,1410,0.0,-0.20249999999999999,0.176930596285435,12.3,39,1
integral-1-positioning,64,1,0,1400,2.076280560999294,1410,0.0,-0.20249999999999999,0.17790811339198437,12.3,39,1
integral-1-positioning,64,1,0,1400,2.121298271998967,1410,0.0,-0.20249999999999999,0.17790811339198437,12.3,39,1
integral-1-positioning,64,1,0,1400,2.1593071989991586,1410,0.0,-0.17099999999999999,0.17790811339198437,12.3,39,1
integral-1-positioning,64,1,0,1400,2.1953080900002533,1410,0.0,-0.207,0.17888563049853373,12.3,39,1
integral-1-positioning,64,1,0,1400,2.2313022590005858,1410,0.0,-0.207,0.17888563049853373,12.3,39,1
integral-1-positioning,64,1,0,1400,2.269314500999826,1410,0.0,-0.207,0.1798631476050831,12.3,39,1
integral-1-positioning,64,1,0,1400,2.3053085770006874,1410,0.0,-0.207,0.1798631476050831,12.3,39,1
integral-1-positioning,64,1,0,1400,2.342304513998897,1410,0.0,-0.207,0.1798631476050831,12.3,39,1
integral-1-positioning,64,1,0,1400,2.380322441998942,1410,0.0,-0.2115,0.18084066471163246,12.3,39,1
integral-1-positioning,64,1,0,1400,2.416323924999233,1410,0.0,-0.2115,0.18084066471163246,12.3,39,1
integral-1-positioning,64,1,0,1400,2.453321713999685,1410,0.0,-0.2115,0.18181818181818182,12.1,39,1
integral-1-positioning,64,1,0,1400,2.4903461140002037,1410,0.0,-0.18,0.18181818181818182,12.1,39,1
integral-1-positioning,64,1,0,1400,2.5273444399990694,1410,0.0,-0.18,0.18181818181818182,12.1,39,1
integral-1-positioning,64,1,0,1400,2.564363506000518,1410,0.0,-0.21599999999999997,0.1827956989247312,12.1,39,1
integral-1-positioning,64,1,0,1400,2.6023507669997343,1410,0.0,-0.21599999999999997,0.1827956989247312,12.1,39,1
integral-1-positioning,64,1,0,1400,2.6383659910006827,1410,0.0,-0.21599999999999997,0.18377321603128055,12.1,39,1
integral-1-positioning,64,1,0,1400,2.6753720399992744,1410,0.0,-0.21599999999999997,0.18377321603128055,12.1,39,1
integral-1-positioning,64,1,0,1400,2.7133632259992737,1410,0.0,-0.21599999999999997,0.18377321603128055,12.3,39,1
integral-1-positioning,64,1,0,1400,2.7493927649993566,1410,0.0,-0.22049999999999997,0.18475073313782991,12.3,39,1
integral-1-positioning,64,1,0,1400,2.7853960449992883,1410,0.0,-0.22049999999999997,0.18475073313782991,12.3,39,1
integral-1-positioning,64,1,0,1400,2.823384862000239,1410,0.0,-0.22049999999999997,0.18572825024437928,12.1,39,1
integral-1-positioning,64,1,0,1400,2.85938634500053,1410,0.0,-0.18899999999999997,0.18572825024437928,12.1,39,1
integral-1-positioning,64,1,0,1400,2.896409338000012,1410,0.0,-0.22049999999999997,0.18572825024437928,12.1,39,1
integral-1-positioning,64,1,0,1400,2.932409581000684,1410,0.0,-0.22049999999999997,0.18572825024437928,12.3,39,1
integral-1-positioning,64,1,0,1400,2.9694137949991273,1410,0.0,-0.22049999999999997,0.18572825024437928,12.3,39,1
integral-1-positioning,64,1,0,1400,3.0064406399997097,1410,0.0,-0.22049999999999997,0.18572825024437928,12.3,39,1
integral-1-positioning,64,1,0,1400,3.043440372999612,1410,0.0,-0.22499999999999998,0.18572825024437928,12.3,39,1
integral-1-positioning,64,1,0,1400,3.0794341529999656,1410,0.0,-0.22049999999999997,0.18572825024437928,12.3,39,1
integral-1-positioning,64,1,0,1400,3.115441951998946,1410,0.0,-0.22049999999999997,0.18572825024437928,12.3,39,1
integral-1-positioning,64,1,0,1400,3.1514618239998526,1410,0.0,-0.22049999999999997,0.18572825024437928,12.3,39,1
integral-1-positioning,64,1,0,1400,3.187471400000504,1410,0.0,-0.22049999999999997,0.18572825024437928,12.3,39,1
integral-1-positioning,64,1,0,1400,3.2234431439992477,1410,0.0,-0.18899999999999997,0.18572825024437928,12.3,39,1
integral-1-positioning,64,1,0,1400,3.260472005998963,1410,0.0,-0.22049999999999997,0.18572825024437928,12.3,39,1
integral-1-positioning,64,1,0,1400,3.297470257999521,1409,0.0,-0.22049999999999997,0.17008797653958943,12.3,39,1
integral-1-positioning,64,1,0,1400,3.3334728159989027,1410,0.0,-0.22049999999999997,0.18572825024437928,12.3,39,1
integral-1-positioning,64,1,0,1400,3.369469059000039,1410,0.0,-0.22049999999999997,0.18572825024437928,12.3,39,1
integral-1-positioning,64,1,0,1400,3.406478643999435,1410,0.0,-0.22049999999999997,0.18572825024437928,12.3,39,1
integral-1-positioning,64,1,0,1400,3.444472756998948,1410,0.0,-0.22049999999999997,0.18572825024437928,12.3,39,1
integral-1-positioning,64,1,0,1400,3.480483796000044,1410,0.0,-0.22049999999999997,0.18572825024437928,12.3,39,1
integral-1-positioning,64,1,0,1400,3.5174861769992276,1410,0.0,-0.22049999999999997,0.18572825024437928,12.3,39,1
integral-1-positioning,64,1,0,1400,3.555510308000521,1410,0.0,-0.22049999999999997,0.18572825024437928,12.3,39,1
integral-1-positioning,64,1,0,1400,3.5924906529999134,1409,0.0,-0.22049999999999997,0.17008797653958943,12.3,39,1
integral-1-positioning,64,1,0,1400,3.629504126000029,1410,0.0,-0.22049999999999997,0.18572825024437928,12.3,39,1
integral-1-positioning,64,1,0,1400,3.6655055549999815,1410,0.0,-0.22049999999999997,0.18572825024437928,12.3,39,1
integral-1-positioning,64,1,0,1400,3.701521259999936,1410,0.0,-0.22049999999999997,0.18572825024437928,12.3,39,1
integral-1-positioning,64,1,0,1400,3.738530919999903,1410,0.0,-0.22049999999999997,0.18572825024437928,12.3,39,1
integral-1-positioning,64,1,0,1400,3.775525634000587,1410,0.0,-0.22049999999999997,0.18572825024437928,12.3,39,1
integral-1-positioning,64,1,0,1400,3.8135367649992986,1410,0.0,-0.22049999999999997,0.18572825024437928,12.3,39,1
integral-1-positioning,64,1,0,1400,3.849539212000309,1410,0.0,-0.22049999999999997,0.18572825024437928,12.3,39,1
integral-1-positioning,64,1,0,1400,3.885541732999627,1410,0.0,-0.22049999999999997,0.18572825024437928,12.3,39,1
integral-1-positioning,64,1,0,1400,3.921542623998903,1409,0.0,-0.22049999999999997,0.17008797653958943,12.3,39,1
integral-1-positioning,64,1,0,1400,3.957633681000516,1410,0.0,-0.22049999999999997,0.18572825024437928,12.3,39,1
integral-1-positioning,64,1,0,1400,3.994642321998981,1410,0.0,-0.22049999999999997,0.18572825024437928,12.3,39,1
integral-1,64,1,0,1628,0.005074487000456429,1410,0.0,-0.22049999999999997,0.18572825024437928,12.3,39,1
integral-1,64,1,0,1628,0.041077396999753546,1410,0.0,-0.17099999999999999,0.17008797653958943,12.3,39,1
integral-1,64,1,0,1628,0.07807114900060697,1409,0.0,-0.09449999999999999,0.10752688172043011,12.3,39,1
integral-1,64,1,0,1628,0.11508254900036263,1410,0.0,-0.0045,0.06060606060606061,12.3,39,1
integral-1,64,1,0,1628,0.15207276399996772,1410,0.0,0.0045,0.033235581622678395,12.3,39,1
integral-1,64,1,0,1628,0.18808717300089484,1410,0.0,0.19349999999999998,0.14271749755620725,12.3,39,1
integral-1,64,1,0,1628,0.22407165700133191,1410,0.0,0.4095,0.30009775171065495,12.3,39,1
integral-1,64,1,0,1628,0.26108029799979704,1418,21.888,0.5625,0.28641251221896386,12.3,39,1
integral-1,64,1,0,1628,0.298084624000694,1429,21.888,0.5219999999999999,0.30303030303030304,12.0,39,1
integral-1,64,1,0,1628,0.33508422700106166,1447,38.304,0.306,0.2072336265884653,12.0,39,1
integral-1,64,1,0,1628,0.371083969999745,1466,43.776,0.27449999999999997,0.13391984359726294,12.0,39,1
integral-1,64,1,0,1628,0.40908500899968203,1480,27.360000000000003,0.369,0.21603128054740958,12.3,39,1
integral-1,64,1,0,1628,0.445086400000946,1499,43.776,0.369,0.18181818181818182,12.3,39,1
integral-1,64,1,0,1628,0.48209133700038365,1514,32.832,0.46799999999999997,0.23655913978494625,12.3,39,1
integral-1,64,1,0,1628,0.5181011719996604,1531,38.304,0.31949999999999995,0.21114369501466276,12.1,39,1
integral-1,64,1,0,1628,0.5541259889996581,1551,38.304,0.26549999999999996,0.13391984359726294,12.1,39,1
integral-1,64,1,0,1628,0.5911164999997709,1563,24.624000000000002,0.243,0.17790811339198437,12.1,39,1
integral-1,64,1,0,1628,0.6281061410008988,1576,24.624000000000002,0.26099999999999995,0.16324535679374388,12.1,39,1
integral-1,64,1,0,1628,0.6651058380011818,1584,19.152,0.3105,0.2072336265884653,12.1,39,1
integral-1,64,1,0,1628,0.701109155001177,1592,16.416,0.2835,0.21212121212121213,12.1,39,1
integral-1,64,1,0,1628,0.7371086010007275,1601,21.888,0.207,0.15542521994134897,12.1,39,1
integral-1,64,1,0,1628,0.7731133630004479,1609,16.416,0.17099999999999999,0.11925708699902249,12.3,39,1
integral-1,64,1,0,1628,0.8091268830012268,1610,0.0,0.33749999999999997,0.2013685239491691,12.3,39,1
integral-1,64,1,0,1628,0.8471392179999384,1610,0.0,0.43199999999999994,0.23264907135874877,12.3,39,1
integral-1,64,1,0,1628,0.8841271180008334,1606,-8.208,0.5984999999999999,0.3284457478005865,12.3,39,1
integral-1,64,1,0,1628,0.9201284170012514,1607,5.472,0.414,0.28641251221896386,12.3,39,1
integral-1,64,1,0,1628,0.9561417340009939,1613,13.680000000000001,0.2115,0.17595307917888564,12.3,39,1
integral-1,64,1,0,1628,0.9921496990009473,1619,13.680000000000001,0.05399999999999999,0.08211143695014662,12.3,39,1
integral-1,64,1,0,1628,1.0281603680014086,1624,10.944,0.0,0.009775171065493646,12.3,39,1
integral-1,64,1,0,1628,1.0641594259996054,1624,0.0,0.0,0.03225806451612903,12.3,39,1
integral-1,64,1,0,1628,1.101164363000862,1623,0.0,0.018,0.04887585532746823,12.3,39,1
integral-1,64,1,0,1628,1.1381653179996647,1619,-8.208,0.10799999999999998,0.12805474095796676,12.3,39,1
integral-1,64,1,0,1628,1.1741804310004227,1618,0.0,0.08099999999999999,0.1270772238514174,12.3,39,1
integral-1,64,1,0,1628,1.2101893960007146,1619,0.0,0.08099999999999999,0.11241446725317693,12.3,39,1
integral-1,64,1,0,1628,1.2481898420010111,1621,5.472,0.036,0.07038123167155426,12.3,39,1
integral-1,64,1,0,1628,1.2861940470011177,1622,0.0,0.018,0.06549364613880743,12.3,39,1
integral-1,64,1,0,1628,1.3242048820011405,1621,0.0,0.036,0.08113391984359726,12.3,39,1
integral-1,64,1,0,1628,1.3612205970002833,1621,0.0,0.036,0.08211143695014662,12.3,39,1
integral-1,64,1,0,1628,1.3972112470000866,1620,0.0,0.058499999999999996,0.09775171065493646,12.3,39,1
integral-1,64,1,0,1628,1.434204592000242,1620,0.0,0.036,0.09775171065493646,12.3,39,1
integral-1,64,1,0,1628,1.4702226310000697,1621,0.0,0.036,0.08211143695014662,12.3,39,1
integral-1,64,1,0,1628,1.5092416589995992,1621,0.0,0.040499999999999994,0.08308895405669599,12.3,39,1
integral-1,64,1,0,1628,1.5472302899997885,1621,0.0,0.040499999999999994,0.08308895405669599,12.3,39,1
integral-1,64,1,0,1628,1.5832416630000807,1620,0.0,0.058499999999999996,0.09872922776148582,12.3,39,1
integral-1,64,1,0,1628,1.620239396001125,1621,0.0,0.058499999999999996,0.08308895405669599,12.3,39,1
integral-1,64,1,0,1628,1.6582458230004704,1621,0.0,0.058499999999999996,0.08406647116324535,12.3,39,1
integral-1,64,1,0,1628,1.6952715940005874,1621,0.0,0.040499999999999994,0.08406647116324535,12.3,39,1
integral-1,64,1,0,1628,1.731284281000626,1621,0.0,0.040499999999999994,0.08406647116324535,12.3,39,1
integral-1,64,1,0,1628,1.7702797910005756,1620,0.0,0.040499999999999994,0.09970674486803519,12.3,39,1
integral-1,64,1,0,1628,1.8062836640001478,1620,0.0,0.063,0.10068426197458455,12.3,39,1
integral-1,64,1,0,1628,1.8452906000002258,1620,0.0,0.040499999999999994,0.10068426197458455,12.3,39,1
integral-1,64,1,0,1628,1.8832895640007337,1621,0.0,0.040499999999999994,0.08504398826979472,12.3,39,1
integral-1,64,1,0,1628,1.921293028000946,1620,0.0,0.040499999999999994,0.10068426197458455,12.3,39,1
integral-1,64,1,0,1628,1.958305817001019,1621,0.0,0.040499999999999994,0.08602150537634409,12.3,39,1
integral-1,64,1,0,1628,1.99430959700112,1620,0.0,0.045,0.10166177908113393,12.3,39,1
integral-1,64,1,0,1628,2.032312543000444,1620,0.0,0.045,0.10166177908113393,12.3,39,1
integral-1,64,1,0,1628,2.069308276000811,1621,0.0,0.040499999999999994,0.08602150537634409,12.3,39,1
integral-1,64,1,0,1628,2.1063438430010137,1620,0.0,0.045,0.10263929618768329,12.3,39,1
integral-1,64,1,0,1628,2.144342511001014,1621,0.0,0.045,0.08699902248289346,12.3,39,1
integral-1,64,1,0,1628,2.1813343550002173,1620,0.0,0.06749999999999999,0.10263929618768329,12.3,39,1
integral-1,64,1,0,1628,2.218344644001263,1620,0.0,0.06749999999999999,0.10263929618768329,12.3,39,1
integral-1,64,1,0,1628,2.2553517850010394,1620,0.0,0.045,0.10361681329423265,12.1,39,1
integral-1,64,1,0,1628,2.2923474250001163,1621,0.0,0.045,0.08797653958944282,12.1,39,1
integral-1,64,1,0,1628,2.3283515200000693,1621,0.0,0.045,0.08797653958944282,12.1,39,1
integral-1,64,1,0,1628,2.364360282001144,1621,0.0,0.045,0.08797653958944282,12.1,39,1
integral-1,64,1,0,1628,2.4023609129999386,1621,0.0,0.06749999999999999,0.08895405669599218,12.2,39,1
integral-1,64,1,0,1628,2.4423655800001143,1621,0.0,0.045,0.08895405669599218,12.2,39,1
integral-1,64,1,0,1628,2.480380396000328,1621,0.0,0.045,0.08895405669599218,12.2,39,1
integral-1,64,1,0,1628,2.518386490000921,1621,0.0,0.045,0.08895405669599218,12.3,39,1
integral-1,64,1,0,1628,2.5553823339996597,1621,0.0,0.049499999999999995,0.08993157380254155,12.3,39,1
integral-1,64,1,0,1628,2.591420503000336,1620,0.0,0.072,0.10557184750733138,12.3,39,1
integral-1,64,1,0,1628,2.6293915969999944,1621,0.0,0.045,0.08993157380254155,12.3,39,1
integral-1,64,1,0,1628,2.665406136000456,1621,0.0,0.049499999999999995,0.09090909090909091,12.3,39,1
integral-1,64,1,0,1628,2.705414803000167,1621,0.0,0.049499999999999995,0.09090909090909091,12.3,39,1
integral-1,64,1,0,1628,2.7454151740003,1621,0.0,0.049499999999999995,0.09090909090909091,12.3,39,1
integral-1,64,1,0,1628,2.7854158600002847,1621,0.0,0.072,0.09090909090909091,12.3,39,1
integral-1,64,1,0,1628,2.823420676000751,1621,0.0,0.049499999999999995,0.09188660801564028,12.3,39,1
integral-1,64,1,0,1628,2.8594475299996702,1621,0.0,0.072,0.09188660801564028,12.3,39,1
integral-1,64,1,0,1628,2.895458643000893,1621,0.0,0.049499999999999995,0.09188660801564028,12.3,39,1
integral-1,64,1,0,1628,2.9324484690005193,1621,0.0,0.06749999999999999,0.09188660801564028,12.3,39,1
integral-1,64,1,0,1628,2.968451990000176,1621,0.0,0.05399999999999999,0.09286412512218964,12.3,39,1
integral-1,64,1,0,1628,3.0054566680009884,1620,0.0,0.049499999999999995,0.10850439882697947,12.3,39,1
integral-1,64,1,0,1628,3.0414595769998414,1621,0.0,0.0765,0.09286412512218964,12.3,39,1
integral-1,64,1,0,1628,3.07748389399967,1621,0.0,0.05399999999999999,0.09286412512218964,12.3,39,1
integral-1,64,1,0,1628,3.1145084420004423,1621,0.0,0.05399999999999999,0.10948191593352884,12.3,39,1
integral-1,64,1,0,1628,3.1514851200008707,1621,0.0,0.05399999999999999,0.093841642228739,12.3,39,1
integral-1,64,1,0,1628,3.187479919000907,1621,0.0,0.05399999999999999,0.093841642228739,12.3,39,1
integral-1,64,1,0,1628,3.223493736000819,1621,0.0,0.05399999999999999,0.093841642228739,12.3,39,1
integral-1,64,1,0,1628,3.259496034001131,1621,0.0,0.0765,0.093841642228739,12.3,39,1
integral-1,64,1,0,1628,3.2974900910012366,1621,0.0,0.05399999999999999,0.09481915933528837,12.3,39,1
integral-1,64,1,0,1628,3.334505380000337,1621,0.0,0.05399999999999999,0.09481915933528837,12.3,39,1
integral-1,64,1,0,1628,3.3715277610008343,1620,0.0,0.05399999999999999,0.1104594330400782,12.3,39,1
integral-1,64,1,0,1628,3.4085223830006726,1621,0.0,0.0765,0.09481915933528837,12.3,39,1
integral-1,64,1,0,1628,3.4485513830004493,1621,0.0,0.05399999999999999,0.09579667644183773,12.3,39,1
integral-1,64,1,0,1628,3.4854995620007685,1620,0.0,0.05399999999999999,0.11143695014662756,12.3,39,1
integral-1,64,1,0,1400,0.003991665000285138,1621,0.0,0.08099999999999999,0.09579667644183773,12.3,39,1
integral-1,64,1,0,1400,0.041998185000920785,1621,0.0,0.018,0.0801564027370479,12.3,39,1
integral-1,64,1,0,1400,0.07800731700081087,1621,0.0,0.0,0.033235581622678395,12.3,39,1
integral-1,64,1,0,1400,0.11673023700132035,1621,0.0,-0.013499999999999998,0.044965786901270774,12.3,39,1
integral-1,64,1,0,1400,0.152022764999856,1620,0.0,-0.17099999999999999,0.12316715542521994,12.3,39,1
integral-1,64,1,0,1400,0.1900326180002594,1620,0.0,-0.4185,0.2482893450635386,12.3,39,1
integral-1,64,1,0,1400,0.22703583300062746,1614,-13.680000000000001,-0.6569999999999999,0.2678396871945259,12.3,39,1
integral-1,64,1,0,1400,0.26405751000129385,1608,-16.416,-0.711,0.3567937438905181,12.4,39,1
integral-1,64,1,0,1400,0.3000357159999112,1593,-35.568000000000005,-0.46799999999999997,0.2561094819159335,12.4,39,1
integral-1,64,1,0,1400,0.33803458800139197,1576,-35.568000000000005,-0.4095,0.22482893450635386,12.4,39,1
integral-1,64,1,0,1400,0.37407583100139163,1555,-43.776,-0.24749999999999997,0.14565004887585534,12.3,39,1
integral-1,64,1,0,1400,0.4140788500008057,1537,-35.568000000000005,-0.32399999999999995,0.1798631476050831,12.3,39,1
integral-1,64,1,0,1400,0.45407322100072633,1519,-38.304,-0.4275,0.22189638318670576,12.3,39,1
integral-1,64,1,0,1400,0.49406653600090067,1501,-35.568000000000005,-0.5085,0.2434017595307918,12.1,39,1
integral-1,64,1,0,1400,0.5340787029999774,1482,-41.040000000000006,-0.306,0.18572825024437928,12.1,39,1
integral-1,64,1,0,1400,0.5710800470005779,1465,-41.040000000000006,-0.22499999999999998,0.1241446725317693,12.1,39,1
integral-1,64,1,0,1400,0.6081069470001239,1459,-5.472,-0.6839999999999999,0.30791788856304986,12.1,39,1
integral-1,64,1,0,1400,0.6441009310001391,1450,-30.096000000000004,-0.4185,0.2570869990224829,12.1,39,1
integral-1,64,1,0,1400,0.6811073680000845,1436,-24.624000000000002,-0.44999999999999996,0.2072336265884653,12.1,39,1
integral-1,64,1,0,1400,0.7200928969996312,1428,-19.152,-0.3555,0.21994134897360704,12.3,39,1
integral-1,64,1,0,1400,0.7561051579996274,1417,-24.624000000000002,-0.153,0.1300097751710655,12.3,39,1
integral-1,64,1,0,1400,0.7951528900011908,1406,-19.152,-0.06749999999999999,0.047898338220918865,12.3,39,1
integral-1,64,1,0,1400,0.8351338909997139,1408,0.0,-0.1215,0.1348973607038123,12.3,39,1
integral-1,64,1,0,1400,0.8721342910012027,1408,0.0,-0.1485,0.1348973607038123,12.3,39,1
integral-1,64,1,0,1400,0.9101481620000413,1412,8.208,-0.2925,0.21505376344086022,12.3,39,1
integral-1,64,1,0,1400,0.947138266001275,1412,0.0,-0.2565,0.198435972629521,12.3,39,1
integral-1,64,1,0,1400,0.9831492869998328,1412,0.0,-0.22049999999999997,0.198435972629521,12.3,39,1
integral-1,64,1,0,1400,1.0211432140004035,1409,-5.472,-0.126,0.14173998044965788,12.3,39,1
integral-1,64,1,0,1400,1.0571315130000585,1408,0.0,-0.126,0.13685239491691104,12.3,39,1
integral-1,64,1,0,1400,1.0971681060000265,1408,0.0,-0.13049999999999998,0.1378299120234604,12.3,39,1
integral-1,64,1,0,1400,1.1371675509999477,1409,0.0,-0.1575,0.15347018572825025,12.3,39,1
integral-1,64,1,0,1400,1.1741905609997048,1410,0.0,-0.19349999999999998,0.16911045943304007,12.3,39,1
integral-1,64,1,0,1400,1.2131785530000343,1410,0.0,-0.22949999999999998,0.17008797653958943,12.3,39,1
integral-1,64,1,0,1400,1.250190509001186,1410,0.0,-0.19349999999999998,0.17008797653958943,12.3,39,1
integral-1,64,1,0,1400,1.286172363001242,1410,0.0,-0.19349999999999998,0.1710654936461388,12.3,39,1
integral-1,64,1,0,1400,1.324177716000122,1410,0.0,-0.19799999999999998,0.1710654936461388,12.3,39,1
integral-1,64,1,0,1400,1.3601714590004121,1410,0.0,-0.19349999999999998,0.1710654936461388,12.3,39,1
integral-1,64,1,0,1400,1.3971995070005505,1410,0.0,-0.19349999999999998,0.17204301075268819,12.3,39,1
integral-1,64,1,0,1400,1.4352018970002973,1410,0.0,-0.19799999999999998,0.17204301075268819,12.3,39,1
integral-1,64,1,0,1400,1.4722205380003288,1410,0.0,-0.20249999999999999,0.17302052785923755,12.3,39,1
integral-1,64,1,0,1400,1.5081992440009344,1410,0.0,-0.20249999999999999,0.17302052785923755,12.3,39,1
integral-1,64,1,0,1400,1.5462086900006398,1410,0.0,-0.20249999999999999,0.17302052785923755,12.3,39,1
integral-1,64,1,0,1400,1.5822347290013568,1410,0.0,-0.20249999999999999,0.1739980449657869,12.3,39,1
integral-1,64,1,0,1400,1.6192253879999043,1410,0.0,-0.20249999999999999,0.1739980449657869,12.3,39,1
integral-1,64,1,0,1400,1.6552327610006614,1410,0.0,-0.20249999999999999,0.1739980449657869,12.3,39,1
integral-1,64,1,0,1400,1.693247262001023,1410,0.0,-0.20249999999999999,0.17497556207233628,12.3,39,1
integral-1,64,1,0,1400,1.7302374030005012,1410,0.0,-0.207,0.17497556207233628,12.3,39,1
integral-1,64,1,0,1400,1.768249848000778,1410,0.0,-0.20249999999999999,0.17595307917888564,12.3,39,1
integral-1,64,1,0,1400,1.8052473780007858,1410,0.0,-0.20249999999999999,0.17595307917888564,12.3,39,1
integral-1,64,1,0,1400,1.841259157999957,1410,0.0,-0.207,0.17595307917888564,12.3,39,1
integral-1,64,1,0,1400,1.8792480480005906,1410,0.0,-0.207,0.176930596285435,12.0,39,1
integral-1,64,1,0,1400,1.915282013000251,1410,0.0,-0.207,0.176930596285435,12.0,39,1
integral-1,64,1,0,1400,1.9522899130006408,1410,0.0,-0.2115,0.17790811339198437,12.0,39,1
integral-1,64,1,0,1400,1.990295118001086,1410,0.0,-0.2115,0.17790811339198437,12.0,39,1
integral-1,64,1,0,1400,2.027282443999866,1410,0.0,-0.2115,0.17888563049853373,12.0,39,1
integral-1,64,1,0,1400,2.0642917519999173,1410,0.0,-0.21599999999999997,0.17888563049853373,12.0,39,1
integral-1,64,1,0,1400,2.102285938000932,1410,0.0,-0.21599999999999997,0.17888563049853373,12.0,39,1
integral-1,64,1,0,1400,2.1383188480012905,1410,0.0,-0.21599999999999997,0.1798631476050831,12.3,39,1
integral-1,64,1,0,1400,2.1753333960004966,1410,0.0,-0.21599999999999997,0.1798631476050831,12.3,39,1
integral-1,64,1,0,1400,2.211339305000365,1410,0.0,-0.21599999999999997,0.1798631476050831,12.3,39,1
integral-1,64,1,0,1400,2.2493265660014004,1410,0.0,-0.24749999999999997,0.18084066471163246,12.1,39,1
integral-1,64,1,0,1400,2.2893378629996732,1410,0.0,-0.21599999999999997,0.18084066471163246,12.1,39,1
integral-1,64,1,0,1400,2.329361695999978,1410,0.0,-0.21599999999999997,0.18181818181818182,12.1,39,1
integral-1,64,1,0,1400,2.366364892001002,1410,0.0,-0.21599999999999997,0.18181818181818182,12.3,39,1
integral-1,64,1,0,1400,2.402358376000848,1410,0.0,-0.22049999999999997,0.1827956989247312,12.3,39,1
integral-1,64,1,0,1400,2.438362897000843,1410,0.0,-0.22049999999999997,0.1827956989247312,12.3,39,1
integral-1,64,1,0,1400,2.476349972999742,1410,0.0,-0.22049999999999997,0.1827956989247312,12.3,39,1
integral-1,64,1,0,1400,2.5123597159999917,1410,0.0,-0.22049999999999997,0.18377321603128055,12.3,39,1
integral-1,64,1,0,1400,2.5493613010003173,1410,0.0,-0.22049999999999997,0.18377321603128055,12.3,39,1
integral-1,64,1,0,1400,2.5873906169999827,1410,0.0,-0.22499999999999998,0.18475073313782991,12.3,39,1
integral-1,64,1,0,1400,2.6243743499999255,1410,0.0,-0.22499999999999998,0.18475073313782991,12.3,39,1
integral-1,64,1,0,1400,2.660372186001041,1410,0.0,-0.22499999999999998,0.18475073313782991,12.3,39,1
integral-1,64,1,0,1400,2.6983795020005346,1410,0.0,-0.22949999999999998,0.18572825024437928,12.3,39,1
integral-1,64,1,0,1400,2.7343908740003826,1410,0.0,-0.22499999999999998,0.18572825024437928,12.3,39,1
integral-1,64,1,0,1400,2.771405182000308,1410,0.0,-0.22499999999999998,0.18572825024437928,12.3,39,1
integral-1,64,1,0,1400,2.8094102760005626,1410,0.0,-0.22499999999999998,0.18572825024437928,12.3,39,1
integral-1,64,1,0,1400,2.8454116110006,1410,0.0,-0.22949999999999998,0.18572825024437928,12.3,39,1
integral-1,64,1,0,1400,2.885415112001283,1410,0.0,-0.22949999999999998,0.18572825024437928,12.3,39,1
integral-1,64,1,0,1400,2.925423168000634,1410,0.0,-0.22949999999999998,0.18572825024437928,12.3,39,1
integral-1,64,1,0,1400,2.9624314560005587,1410,0.0,-0.22499999999999998,0.18572825024437928,12.3,39,1
integral-1,64,1,0,1400,2.9984364960000676,1410,0.0,-0.22499999999999998,0.18572825024437928,12.3,39,1
integral-1,64,1,0,1400,3.034445424000296,1410,0.0,-0.22499999999999998,0.18572825024437928,12.3,39,1
integral-1,64,1,0,1400,3.0714550459997554,1410,0.0,-0.2565,0.18572825024437928,12.3,39,1
integral-1,64,1,0,1400,3.108454815999721,1410,0.0,-0.22499999999999998,0.18572825024437928,12.3,39,1
integral-1,64,1,0,1400,3.145445809001103,1410,0.0,-0.22949999999999998,0.18572825024437928,12.3,39,1
integral-1,64,1,0,1400,3.1834753840012127,1410,0.0,-0.22949999999999998,0.18572825024437928,12.3,39,1
integral-1,64,1,0,1400,3.2204604140006268,1410,0.0,-0.22499999999999998,0.18572825024437928,12.3,39,1
integral-1,64,1,0,1400,3.2564628050004103,1410,0.0,-0.22499999999999998,0.18572825024437928,12.3,39,1
integral-1,64,1,0,1400,3.294513269000163,1410,0.0,-0.22949999999999998,0.18572825024437928,12.3,39,1
integral-1,64,1,0,1400,3.333039617000395,1410,0.0,-0.22949999999999998,0.18572825024437928,12.3,39,1
integral-1,64,1,0,1400,3.3704855680007313,1410,0.0,-0.22499999999999998,0.18572825024437928,12.3,39,1
integral-1,64,1,0,1400,3.4075064310000016,1410,0.0,-0.22949999999999998,0.18572825024437928,12.3,39,1
integral-1,64,1,0,1400,3.4455143390005105,1410,0.0,-0.22499999999999998,0.18572825024437928,12.3,39,1
integral-1,64,1,0,1400,3.4815367120008887,1410,0.0,-0.22499999999999998,0.18572825024437928,12.3,39,1
validation-baseline-positioning,32,0,0,1286,0.005017396000766894,1410,0.0,0.0,0.0,12.3,39,1
validation-baseline-positioning,32,0,0,1286,0.040989232000356424,1410,0.0,0.0,0.007820136852394917,12.3,39,1
validation-baseline-positioning,32,0,0,1286,0.07800390900047205,1410,0.0,-0.0045,0.03128054740957967,12.3,39,1
validation-baseline-positioning,32,0,0,1286,0.11600870700021915,1410,0.0,-0.0315,0.07038123167155426,12.3,39,1
validation-baseline-positioning,32,0,0,1286,0.15199743099947227,1410,0.0,-0.11699999999999999,0.11730205278592376,12.3,39,1
validation-baseline-positioning,32,0,0,1286,0.18902783100020315,1410,0.0,-0.22949999999999998,0.1798631476050831,12.3,39,1
validation-baseline-positioning,32,0,0,1286,0.22600908300046285,1410,0.0,-0.4185,0.25024437927663734,12.3,39,1
validation-baseline-positioning,32,0,0,1286,0.2620600110003579,1406,-8.208,-0.5535,0.2961876832844575,12.3,39,1
validation-baseline-positioning,32,0,0,1286,0.30003145699993183,1400,-13.680000000000001,-0.6164999999999999,0.3391984359726295,12.1,39,1
validation-baseline-positioning,32,0,0,1286,0.33703883799898904,1384,-35.568000000000005,-0.567,0.2785923753665689,12.1,39,1
validation-baseline-positioning,32,0,0,1286,0.3730427110003802,1368,-38.304,-0.44099999999999995,0.24144672531769307,12.1,39,1
validation-baseline-positioning,32,0,0,1286,0.4110323610002524,1346,-46.512,-0.2565,0.1378299120234604,12.1,39,1
validation-baseline-positioning,32,0,0,1286,0.44803763100026117,1329,-32.832,-0.13949999999999999,0.10361681329423265,12.1,39,1
validation-baseline-positioning,32,0,0,1286,0.48506456799987063,1318,-24.624000000000002,-0.1575,0.09775171065493646,12.1,39,1
validation-baseline-positioning,32,0,0,1286,0.5230394400005025,1320,5.472,-0.2835,0.22189638318670576,12.1,39,1
validation-baseline-positioning,32,0,0,1286,0.5590517010004987,1321,5.472,-0.40499999999999997,0.26099706744868034,12.3,39,1
validation-baseline-positioning,32,0,0,1286,0.5960756559998117,1325,10.944,-0.5399999999999999,0.32746823069403713,12.3,39,1
validation-baseline-positioning,32,0,0,1286,0.6340753610002139,1324,0.0,-0.5175,0.29716520039100686,12.3,39,1
validation-baseline-positioning,32,0,0,1286,0.6710940199991455,1323,0.0,-0.49499999999999994,0.28934506353861195,12.3,39,1
validation-baseline-positioning,32,0,0,1286,0.708084661000612,1321,-5.472,-0.4275,0.26295210166177907,12.3,39,1
validation-baseline-positioning,32,0,0,1286,0.7440773859998444,1321,0.0,-0.44999999999999996,0.27370478983382207,12.3,39,1
validation-baseline-positioning,32,0,0,1286,0.7800774070001353,1321,0.0,-0.44999999999999996,0.27370478983382207,12.3,39,1
validation-baseline-positioning,32,0,0,1286,0.8180751119998604,1322,0.0,-0.49499999999999994,0.28152492668621704,12.3,39,1
validation-baseline-positioning,32,0,0,1286,0.8540895770001953,1324,0.0,-0.5175,0.29716520039100686,12.3,39,1
validation-baseline-positioning,32,0,0,1286,0.8933393810002599,1323,0.0,-0.5175,0.28934506353861195,12.3,39,1
validation-baseline-positioning,32,0,0,1286,0.9291170699998474,1324,0.0,-0.49049999999999994,0.29716520039100686,12.3,39,1
validation-baseline-positioning,32,0,0,1286,0.966134914999202,1323,0.0,-0.49499999999999994,0.28934506353861195,12.3,39,1
validation-baseline-positioning,32,0,0,1286,1.0041866930005199,1323,0.0,-0.49499999999999994,0.28934506353861195,12.4,39,1
validation-baseline-positioning,32,0,0,1286,1.0411262239995267,1323,0.0,-0.513,0.28934506353861195,12.4,39,1
validation-baseline-positioning,32,0,0,1286,1.0771411890000309,1324,0.0,-0.49049999999999994,0.29716520039100686,12.4,39,1
validation-baseline-positioning,32,0,0,1286,1.1151407639990794,1324,0.0,-0.49499999999999994,0.29716520039100686,12.3,39,1
validation-baseline-positioning,32,0,0,1286,1.1542035330003273,1323,0.0,-0.49049999999999994,0.28934506353861195,12.3,39,1
validation-baseline-positioning,32,0,0,1286,1.1911878779992549,1324,0.0,-0.49049999999999994,0.29716520039100686,12.3,39,1
validation-baseline-positioning,32,0,0,1286,1.2271575279992248,1323,0.0,-0.49049999999999994,0.28934506353861195,12.3,39,1
validation-baseline-positioning,32,0,0,1286,1.2631602159999602,1324,0.0,-0.5175,0.29716520039100686,12.3,39,1
validation-baseline-positioning,32,0,0,1286,1.299178273000507,1323,0.0,-0.513,0.28934506353861195,12.3,39,1
validation-baseline-positioning,32,0,0,1286,1.3351674419991468,1323,0.0,-0.49949999999999994,0.28934506353861195,12.3,39,1
validation-baseline-positioning,32,0,0,1286,1.3711765930002002,1323,0.0,-0.49499999999999994,0.28934506353861195,12.0,39,1
validation-baseline-positioning,32,0,0,1286,1.4081862889997865,1323,0.0,-0.513,0.28934506353861195,12.0,39,1
validation-baseline-positioning,32,0,0,1286,1.4452008179996483,1323,0.0,-0.5175,0.28934506353861195,12.0,39,1
validation-baseline-positioning,32,0,0,1286,1.4811826730001485,1324,0.0,-0.49049999999999994,0.29716520039100686,12.3,39,1
validation-baseline-positioning,32,0,0,1286,1.5171883599996363,1323,0.0,-0.49499999999999994,0.28934506353861195,12.3,39,1
validation-baseline-positioning,32,0,0,1286,1.5532133619999513,1323,0.0,-0.49499999999999994,0.29716520039100686,12.3,39,1
validation-baseline-positioning,32,0,0,1286,1.5891904569998587,1323,0.0,-0.49499999999999994,0.28934506353861195,12.3,39,1
validation-baseline-positioning,32,0,0,1286,1.6252042929991148,1323,0.0,-0.5175,0.28934506353861195,12.3,39,1
validation-baseline-positioning,32,0,0,1286,1.6622674139998708,1323,0.0,-0.5175,0.28934506353861195,12.3,39,1
validation-baseline-positioning,32,0,0,1286,1.6992613330003223,1323,0.0,-0.49049999999999994,0.28934506353861195,12.0,39,1
validation-baseline-positioning,32,0,0,1286,1.7352236499991704,1323,0.0,-0.513,0.28934506353861195,12.0,39,1
validation-baseline-positioning,32,0,0,1286,1.7712438010003098,1323,0.0,-0.49499999999999994,0.28934506353861195,12.0,39,1
validation-baseline-positioning,32,0,0,1286,1.8082285159998719,1324,0.0,-0.49049999999999994,0.29716520039100686,12.0,39,1
validation-baseline-positioning,32,0,0,1286,1.8442225729995698,1324,0.0,-0.5175,0.29716520039100686,12.0,39,1
validation-baseline-positioning,32,0,0,1286,1.880235612999968,1324,0.0,-0.513,0.29716520039100686,12.0,39,1
validation-baseline-positioning,32,0,0,1286,1.917278159999114,1324,0.0,-0.513,0.29716520039100686,12.0,39,1
validation-baseline-positioning,32,0,0,1286,1.954245634999097,1324,0.0,-0.513,0.29716520039100686,12.3,39,1
validation-baseline-positioning,32,0,0,1286,1.990253230000235,1323,0.0,-0.49049999999999994,0.28934506353861195,12.3,39,1
validation-baseline-positioning,32,0,0,1286,2.0282536009999603,1323,0.0,-0.49049999999999994,0.28934506353861195,12.3,39,1
validation-baseline-positioning,32,0,0,1286,2.0642673629990895,1324,0.0,-0.49499999999999994,0.29716520039100686,12.3,39,1
validation-baseline-positioning,32,0,0,1286,2.101275873999839,1323,0.0,-0.49049999999999994,0.28934506353861195,12.3,39,1
validation-baseline-positioning,32,0,0,1286,2.138268070000777,1323,0.0,-0.513,0.28934506353861195,12.3,39,1
validation-baseline-positioning,32,0,0,1286,2.1752860069991584,1323,0.0,-0.513,0.28934506353861195,12.3,39,1
validation-baseline-positioning,32,0,0,1286,2.2112879539999994,1323,0.0,-0.49499999999999994,0.28934506353861195,12.3,39,1
validation-baseline-positioning,32,0,0,1286,2.2473053819994675,1323,0.0,-0.5085,0.28934506353861195,12.3,39,1
validation-baseline-positioning,32,0,0,1286,2.2833175319992733,1323,0.0,-0.513,0.28934506353861195,12.3,39,1
validation-baseline-positioning,32,0,0,1286,2.319302367999626,1323,0.0,-0.49499999999999994,0.28934506353861195,12.3,39,1
validation-baseline-positioning,32,0,0,1286,2.35530305499924,1323,0.0,-0.49049999999999994,0.28934506353861195,12.3,39,1
validation-baseline-positioning,32,0,0,1286,2.392314324999461,1324,0.0,-0.5175,0.29716520039100686,12.3,39,1
validation-baseline-positioning,32,0,0,1286,2.4293087250007375,1323,0.0,-0.49049999999999994,0.28934506353861195,12.3,39,1
validation-baseline-positioning,32,0,0,1286,2.4653137650002463,1323,0.0,-0.5175,0.28934506353861195,12.3,39,1
validation-baseline-positioning,32,0,0,1286,2.50135406300069,1323,0.0,-0.49049999999999994,0.28934506353861195,12.3,39,1
validation-baseline-positioning,32,0,0,1286,2.539358785999866,1324,0.0,-0.49049999999999994,0.29716520039100686,12.3,39,1
validation-baseline-positioning,32,0,0,1286,2.577355768999041,1323,0.0,-0.49049999999999994,0.28934506353861195,12.3,39,1
validation-baseline-positioning,32,0,0,1286,2.6153829190006945,1324,0.0,-0.513,0.29716520039100686,12.3,39,1
validation-baseline-positioning,32,0,0,1286,2.652371967000363,1324,0.0,-0.513,0.29716520039100686,12.5,39,1
validation-baseline-positioning,32,0,0,1286,2.688379672999872,1323,0.0,-0.49049999999999994,0.28934506353861195,12.5,39,1
validation-baseline-positioning,32,0,0,1286,2.7253680169997097,1324,0.0,-0.513,0.29716520039100686,12.5,39,1
validation-baseline-positioning,32,0,0,1286,2.762384824000037,1323,0.0,-0.49499999999999994,0.28934506353861195,12.5,39,1
validation-baseline-positioning,32,0,0,1286,2.7993734840001707,1323,0.0,-0.5085,0.28934506353861195,12.5,39,1
validation-baseline-positioning,32,0,0,1286,2.835382486000526,1323,0.0,-0.49049999999999994,0.29716520039100686,12.5,39,1
validation-baseline-positioning,32,0,0,1286,2.8713856729991676,1324,0.0,-0.49049999999999994,0.29716520039100686,12.3,39,1
validation-baseline-positioning,32,0,0,1286,2.9084008509998966,1323,0.0,-0.513,0.28934506353861195,12.3,39,1
validation-baseline-positioning,32,0,0,1286,2.9454100469993136,1323,0.0,-0.513,0.28934506353861195,12.3,39,1
validation-baseline-positioning,32,0,0,1286,2.98138497599939,1323,0.0,-0.49049999999999994,0.28934506353861195,12.3,39,1
validation-baseline-positioning,32,0,0,1286,3.0174018670004443,1323,0.0,-0.513,0.28934506353861195,12.3,39,1
validation-baseline-positioning,32,0,0,1286,3.0534001470005023,1324,0.0,-0.513,0.29716520039100686,12.3,39,1
validation-baseline-positioning,32,0,0,1286,3.0894369079996977,1323,0.0,-0.49049999999999994,0.28934506353861195,12.3,39,1
validation-baseline-positioning,32,0,0,1286,3.1254342810007074,1323,0.0,-0.49049999999999994,0.28934506353861195,12.0,39,1
validation-baseline-positioning,32,0,0,1286,3.1624367730000813,1324,0.0,-0.513,0.29716520039100686,12.0,39,1
validation-baseline-positioning,32,0,0,1286,3.200449829999343,1324,0.0,-0.49049999999999994,0.29716520039100686,12.0,39,1
validation-baseline-positioning,32,0,0,1286,3.2364358510003512,1323,0.0,-0.49049999999999994,0.28934506353861195,12.3,39,1
validation-baseline-positioning,32,0,0,1286,3.272459316000095,1324,0.0,-0.513,0.29716520039100686,12.3,39,1
validation-baseline-positioning,32,0,0,1286,3.3084570959999837,1323,0.0,-0.513,0.28934506353861195,12.3,39,1
validation-baseline-positioning,32,0,0,1286,3.346532744999422,1324,0.0,-0.49049999999999994,0.29716520039100686,12.3,39,1
validation-baseline-positioning,32,0,0,1286,3.3835319409990916,1324,0.0,-0.49499999999999994,0.29716520039100686,12.3,39,1
validation-baseline-positioning,32,0,0,1286,3.420531896999819,1324,0.0,-0.49049999999999994,0.29716520039100686,12.3,39,1
validation-baseline-positioning,32,0,0,1286,3.4585248050007067,1323,0.0,-0.513,0.28934506353861195,12.0,39,1
validation-baseline-positioning,32,0,0,1286,3.495523167999636,1323,0.0,-0.513,0.28934506353861195,12.0,39,1
validation-baseline-positioning,32,0,0,1286,3.5315288370002236,1323,0.0,-0.513,0.28934506353861195,12.0,39,1
validation-baseline-positioning,32,0,0,1286,3.570542329000091,1323,0.0,-0.486,0.28934506353861195,12.0,39,1
validation-baseline-positioning,32,0,0,1286,3.6065527200007637,1324,0.0,-0.49049999999999994,0.29716520039100686,12.0,39,1
validation-baseline-positioning,32,0,0,1286,3.6435370830004103,1324,0.0,-0.5085,0.29716520039100686,12.0,39,1
validation-baseline-positioning,32,0,0,1286,3.681550065999545,1323,0.0,-0.486,0.28934506353861195,12.3,39,1
validation-baseline-positioning,32,0,0,1286,3.718568688000232,1323,0.0,-0.5175,0.28934506353861195,12.3,39,1
validation-baseline-positioning,32,0,0,1286,3.755556476999118,1323,0.0,-0.513,0.28934506353861195,12.3,39,1
validation-baseline-positioning,32,0,0,1286,3.792538951000097,1324,0.0,-0.49049999999999994,0.29716520039100686,12.3,39,1
validation-baseline-positioning,32,0,0,1286,3.82854195300024,1324,0.0,-0.513,0.29716520039100686,12.3,39,1
validation-baseline-positioning,32,0,0,1286,3.8665598059997137,1324,0.0,-0.5085,0.29716520039100686,12.3,39,1
validation-baseline-positioning,32,0,0,1286,3.902548215999559,1323,0.0,-0.513,0.28934506353861195,12.3,39,1
validation-baseline-positioning,32,0,0,1286,3.938571791999493,1323,0.0,-0.486,0.28934506353861195,12.3,39,1
validation-baseline-positioning,32,0,0,1286,3.9755680260004738,1324,0.0,-0.513,0.29716520039100686,12.3,39,1
validation-baseline-positioning,32,0,0,1286,4.012559426000735,1323,0.0,-0.49049999999999994,0.28934506353861195,12.3,39,1
validation-baseline-positioning,32,0,0,1286,4.0485661500006245,1324,0.0,-0.49049999999999994,0.29716520039100686,12.3,39,1
validation-baseline-positioning,32,0,0,1286,4.0845795040004305,1324,0.0,-0.513,0.29716520039100686,12.3,39,1
validation-baseline-positioning,32,0,0,1286,4.120588784000574,1324,0.0,-0.5085,0.29716520039100686,12.3,39,1
validation-baseline-positioning,32,0,0,1286,4.15860198900009,1324,0.0,-0.513,0.29716520039100686,12.3,39,1
validation-baseline-positioning,32,0,0,1286,4.195608592999633,1324,0.0,-0.49049999999999994,0.29716520039100686,12.3,39,1
validation-baseline-positioning,32,0,0,1286,4.2326054370005295,1324,0.0,-0.513,0.29716520039100686,12.3,39,1
validation-baseline-positioning,32,0,0,1286,4.268606920999446,1323,0.0,-0.486,0.29716520039100686,12.3,39,1
validation-baseline,32,0,0,1742,0.004032237999126664,1324,0.0,-0.5085,0.29716520039100686,12.3,39,1
validation-baseline,32,0,0,1742,0.04201474000001326,1323,0.0,-0.44549999999999995,0.28152492668621704,12.3,39,1
validation-baseline,32,0,0,1742,0.07901943599972583,1324,0.0,-0.40049999999999997,0.26588465298142716,12.3,39,1
validation-baseline,32,0,0,1742,0.11503065999932005,1323,0.0,-0.3015,0.22678396871945258,12.3,39,1
validation-baseline,32,0,0,1742,0.15102745900003356,1323,0.0,-0.207,0.1798631476050831,12.3,39,1
validation-baseline,32,0,0,1742,0.18903940499876626,1324,0.0,-0.09,0.12512218963831867,12.3,39,1
validation-baseline,32,0,0,1742,0.22710283099877415,1324,0.0,0.0,0.05474095796676442,12.3,39,1
validation-baseline,32,0,0,1742,0.2650546299992129,1324,0.0,0.009,0.03128054740957967,12.3,39,1
validation-baseline,32,0,0,1742,0.3020569370000885,1323,0.0,0.16199999999999998,0.13294232649071358,12.3,39,1
validation-baseline,32,0,0,1742,0.33805790199949115,1323,0.0,0.423,0.24242424242424243,12.3,39,1
validation-baseline,32,0,0,1742,0.37605573699875094,1325,5.472,0.6164999999999999,0.3411534701857282,12.3,39,1
validation-baseline,32,0,0,1742,0.4120831830005045,1340,30.096000000000004,0.6615,0.3128054740957967,12.3,39,1
validation-baseline,32,0,0,1742,0.4520844250000664,1359,41.040000000000006,0.603,0.2981427174975562,12.3,39,1
validation-baseline,32,0,0,1742,0.49207435099924624,1386,57.456,0.32849999999999996,0.2013685239491691,12.3,39,1
validation-baseline,32,0,0,1742,0.5321045729997422,1418,62.928000000000004,0.22949999999999998,0.10361681329423265,12.1,39,1
validation-baseline,32,0,0,1742,0.57209838900053,1442,41.040000000000006,0.2115,0.11827956989247312,12.1,39,1
validation-baseline,32,0,0,1742,0.6091041039999254,1455,30.096000000000004,0.2835,0.1798631476050831,12.1,39,1
validation-baseline,32,0,0,1742,0.6461229659998935,1469,30.096000000000004,0.38699999999999996,0.21114369501466276,12.3,39,1
validation-baseline,32,0,0,1742,0.6821208940000361,1483,30.096000000000004,0.46799999999999997,0.25024437927663734,12.3,39,1
validation-baseline,32,0,0,1742,0.719110219999493,1499,35.568000000000005,0.46349999999999997,0.25513196480938416,12.3,39,1
validation-baseline,32,0,0,1742,0.7551273709996167,1520,46.512,0.43199999999999994,0.20039100684261973,12.3,39,1
validation-baseline,32,0,0,1742,0.7931262980000611,1546,49.248000000000005,0.288,0.15542521994134897,12.3,39,1
validation-baseline,32,0,0,1742,0.8331335019993276,1571,49.248000000000005,0.2115,0.11632453567937438,12.3,39,1
validation-baseline,32,0,0,1742,0.8731425579990173,1589,32.832,0.2835,0.16617790811339198,12.3,39,1
validation-baseline,32,0,0,1742,0.9111544850002247,1605,32.832,0.306,0.18181818181818182,12.1,39,1
validation-baseline,32,0,0,1742,0.947155099000156,1619,30.096000000000004,0.37799999999999995,0.21114369501466276,12.1,39,1
validation-baseline,32,0,0,1742,0.9832984509994276,1634,32.832,0.34199999999999997,0.20527859237536658,12.1,39,1
validation-baseline,32,0,0,1742,1.021168138999201,1651,35.568000000000005,0.27899999999999997,0.18475073313782991,12.1,39,1
validation-baseline,32,0,0,1742,1.0571823079990281,1671,41.040000000000006,0.2565,0.11827956989247312,12.1,39,1
validation-baseline,32,0,0,1742,1.0941839299994172,1684,30.096000000000004,0.1845,0.12512218963831867,12.1,39,1
validation-baseline,32,0,0,1742,1.1321851539996715,1695,21.888,0.1845,0.1348973607038123,12.3,39,1
validation-baseline,32,0,0,1742,1.1691681279990007,1699,8.208,0.207,0.19452590420332355,12.3,39,1
validation-baseline,32,0,0,1742,1.2051970369993796,1706,16.416,0.26099999999999995,0.16911045943304007,12.3,39,1
validation-baseline,32,0,0,1742,1.243194038999718,1708,0.0,0.315,0.21896383186705767,12.3,39,1
validation-baseline,32,0,0,1742,1.2801831799988577,1711,8.208,0.297,0.20234604105571846,12.3,39,1
validation-baseline,32,0,0,1742,1.3161898859998473,1712,0.0,0.31949999999999995,0.21896383186705767,12.3,39,1
validation-baseline,32,0,0,1742,1.3522136840001622,1712,0.0,0.31949999999999995,0.22678396871945258,12.1,39,1
validation-baseline,32,0,0,1742,1.3902049629996327,1712,0.0,0.31949999999999995,0.22678396871945258,12.1,39,1
validation-baseline,32,0,0,1742,1.4302221670004656,1711,0.0,0.33749999999999997,0.23460410557184752,12.1,39,1
validation-baseline,32,0,0,1742,1.470234944999902,1711,0.0,0.34199999999999997,0.23460410557184752,12.3,39,1
validation-baseline,32,0,0,1742,1.511250399000346,1711,0.0,0.34199999999999997,0.23460410557184752,12.3,39,1
validation-baseline,32,0,0,1742,1.5492374189998372,1711,0.0,0.33749999999999997,0.23460410557184752,12.3,39,1
validation-baseline,32,0,0,1742,1.5862376709992532,1711,0.0,0.34199999999999997,0.23460410557184752,12.3,39,1
validation-baseline,32,0,0,1742,1.6222380429990153,1711,0.0,0.33749999999999997,0.23460410557184752,12.3,39,1
validation-baseline,32,0,0,1742,1.6592351469989808,1711,0.0,0.34199999999999997,0.23460410557184752,12.3,39,1
validation-baseline,32,0,0,1742,1.6952493339995272,1711,0.0,0.34199999999999997,0.23460410557184752,12.3,39,1
validation-baseline,32,0,0,1742,1.7312756510000327,1711,0.0,0.34199999999999997,0.23460410557184752,12.3,39,1
validation-baseline,32,0,0,1742,1.7692619859990373,1711,0.0,0.34199999999999997,0.23460410557184752,12.3,39,1
validation-baseline,32,0,0,1742,1.8062771269997029,1711,0.0,0.33749999999999997,0.23460410557184752,12.3,39,1
validation-baseline,32,0,0,1742,1.8422745739990205,1711,0.0,0.33749999999999997,0.23460410557184752,12.3,39,1
validation-baseline,32,0,0,1742,1.8802766119988519,1711,0.0,0.34199999999999997,0.23460410557184752,12.3,39,1
validation-baseline,32,0,0,1742,1.916294354999991,1711,0.0,0.34199999999999997,0.23460410557184752,12.3,39,1
validation-baseline,32,0,0,1742,1.953315773000213,1711,0.0,0.34199999999999997,0.23460410557184752,12.3,39,1
validation-baseline,32,0,0,1742,1.9913229409994528,1711,0.0,0.34199999999999997,0.23460410557184752,12.3,39,1
validation-baseline,32,0,0,1742,2.0273355360004643,1711,0.0,0.34199999999999997,0.23460410557184752,12.3,39,1
validation-baseline,32,0,0,1742,2.067316499000299,1711,0.0,0.33749999999999997,0.23460410557184752,12.3,39,1
validation-baseline,32,0,0,1742,2.1043120109989104,1711,0.0,0.34199999999999997,0.23460410557184752,12.3,39,1
validation-baseline,32,0,0,1742,2.1423140120004973,1711,0.0,0.34199999999999997,0.23460410557184752,12.3,39,1
validation-baseline,32,0,0,1742,2.179334596999979,1711,0.0,0.31949999999999995,0.23460410557184752,12.3,39,1
validation-baseline,32,0,0,1742,2.2153419879996363,1711,0.0,0.34199999999999997,0.23460410557184752,12.3,39,1
validation-baseline,32,0,0,1742,2.2533329889993183,1711,0.0,0.34199999999999997,0.23460410557184752,12.3,39,1
validation-baseline,32,0,0,1742,2.289339046999885,1711,0.0,0.34199999999999997,0.23460410557184752,12.3,39,1
validation-baseline,32,0,0,1742,2.32933975099877,1711,0.0,0.34199999999999997,0.23460410557184752,12.3,39,1
validation-baseline,32,0,0,1742,2.3693673630004923,1711,0.0,0.34199999999999997,0.23460410557184752,12.3,39,1
validation-baseline,32,0,0,1742,2.409360233999905,1711,0.0,0.34199999999999997,0.23460410557184752,12.3,39,1
validation-baseline,32,0,0,1742,2.4473595679992286,1711,0.0,0.34199999999999997,0.23460410557184752,12.3,39,1
validation-baseline,32,0,0,1742,2.4833596629996464,1711,0.0,0.34199999999999997,0.23460410557184752,12.3,39,1
validation-baseline,32,0,0,1742,2.519372905999262,1711,0.0,0.34199999999999997,0.23460410557184752,12.3,39,1
validation-baseline,32,0,0,1742,2.557361334000234,1711,0.0,0.34199999999999997,0.23460410557184752,12.3,39,1
validation-baseline,32,0,0,1742,2.5933762799995748,1711,0.0,0.34199999999999997,0.23460410557184752,12.3,39,1
validation-baseline,32,0,0,1742,2.6303887169997324,1711,0.0,0.34199999999999997,0.23460410557184752,12.0,39,1
validation-baseline,32,0,0,1742,2.6683923109994794,1711,0.0,0.34199999999999997,0.23460410557184752,12.0,39,1
validation-baseline,32,0,0,1742,2.7053903409996565,1711,0.0,0.34199999999999997,0.23460410557184752,12.0,39,1
validation-baseline,32,0,0,1742,2.741398250000202,1711,0.0,0.34199999999999997,0.23460410557184752,12.0,39,1
validation-baseline,32,0,0,1742,2.779405973999019,1711,0.0,0.34199999999999997,0.23460410557184752,12.1,39,1
validation-baseline,32,0,0,1742,2.815432901999884,1711,0.0,0.33749999999999997,0.23460410557184752,12.1,39,1
validation-baseline,32,0,0,1742,2.8524125429994456,1711,0.0,0.34199999999999997,0.23460410557184752,12.1,39,1
validation-baseline,32,0,0,1742,2.8904248959988763,1711,0.0,0.34199999999999997,0.23460410557184752,12.3,39,1
validation-baseline,32,0,0,1742,2.9264354719998664,1711,0.0,0.34199999999999997,0.23460410557184752,12.3,39,1
validation-baseline,32,0,0,1742,2.9664297319995967,1711,0.0,0.34199999999999997,0.23460410557184752,12.3,39,1
validation-baseline,32,0,0,1742,3.0034707419999904,1711,0.0,0.33749999999999997,0.23460410557184752,12.0,39,1
validation-baseline,32,0,0,1742,3.041436113999225,1711,0.0,0.34199999999999997,0.23460410557184752,12.0,39,1
validation-baseline,32,0,0,1742,3.077453431000322,1711,0.0,0.34199999999999997,0.23460410557184752,12.0,39,1
validation-baseline,32,0,0,1742,3.114473165000163,1711,0.0,0.34199999999999997,0.23460410557184752,12.1,39,1
validation-baseline,32,0,0,1742,3.152444370000012,1711,0.0,0.34199999999999997,0.23460410557184752,12.1,39,1
validation-baseline,32,0,0,1742,3.1884725019990583,1711,0.0,0.34199999999999997,0.23460410557184752,12.1,39,1
validation-baseline,32,0,0,1742,3.2254820130001463,1711,0.0,0.33749999999999997,0.23460410557184752,12.3,39,1
validation-baseline,32,0,0,1742,3.2614799040002254,1711,0.0,0.33749999999999997,0.23460410557184752,12.3,39,1
validation-baseline,32,0,0,1742,3.2974784990001353,1711,0.0,0.33749999999999997,0.23460410557184752,12.3,39,1
validation-baseline,32,0,0,1742,3.3354965739999898,1711,0.0,0.34199999999999997,0.23460410557184752,12.3,39,1
validation-baseline,32,0,0,1742,3.371504112999901,1711,0.0,0.34199999999999997,0.23460410557184752,12.3,39,1
validation-baseline,32,0,0,1742,3.4085111980002694,1711,0.0,0.34199999999999997,0.23460410557184752,12.3,39,1
validation-baseline,32,0,0,1742,3.446508291999635,1711,0.0,0.34199999999999997,0.23460410557184752,12.3,39,1
validation-baseline,32,0,0,1742,3.482531941999696,1711,0.0,0.34199999999999997,0.23460410557184752,12.3,39,1
validation-baseline,32,0,0,1742,3.5195142310003575,1711,0.0,0.34199999999999997,0.23460410557184752,12.3,39,1
validation-baseline,32,0,0,1742,3.557536455000445,1711,0.0,0.34199999999999997,0.23460410557184752,12.3,39,1
validation-baseline,32,0,0,1742,3.5975249919993075,1711,0.0,0.34199999999999997,0.23460410557184752,12.3,39,1
validation-baseline,32,0,0,1742,3.633540438999262,1711,0.0,0.34199999999999997,0.23460410557184752,12.3,39,1
validation-baseline,32,0,0,1742,3.6715402739991987,1711,0.0,0.34199999999999997,0.23460410557184752,12.3,39,1
validation-baseline,32,0,0,1742,3.7095342749998963,1711,0.0,0.34199999999999997,0.23460410557184752,12.3,39,1
validation-baseline,32,0,0,1742,3.745543462999194,1711,0.0,0.34199999999999997,0.23460410557184752,12.3,39,1
validation-baseline,32,0,0,1742,3.7815572420004173,1711,0.0,0.34199999999999997,0.23460410557184752,12.3,39,1
validation-baseline,32,0,0,1742,3.8195652249996783,1711,0.0,0.34199999999999997,0.23460410557184752,12.3,39,1
validation-baseline,32,0,0,1742,3.8555685979990812,1711,0.0,0.34199999999999997,0.23460410557184752,12.3,39,1
validation-baseline,32,0,0,1742,3.8925884050004242,1711,0.0,0.33749999999999997,0.23460410557184752,12.3,39,1
validation-baseline,32,0,0,1742,3.9305661660000624,1711,0.0,0.33749999999999997,0.23460410557184752,12.3,39,1
validation-baseline,32,0,0,1742,3.9665791309998895,1711,0.0,0.34199999999999997,0.23460410557184752,12.3,39,1
validation-baseline,32,0,0,1742,4.003595567999582,1711,0.0,0.34199999999999997,0.23460410557184752,12.3,39,1
validation-baseline,32,0,0,1286,0.004002165000201785,1711,0.0,0.34199999999999997,0.23460410557184752,12.3,39,1
validation-baseline,32,0,0,1286,0.04001624199918297,1711,0.0,0.3015,0.22678396871945258,12.3,39,1
validation-baseline,32,0,0,1286,0.07701827100027003,1711,0.0,0.243,0.20332355816226785,12.3,39,1
validation-baseline,32,0,0,1286,0.11503395799991267,1711,0.0,0.16199999999999998,0.16422287390029325,12.3,39,1
validation-baseline,32,0,0,1286,0.1510403119991679,1711,0.0,0.0765,0.11730205278592376,12.3,39,1
validation-baseline,32,0,0,1286,0.18803802599904884,1711,0.0,0.0045,0.06256109481915934,12.3,39,1
validation-baseline,32,0,0,1286,0.22603017599976738,1711,0.0,0.0,0.015640273704789834,12.3,39,1
validation-baseline,32,0,0,1286,0.26205938199927914,1711,0.0,-0.08549999999999999,0.10166177908113393,12.3,39,1
validation-baseline,32,0,0,1286,0.2990766149996489,1711,0.0,-0.297,0.19550342130987292,12.3,39,1
validation-baseline,32,0,0,1286,0.3370691159998387,1711,0.0,-0.621,0.3128054740957967,12.3,39,1
validation-baseline,32,0,0,1286,0.37407914599862124,1705,-16.416,-0.6795,0.3567937438905181,12.3,39,1
validation-baseline,32,0,0,1286,0.41107945299881976,1690,-32.832,-0.693,0.33822091886608013,12.3,39,1
validation-baseline,32,0,0,1286,0.4490657699989242,1668,-46.512,-0.5445,0.28641251221896386,12.0,39,1
validation-baseline,32,0,0,1286,0.485094345998732,1639,-60.19200000000001,-0.369,0.1798631476050831,12.0,39,1
validation-baseline,32,0,0,1286,0.5221011159992486,1612,-60.19200000000001,-0.22049999999999997,0.10948191593352884,12.0,39,1
validation-baseline,32,0,0,1286,0.5591050530001667,1589,-46.512,-0.19799999999999998,0.10654936461388075,12.3,39,1
validation-baseline,32,0,0,1286,0.5961039899993921,1573,-32.832,-0.22499999999999998,0.15053763440860216,12.3,39,1
validation-baseline,32,0,0,1286,0.632107769999493,1559,-30.096000000000004,-0.27449999999999997,0.187683284457478,12.3,39,1
validation-baseline,32,0,0,1286,0.6701091049999377,1547,-27.360000000000003,-0.45899999999999996,0.2482893450635386,12.3,39,1
validation-baseline,32,0,0,1286,0.706110050999996,1530,-35.568000000000005,-0.477,0.25513196480938416,12.1,39,1
validation-baseline,32,0,0,1286,0.7431115069994121,1513,-38.304,-0.44549999999999995,0.24926686217008798,12.1,39,1
validation-baseline,32,0,0,1286,0.7811279709985683,1492,-46.512,-0.37799999999999995,0.20821114369501467,12.1,39,1
validation-baseline,32,0,0,1286,0.8181255379986396,1468,-49.248000000000005,-0.306,0.1710654936461388,12.1,39,1
validation-baseline,32,0,0,1286,0.855126548998669,1446,-49.248000000000005,-0.26549999999999996,0.13978494623655913,12.1,39,1
validation-baseline,32,0,0,1286,0.8921374860001379,1425,-46.512,-0.243,0.12218963831867058,12.1,39,1
validation-baseline,32,0,0,1286,0.929139349000252,1406,-35.568000000000005,-0.22949999999999998,0.15347018572825025,12.3,39,1
validation-baseline,32,0,0,1286,0.9661444149987801,1390,-32.832,-0.23399999999999999,0.15835777126099707,12.3,39,1
validation-baseline,32,0,0,1286,1.0041526200002409,1376,-27.360000000000003,-0.26099999999999995,0.17790811339198437,12.3,39,1
validation-baseline,32,0,0,1286,1.0401645109996025,1363,-27.360000000000003,-0.27449999999999997,0.17790811339198437,12.3,39,1
validation-baseline,32,0,0,1286,1.0771588930001599,1350,-27.360000000000003,-0.252,0.17008797653958943,12.3,39,1
validation-baseline,32,0,0,1286,1.1151645979989553,1338,-24.624000000000002,-0.21599999999999997,0.1603128054740958,12.3,39,1
validation-baseline,32,0,0,1286,1.15217297900017,1325,-27.360000000000003,-0.16649999999999998,0.12316715542521994,12.3,39,1
validation-baseline,32,0,0,1286,1.1881760179985577,1317,-16.416,-0.17099999999999999,0.1300097751710655,12.3,39,1
validation-baseline,32,0,0,1286,1.2241903719987022,1313,-10.944,-0.144,0.1495601173020528,12.3,39,1
validation-baseline,32,0,0,1286,1.2601896159994794,1307,-10.944,-0.16199999999999998,0.13391984359726294,12.3,39,1
validation-baseline,32,0,0,1286,1.2961907839999185,1307,0.0,-0.16199999999999998,0.16422287390029325,12.3,39,1
validation-baseline,32,0,0,1286,1.3321922499999346,1304,-5.472,-0.13049999999999998,0.1300097751710655,12.3,39,1
validation-baseline,32,0,0,1286,1.369204519998675,1305,0.0,-0.144,0.14858260019550343,12.3,39,1
validation-baseline,32,0,0,1286,1.406209715998557,1305,0.0,-0.1485,0.14858260019550343,12.3,39,1
validation-baseline,32,0,0,1286,1.4422092179993342,1306,0.0,-0.1485,0.15640273704789834,12.3,39,1
validation-baseline,32,0,0,1286,1.4782162579995202,1306,0.0,-0.16199999999999998,0.15640273704789834,12.3,39,1
validation-baseline,32,0,0,1286,1.5142430189989682,1307,0.0,-0.18,0.16422287390029325,12.3,39,1
validation-baseline,32,0,0,1286,1.5522313169985864,1307,0.0,-0.18,0.16422287390029325,12.3,39,1
validation-baseline,32,0,0,1286,1.5902332810001099,1307,0.0,-0.16199999999999998,0.16422287390029325,12.3,39,1
validation-baseline,32,0,0,1286,1.6262429309990694,1306,0.0,-0.18,0.15640273704789834,12.3,39,1
validation-baseline,32,0,0,1286,1.6632602939989738,1307,0.0,-0.18,0.16422287390029325,12.3,39,1
validation-baseline,32,0,0,1286,1.7002591759992356,1306,0.0,-0.18,0.15640273704789834,12.3,39,1
validation-baseline,32,0,0,1286,1.7362606409988075,1307,0.0,-0.18,0.16422287390029325,12.4,39,1
validation-baseline,32,0,0,1286,1.7722686799988878,1306,0.0,-0.18,0.15640273704789834,12.4,39,1
validation-baseline,32,0,0,1286,1.8092683389986632,1307,0.0,-0.18899999999999997,0.16422287390029325,12.4,39,1
validation-baseline,32,0,0,1286,1.8462728689992218,1306,0.0,-0.18899999999999997,0.15640273704789834,12.3,39,1
validation-baseline,32,0,0,1286,1.883296287000121,1306,0.0,-0.18899999999999997,0.15640273704789834,12.3,39,1
validation-baseline,32,0,0,1286,1.9192935489991214,1307,0.0,-0.18899999999999997,0.16422287390029325,12.3,39,1
validation-baseline,32,0,0,1286,1.9573001239987207,1306,0.0,-0.18899999999999997,0.15640273704789834,12.3,39,1
validation-baseline,32,0,0,1286,1.9932978859997093,1307,0.0,-0.18899999999999997,0.16422287390029325,12.3,39,1
validation-baseline,32,0,0,1286,2.0333571819992358,1306,0.0,-0.18899999999999997,0.15640273704789834,12.3,39,1
validation-baseline,32,0,0,1286,2.0743236359994626,1307,0.0,-0.17099999999999999,0.16422287390029325,12.0,39,1
validation-baseline,32,0,0,1286,2.1123270449988922,1306,0.0,-0.18899999999999997,0.15640273704789834,12.0,39,1
validation-baseline,32,0,0,1286,2.153319424000074,1307,0.0,-0.18899999999999997,0.15640273704789834,12.0,39,1
validation-baseline,32,0,0,1286,2.1933261289996153,1307,0.0,-0.17099999999999999,0.16422287390029325,12.1,39,1
validation-baseline,32,0,0,1286,2.2343214899992745,1306,0.0,-0.17099999999999999,0.15640273704789834,12.1,39,1
validation-baseline,32,0,0,1286,2.2703121220001776,1306,0.0,-0.18899999999999997,0.15640273704789834,12.1,39,1
validation-baseline,32,0,0,1286,2.3063202169996657,1307,0.0,-0.18899999999999997,0.16422287390029325,12.3,39,1
validation-baseline,32,0,0,1286,2.343331615998977,1307,0.0,-0.18899999999999997,0.16422287390029325,12.3,39,1
validation-baseline,32,0,0,1286,2.3793331189990568,1307,0.0,-0.18899999999999997,0.16422287390029325,12.3,39,1
validation-baseline,32,0,0,1286,2.4153348059990094,1307,0.0,-0.17099999999999999,0.16422287390029325,12.3,39,1
validation-baseline,32,0,0,1286,2.451339511999322,1307,0.0,-0.18899999999999997,0.15640273704789834,12.3,39,1
validation-baseline,32,0,0,1286,2.487343921999127,1306,0.0,-0.18899999999999997,0.15640273704789834,12.3,39,1
validation-baseline,32,0,0,1286,2.5233454419994814,1307,0.0,-0.17099999999999999,0.16422287390029325,12.3,39,1
validation-baseline,32,0,0,1286,2.5604030639988196,1307,0.0,-0.18899999999999997,0.16422287390029325,12.3,39,1
validation-baseline,32,0,0,1286,2.59739179799908,1306,0.0,-0.1845,0.15640273704789834,12.3,39,1
validation-baseline,32,0,0,1286,2.6333848550002585,1307,0.0,-0.18899999999999997,0.16422287390029325,12.3,39,1
validation-baseline,32,0,0,1286,2.671393819999139,1307,0.0,-0.18899999999999997,0.16422287390029325,12.3,39,1
validation-baseline,32,0,0,1286,2.7083836089987017,1307,0.0,-0.17099999999999999,0.16422287390029325,12.3,39,1
validation-baseline,32,0,0,1286,2.745387248998668,1307,0.0,-0.18899999999999997,0.16422287390029325,12.3,39,1
validation-baseline,32,0,0,1286,2.7823853899990354,1307,0.0,-0.17099999999999999,0.16422287390029325,12.3,39,1
validation-baseline,32,0,0,1286,2.819408122999448,1306,0.0,-0.18899999999999997,0.15640273704789834,12.3,39,1
validation-baseline,32,0,0,1286,2.8554020329993364,1306,0.0,-0.18899999999999997,0.15640273704789834,12.3,39,1
validation-baseline,32,0,0,1286,2.89144790499995,1307,0.0,-0.1845,0.16422287390029325,12.3,39,1
validation-baseline,32,0,0,1286,2.9294125549986347,1307,0.0,-0.18899999999999997,0.16422287390029325,12.3,39,1
validation-baseline,32,0,0,1286,2.9694546289993013,1306,0.0,-0.18899999999999997,0.15640273704789834,12.3,39,1
validation-baseline,32,0,0,1286,3.009428499999558,1307,0.0,-0.18899999999999997,0.16422287390029325,12.3,39,1
validation-baseline,32,0,0,1286,3.047449001000132,1307,0.0,-0.17099999999999999,0.16422287390029325,12.3,39,1
validation-baseline,32,0,0,1286,3.085460428999795,1306,0.0,-0.18899999999999997,0.15640273704789834,12.3,39,1
validation-baseline,32,0,0,1286,3.12248347700006,1307,0.0,-0.17099999999999999,0.16422287390029325,12.3,39,1
validation-baseline,32,0,0,1286,3.1587334209998517,1307,0.0,-0.18899999999999997,0.16422287390029325,12.3,39,1
validation-baseline,32,0,0,1286,3.196494869000162,1307,0.0,-0.1845,0.16422287390029325,12.3,39,1
validation-baseline,32,0,0,1286,3.2324641309987783,1307,0.0,-0.17099999999999999,0.16422287390029325,12.3,39,1
validation-baseline,32,0,0,1286,3.270454076999158,1307,0.0,-0.18899999999999997,0.16422287390029325,12.3,39,1
validation-baseline,32,0,0,1286,3.30646741199962,1307,0.0,-0.18899999999999997,0.16422287390029325,12.3,39,1
validation-baseline,32,0,0,1286,3.3425067659991328,1307,0.0,-0.1845,0.16422287390029325,12.3,39,1
validation-baseline,32,0,0,1286,3.379604832000041,1306,0.0,-0.1845,0.15640273704789834,12.3,39,1
validation-baseline,32,0,0,1286,3.416498122000121,1307,0.0,-0.1845,0.16422287390029325,12.3,39,1
validation-baseline,32,0,0,1286,3.4524998090000736,1306,0.0,-0.17099999999999999,0.15640273704789834,12.3,39,1
validation-baseline,32,0,0,1286,3.4885051820001536,1307,0.0,-0.18899999999999997,0.16422287390029325,12.4,39,1
validation-baseline,32,0,0,1286,3.524525053999241,1307,0.0,-0.17099999999999999,0.16422287390029325,12.4,39,1
validation-baseline,32,0,0,1286,3.560515592998854,1306,0.0,-0.17099999999999999,0.15640273704789834,12.4,39,1
validation-baseline,32,0,0,1286,3.5965211699985957,1306,0.0,-0.17099999999999999,0.15640273704789834,12.3,39,1
validation-baseline,32,0,0,1286,3.6335294769996835,1307,0.0,-0.18899999999999997,0.16422287390029325,12.3,39,1
validation-baseline,32,0,0,1286,3.670714820000285,1307,0.0,-0.18899999999999997,0.16422287390029325,12.3,39,1
validation-baseline,32,0,0,1286,3.714555726999606,1307,0.0,-0.18899999999999997,0.16422287390029325,12.3,39,1
validation-baseline,32,0,0,1286,3.750547767000171,1307,0.0,-0.17099999999999999,0.16422287390029325,12.3,39,1
validation-baseline,32,0,0,1286,3.789539554998555,1307,0.0,-0.17099999999999999,0.16422287390029325,12.3,39,1
validation-baseline,32,0,0,1286,3.8255562239992287,1307,0.0,-0.18899999999999997,0.16422287390029325,12.1,39,1
validation-baseline,32,0,0,1286,3.863564168999801,1307,0.0,-0.17099999999999999,0.16422287390029325,12.1,39,1
validation-baseline,32,0,0,1286,3.9015629859986802,1307,0.0,-0.18899999999999997,0.16422287390029325,12.1,39,1
validation-baseline,32,0,0,1286,3.9395681909991254,1307,0.0,-0.18899999999999997,0.16422287390029325,12.1,39,1
validation-baseline,32,0,0,1286,3.9765797939999175,1306,0.0,-0.18899999999999997,0.15640273704789834,12.1,39,1
validation-baseline,32,0,0,1286,4.012578240999574,1306,0.0,-0.17099999999999999,0.15640273704789834,12.1,39,1
validation-candidate-positioning,64,0,0,1286,0.003986923999036662,1307,0.0,0.0,0.0,12.3,39,1
validation-candidate-positioning,64,0,0,1286,0.040988120999827515,1307,0.0,0.0,0.015640273704789834,12.3,39,1
validation-candidate-positioning,64,0,0,1286,0.07801924199884525,1306,0.0,-0.018,0.0469208211143695,12.3,39,1
validation-candidate-positioning,64,0,0,1286,0.11502775299959467,1307,0.0,-0.17099999999999999,0.14076246334310852,12.3,39,1
validation-candidate-positioning,64,0,0,1286,0.1520179309991363,1307,0.0,-0.3645,0.21896383186705767,12.3,39,1
validation-candidate-positioning,64,0,0,1286,0.18802576699999918,1305,-5.472,-0.38249999999999995,0.23949169110459434,12.3,39,1
validation-candidate-positioning,64,0,0,1286,0.2240371209991281,1303,0.0,-0.46799999999999997,0.26588465298142716,12.3,39,1
validation-candidate-positioning,64,0,0,1286,0.2620205109997187,1302,-5.472,-0.34199999999999997,0.23949169110459434,12.3,39,1
validation-candidate-positioning,64,0,0,1286,0.30206886299856706,1302,0.0,-0.3735,0.25024437927663734,12.3,39,1
validation-candidate-positioning,64,0,0,1286,0.34204871600013576,1302,0.0,-0.38249999999999995,0.25024437927663734,12.3,39,1
validation-candidate-positioning,64,0,0,1286,0.3800561239986564,1302,0.0,-0.423,0.25024437927663734,12.3,39,1
validation-candidate-positioning,64,0,0,1286,0.4180711809985951,1303,0.0,-0.4275,0.26588465298142716,12.3,39,1
validation-candidate-positioning,64,0,0,1286,0.45506678499987174,1303,0.0,-0.423,0.26588465298142716,12.3,39,1
validation-candidate-positioning,64,0,0,1286,0.4910682319987245,1303,0.0,-0.423,0.26588465298142716,12.3,39,1
validation-candidate-positioning,64,0,0,1286,0.5290587330000562,1303,0.0,-0.423,0.26588465298142716,12.3,39,1
validation-candidate-positioning,64,0,0,1286,0.5650767169991013,1303,0.0,-0.423,0.26588465298142716,12.3,39,1
validation-candidate-positioning,64,0,0,1286,0.6050856429992564,1303,0.0,-0.4275,0.26588465298142716,12.3,39,1
validation-candidate-positioning,64,0,0,1286,0.6450812359998963,1303,0.0,-0.4275,0.26588465298142716,12.3,39,1
validation-candidate-positioning,64,0,0,1286,0.6850803289999021,1303,0.0,-0.4275,0.26588465298142716,12.5,39,1
validation-candidate-positioning,64,0,0,1286,0.7230851639997127,1303,0.0,-0.4275,0.26588465298142716,12.5,39,1
validation-candidate-positioning,64,0,0,1286,0.759100702998694,1303,0.0,-0.423,0.26588465298142716,12.5,39,1
validation-candidate-positioning,64,0,0,1286,0.7950875759997871,1303,0.0,-0.423,0.26588465298142716,12.3,39,1
validation-candidate-positioning,64,0,0,1286,0.8330951699990692,1303,0.0,-0.4275,0.26588465298142716,12.3,39,1
validation-candidate-positioning,64,0,0,1286,0.8691123939988756,1303,0.0,-0.423,0.26588465298142716,12.3,39,1
validation-candidate-positioning,64,0,0,1286,0.9061229979997734,1303,0.0,-0.423,0.26588465298142716,12.3,39,1
validation-candidate-positioning,64,0,0,1286,0.9421199070002331,1303,0.0,-0.423,0.26588465298142716,12.3,39,1
validation-candidate-positioning,64,0,0,1286,0.9781308909987274,1303,0.0,-0.4275,0.26588465298142716,12.3,39,1
validation-candidate-positioning,64,0,0,1286,1.0161383369995747,1303,0.0,-0.4275,0.26588465298142716,12.0,39,1
validation-candidate-positioning,64,0,0,1286,1.0531317369986937,1303,0.0,-0.423,0.26588465298142716,12.0,39,1
validation-candidate-positioning,64,0,0,1286,1.089133554,1303,0.0,-0.4275,0.26588465298142716,12.0,39,1
validation-candidate-positioning,64,0,0,1286,1.1271352029998525,1303,0.0,-0.423,0.26588465298142716,12.0,39,1
validation-candidate-positioning,64,0,0,1286,1.163211611999941,1304,0.0,-0.423,0.28152492668621704,12.3,39,1
validation-candidate-positioning,64,0,0,1286,1.203212483000243,1303,0.0,-0.45899999999999996,0.26588465298142716,12.3,39,1
validation-candidate-positioning,64,0,0,1286,1.243220594999002,1303,0.0,-0.4275,0.26588465298142716,12.3,39,1
validation-candidate-positioning,64,0,0,1286,1.2832316139993054,1303,0.0,-0.423,0.26588465298142716,12.3,39,1
validation-candidate-positioning,64,0,0,1286,1.3202096429995436,1303,0.0,-0.4275,0.26588465298142716,12.3,39,1
validation-candidate-positioning,64,0,0,1286,1.3582209409996722,1303,0.0,-0.423,0.26588465298142716,12.3,39,1
validation-candidate-positioning,64,0,0,1286,1.395221433000188,1303,0.0,-0.423,0.26588465298142716,12.0,39,1
validation-candidate-positioning,64,0,0,1286,1.431222583998533,1303,0.0,-0.4275,0.26588465298142716,12.0,39,1
validation-candidate-positioning,64,0,0,1286,1.4692274190001626,1303,0.0,-0.423,0.26588465298142716,12.0,39,1
validation-candidate-positioning,64,0,0,1286,1.5052572909989976,1303,0.0,-0.423,0.26588465298142716,12.0,39,1
validation-candidate-positioning,64,0,0,1286,1.544272152999838,1303,0.0,-0.423,0.26588465298142716,12.0,39,1
validation-candidate-positioning,64,0,0,1286,1.5819015099987155,1303,0.0,-0.423,0.26588465298142716,12.0,39,1
validation-candidate-positioning,64,0,0,1286,1.6182389160003368,1303,0.0,-0.423,0.26588465298142716,12.3,39,1
validation-candidate-positioning,64,0,0,1286,1.6542378630001622,1303,0.0,-0.423,0.26588465298142716,12.3,39,1
validation-candidate-positioning,64,0,0,1286,1.6912292439992598,1303,0.0,-0.423,0.26588465298142716,12.3,39,1
validation-candidate-positioning,64,0,0,1286,1.7272492649990454,1303,0.0,-0.423,0.26588465298142716,12.3,39,1
validation-candidate-positioning,64,0,0,1286,1.7642272209996008,1303,0.0,-0.423,0.26588465298142716,12.3,39,1
validation-candidate-positioning,64,0,0,1286,1.8022738879990357,1303,0.0,-0.423,0.26588465298142716,12.3,39,1
validation-candidate-positioning,64,0,0,1286,1.8382649459999811,1303,0.0,-0.423,0.26588465298142716,12.3,39,1
validation-candidate-positioning,64,0,0,1286,1.8752540690002206,1303,0.0,-0.423,0.26588465298142716,12.3,39,1
validation-candidate-positioning,64,0,0,1286,1.9112728669988428,1303,0.0,-0.423,0.26588465298142716,12.3,40,1
validation-candidate-positioning,64,0,0,1286,1.9472904799986281,1303,0.0,-0.423,0.26588465298142716,12.3,40,1
validation-candidate-positioning,64,0,0,1286,1.9852908329994534,1303,0.0,-0.423,0.26588465298142716,12.3,40,1
validation-candidate-positioning,64,0,0,1286,2.0212780209985794,1303,0.0,-0.423,0.26588465298142716,12.3,39,1
validation-candidate-positioning,64,0,0,1286,2.0582998279987805,1303,0.0,-0.423,0.26588465298142716,12.3,39,1
validation-candidate-positioning,64,0,0,1286,2.0963163659998827,1303,0.0,-0.4275,0.26588465298142716,12.3,39,1
validation-candidate-positioning,64,0,0,1286,2.133293044000311,1303,0.0,-0.423,0.26588465298142716,12.3,39,1
validation-candidate-positioning,64,0,0,1286,2.1693084170001384,1303,0.0,-0.423,0.26588465298142716,12.3,39,1
validation-candidate-positioning,64,0,0,1286,2.2073107519991026,1303,0.0,-0.423,0.26588465298142716,12.3,39,1
validation-candidate-positioning,64,0,0,1286,2.243324938999649,1303,0.0,-0.423,0.26588465298142716,12.3,39,1
validation-candidate-positioning,64,0,0,1286,2.2803308940001443,1303,0.0,-0.423,0.26588465298142716,12.3,39,1
validation-candidate-positioning,64,0,0,1286,2.3163350819995685,1303,0.0,-0.423,0.26588465298142716,12.3,39,1
validation-candidate-positioning,64,0,0,1286,2.3543502499996976,1303,0.0,-0.423,0.26588465298142716,12.3,39,1
validation-candidate-positioning,64,0,0,1286,2.394365342999663,1303,0.0,-0.423,0.26588465298142716,12.3,39,1
validation-candidate-positioning,64,0,0,1286,2.4345934519988077,1303,0.0,-0.423,0.26588465298142716,12.5,39,1
validation-candidate-positioning,64,0,0,1286,2.4713684099988313,1303,0.0,-0.423,0.26588465298142716,12.5,39,1
validation-candidate-positioning,64,0,0,1286,2.509361762999106,1303,0.0,-0.423,0.26588465298142716,12.5,39,1
validation-candidate-positioning,64,0,0,1286,2.5453683949999686,1303,0.0,-0.423,0.26588465298142716,12.3,39,1
validation-candidate-positioning,64,0,0,1286,2.5823951279999164,1303,0.0,-0.4185,0.26588465298142716,12.3,39,1
validation-candidate-positioning,64,0,0,1286,2.6203861479989428,1303,0.0,-0.423,0.26588465298142716,12.3,39,1
validation-candidate-positioning,64,0,0,1286,2.6563793719997193,1303,0.0,-0.423,0.26588465298142716,12.3,39,1
validation-candidate-positioning,64,0,0,1286,2.6964305949986738,1303,0.0,-0.423,0.26588465298142716,12.3,39,1
validation-candidate-positioning,64,0,0,1286,2.7334050689987635,1303,0.0,-0.423,0.26588465298142716,12.3,39,1
validation-candidate-positioning,64,0,0,1286,2.771424495998872,1303,0.0,-0.423,0.26588465298142716,12.3,39,1
validation-candidate-positioning,64,0,0,1286,2.8084313589988597,1303,0.0,-0.423,0.26588465298142716,12.3,39,1
validation-candidate-positioning,64,0,0,1286,2.8444310830000177,1303,0.0,-0.423,0.26588465298142716,12.3,39,1
validation-candidate-positioning,64,0,0,1286,2.882422585000313,1303,0.0,-0.423,0.26588465298142716,12.3,39,1
validation-candidate-positioning,64,0,0,1286,2.9194406699989486,1303,0.0,-0.423,0.26588465298142716,12.3,39,1
validation-candidate-positioning,64,0,0,1286,2.956437273998745,1303,0.0,-0.423,0.26588465298142716,12.3,39,1
validation-candidate-positioning,64,0,0,1286,2.9944360709996545,1303,0.0,-0.423,0.26588465298142716,12.3,39,1
validation-candidate-positioning,64,0,0,1286,3.0304404809994594,1303,0.0,-0.423,0.26588465298142716,12.3,39,1
validation-candidate-positioning,64,0,0,1286,3.0674436959998275,1303,0.0,-0.423,0.26588465298142716,12.3,39,1
validation-candidate-positioning,64,0,0,1286,3.1034529199987446,1303,0.0,-0.423,0.26588465298142716,12.3,39,1
validation-candidate-positioning,64,0,0,1286,3.1394687189986143,1303,0.0,-0.4275,0.26588465298142716,12.0,39,1
validation-candidate-positioning,64,0,0,1286,3.177458719999777,1303,0.0,-0.423,0.26588465298142716,12.0,39,1
validation-candidate-positioning,64,0,0,1286,3.213470556000175,1303,0.0,-0.4275,0.26588465298142716,12.0,39,1
validation-candidate-positioning,64,0,0,1286,3.249482094999621,1302,0.0,-0.369,0.25024437927663734,12.0,39,1
validation-candidate-positioning,64,0,0,1286,3.2874767260000226,1299,-5.472,-0.22499999999999998,0.19257086999022482,12.0,40,1
validation-candidate-positioning,64,0,0,1286,3.324503513998934,1295,-8.208,-0.09,0.1241446725317693,12.0,40,1
validation-candidate-positioning,64,0,0,1286,3.360515108999607,1291,-8.208,-0.0315,0.06158357771260997,12.3,40,1
validation-candidate-positioning,64,0,0,1286,3.3985082769995643,1289,0.0,-0.0045,0.0469208211143695,12.3,40,1
validation-candidate-positioning,64,0,0,1286,3.434511556999496,1289,0.0,-0.0045,0.0469208211143695,12.3,39,1
validation-candidate-positioning,64,0,0,1286,3.4715413089998037,1289,0.0,-0.018,0.0469208211143695,12.3,39,1
validation-candidate-positioning,64,0,0,1286,3.509534087999782,1291,0.0,-0.05399999999999999,0.07820136852394917,12.3,39,1
validation-candidate-positioning,64,0,0,1286,3.5455307390002417,1292,0.0,-0.05399999999999999,0.093841642228739,12.3,39,1
validation-candidate-positioning,64,0,0,1286,3.5825278609991074,1293,0.0,-0.05399999999999999,0.10948191593352884,12.3,39,1
validation-candidate-positioning,64,0,0,1286,3.621561240999654,1292,0.0,-0.05399999999999999,0.093841642228739,12.3,39,1
validation-candidate-positioning,64,0,0,1286,3.6575683539995225,1292,0.0,-0.05399999999999999,0.093841642228739,12.3,39,1
validation-candidate-positioning,64,0,0,1286,3.6945569769995927,1292,0.0,-0.0765,0.093841642228739,12.3,39,1
validation-candidate-positioning,64,0,0,1286,3.7315435989985417,1293,0.0,-0.0765,0.093841642228739,12.3,39,1
validation-candidate-positioning,64,0,0,1286,3.7685701840000547,1292,0.0,-0.05399999999999999,0.093841642228739,12.3,40,1
validation-candidate-positioning,64,0,0,1286,3.8046006489985302,1293,0.0,-0.0765,0.10948191593352884,12.3,40,1
validation-candidate-positioning,64,0,0,1286,3.8425757059994794,1293,0.0,-0.05399999999999999,0.10948191593352884,12.3,40,1
validation-candidate-positioning,64,0,0,1286,3.8795806620000803,1292,0.0,-0.05399999999999999,0.093841642228739,12.3,39,1
validation-candidate-positioning,64,0,0,1286,3.9155737749988475,1293,0.0,-0.0765,0.10948191593352884,12.3,39,1
validation-candidate-positioning,64,0,0,1286,3.9535755540000537,1293,0.0,-0.0765,0.10948191593352884,12.3,39,1
validation-candidate-positioning,64,0,0,1286,3.98958901900005,1293,0.0,-0.0765,0.10948191593352884,12.3,40,1
validation-candidate-positioning,64,0,0,1286,4.02660032699896,1292,0.0,-0.05399999999999999,0.093841642228739,12.3,40,1
validation-candidate,64,0,0,1742,0.003982849999374594,1293,0.0,-0.05399999999999999,0.10948191593352884,12.3,40,1
validation-candidate,64,0,0,1742,0.03998872299962386,1293,0.0,-0.05399999999999999,0.093841642228739,12.3,40,1
validation-candidate,64,0,0,1742,0.07599761399978888,1293,0.0,-0.0045,0.0469208211143695,12.3,40,1
validation-candidate,64,0,0,1742,0.11400546699951519,1293,0.0,0.0,0.015640273704789834,12.3,40,1
validation-candidate,64,0,0,1742,0.15400041199973202,1293,0.0,0.11699999999999999,0.10948191593352884,12.3,40,1
validation-candidate,64,0,0,1742,0.18999559899930318,1293,0.0,0.3105,0.23460410557184752,12.3,40,1
validation-candidate,64,0,0,1742,0.2270174990007945,1299,13.680000000000001,0.477,0.25317693059628543,12.3,40,1
validation-candidate,64,0,0,1742,0.2640282690008462,1307,19.152,0.4095,0.27370478983382207,12.3,40,1
validation-candidate,64,0,0,1742,0.30109237199940253,1323,32.832,0.3735,0.19745845552297164,12.3,40,1
validation-candidate,64,0,0,1742,0.33803060600075696,1338,35.568000000000005,0.2835,0.176930596285435,12.3,40,1
validation-candidate,64,0,0,1742,0.37607634800042433,1355,32.832,0.288,0.16617790811339198,12.3,40,1
validation-candidate,64,0,0,1742,0.4120392950007954,1371,35.568000000000005,0.32399999999999995,0.19257086999022482,12.3,40,1
validation-candidate,64,0,0,1742,0.44903995399909036,1387,35.568000000000005,0.34199999999999997,0.20821114369501467,12.3,40,1
validation-candidate,64,0,0,1742,0.48504975300056685,1404,38.304,0.351,0.2179863147605083,12.3,40,1
validation-candidate,64,0,0,1742,0.5210564030003297,1425,46.512,0.2925,0.17497556207233628,12.3,40,1
validation-candidate,64,0,0,1742,0.5570437389997096,1444,41.040000000000006,0.27899999999999997,0.1652003910068426,12.3,40,1
validation-candidate,64,0,0,1742,0.5930498149991763,1465,46.512,0.21599999999999997,0.10654936461388075,12.3,40,1
validation-candidate,64,0,0,1742,0.6310624090001511,1478,24.624000000000002,0.37799999999999995,0.24633431085043989,12.3,40,1
validation-candidate,64,0,0,1742,0.6670762260000629,1498,43.776,0.40049999999999997,0.17497556207233628,12.3,40,1
validation-candidate,64,0,0,1742,0.7040797369991196,1513,32.832,0.46799999999999997,0.24437927663734116,12.3,40,1
validation-candidate,64,0,0,1742,0.7401089800005138,1533,43.776,0.369,0.20625610948191594,12.3,40,1
validation-candidate,64,0,0,1742,0.7770934540003509,1555,46.512,0.2115,0.1378299120234604,12.3,40,1
validation-candidate,64,0,0,1742,0.813094455999817,1574,41.040000000000006,0.2565,0.13391984359726294,12.1,40,1
validation-candidate,64,0,0,1742,0.8492541790001269,1590,32.832,0.31949999999999995,0.18181818181818182,12.1,40,1
validation-candidate,64,0,0,1742,0.8850985349999974,1607,38.304,0.3735,0.18670576735092864,12.1,40,1
validation-candidate,64,0,0,1742,0.9211071669997182,1623,38.304,0.43199999999999994,0.2179863147605083,12.1,40,1
validation-candidate,64,0,0,1742,0.9571020759995008,1641,41.040000000000006,0.33749999999999997,0.18084066471163246,12.1,40,1
validation-candidate,64,0,0,1742,0.9931148190007661,1660,43.776,0.18899999999999997,0.11241446725317693,12.1,40,1
validation-candidate,64,0,0,1742,1.0311432460002834,1677,32.832,0.22049999999999997,0.10361681329423265,12.3,40,1
validation-candidate,64,0,0,1742,1.068126795000353,1686,21.888,0.2925,0.18963831867057673,12.3,40,1
validation-candidate,64,0,0,1742,1.1051516389998142,1697,24.624000000000002,0.24749999999999997,0.1681329423264907,12.3,40,1
validation-candidate,64,0,0,1742,1.1431749919993308,1706,19.152,0.3105,0.1798631476050831,12.1,40,1
validation-candidate,64,0,0,1742,1.1791550500001904,1715,21.888,0.18899999999999997,0.14271749755620725,12.1,40,1
validation-candidate,64,0,0,1742,1.2161602460000722,1724,19.152,0.09449999999999999,0.10166177908113393,12.1,40,1
validation-candidate,64,0,0,1742,1.2522105070001999,1731,10.944,0.1035,0.08699902248289346,12.1,40,1
validation-candidate,64,0,0,1742,1.2891709819996322,1730,0.0,0.16199999999999998,0.17204301075268819,12.1,40,1
validation-candidate,64,0,0,1742,1.3271835380000994,1730,0.0,0.26099999999999995,0.187683284457478,12.1,40,1
validation-candidate,64,0,0,1742,1.3651714839998021,1728,0.0,0.26099999999999995,0.21896383186705767,12.1,40,1
validation-candidate,64,0,0,1742,1.4011785050006438,1729,0.0,0.26099999999999995,0.20332355816226785,12.3,40,1
validation-candidate,64,0,0,1742,1.4372008589998586,1730,0.0,0.22499999999999998,0.187683284457478,12.3,40,1
validation-candidate,64,0,0,1742,1.4731933059993025,1731,0.0,0.18899999999999997,0.17204301075268819,12.3,40,1
validation-candidate,64,0,0,1742,1.509200234000673,1731,0.0,0.18899999999999997,0.17204301075268819,12.3,40,1
validation-candidate,64,0,0,1742,1.5451965699994616,1730,0.0,0.22499999999999998,0.187683284457478,12.3,40,1
validation-candidate,64,0,0,1742,1.5831947560000117,1729,0.0,0.26099999999999995,0.20332355816226785,12.3,40,1
validation-candidate,64,0,0,1742,1.6202255450007215,1730,0.0,0.22499999999999998,0.187683284457478,12.3,40,1
validation-candidate,64,0,0,1742,1.6574303130000771,1730,0.0,0.22499999999999998,0.187683284457478,12.3,40,1
validation-candidate,64,0,0,1742,1.6972490000007383,1731,0.0,0.22499999999999998,0.17204301075268819,12.3,40,1
validation-candidate,64,0,0,1742,1.7332106699996075,1730,0.0,0.22499999999999998,0.187683284457478,12.3,40,1
validation-candidate,64,0,0,1742,1.769248726999649,1730,0.0,0.22499999999999998,0.187683284457478,12.3,40,1
validation-candidate,64,0,0,1742,1.8052228779997677,1730,0.0,0.22499999999999998,0.187683284457478,12.3,40,1
validation-candidate,64,0,0,1742,1.8412255279999954,1730,0.0,0.22499999999999998,0.187683284457478,12.3,40,1
validation-candidate,64,0,0,1742,1.8782436319997942,1730,0.0,0.22049999999999997,0.187683284457478,12.3,40,1
validation-candidate,64,0,0,1742,1.915250661000755,1730,0.0,0.22949999999999998,0.187683284457478,12.3,40,1
validation-candidate,64,0,0,1742,1.9513116449998051,1730,0.0,0.22499999999999998,0.187683284457478,12.3,40,1
validation-candidate,64,0,0,1742,1.9872670179993293,1730,0.0,0.22499999999999998,0.187683284457478,12.3,40,1
validation-candidate,64,0,0,1742,2.024284324999826,1730,0.0,0.22499999999999998,0.187683284457478,12.3,40,1
validation-candidate,64,0,0,1742,2.0612609470008465,1730,0.0,0.22499999999999998,0.187683284457478,12.3,40,1
validation-candidate,64,0,0,1742,2.098257346999162,1730,0.0,0.22499999999999998,0.187683284457478,12.3,40,1
validation-candidate,64,0,0,1742,2.1352732100003777,1730,0.0,0.22499999999999998,0.187683284457478,12.3,40,1
validation-candidate,64,0,0,1742,2.1732748600006744,1730,0.0,0.22499999999999998,0.187683284457478,12.3,40,1
validation-candidate,64,0,0,1742,2.2102927409996482,1730,0.0,0.22499999999999998,0.187683284457478,12.3,40,1
validation-candidate,64,0,0,1742,2.2473034930008,1730,0.0,0.22499999999999998,0.187683284457478,12.3,40,1
validation-candidate,64,0,0,1742,2.2834688639995875,1730,0.0,0.22499999999999998,0.187683284457478,12.3,40,1
validation-candidate,64,0,0,1742,2.3193150339993736,1730,0.0,0.22499999999999998,0.187683284457478,12.3,40,1
validation-candidate,64,0,0,1742,2.356312063999212,1730,0.0,0.22949999999999998,0.187683284457478,12.3,40,1
validation-candidate,64,0,0,1742,2.393308889999389,1730,0.0,0.22499999999999998,0.187683284457478,12.3,40,1
validation-candidate,64,0,0,1742,2.431325187000766,1730,0.0,0.22499999999999998,0.187683284457478,12.3,40,1
validation-candidate,64,0,0,1742,2.4673171710001043,1730,0.0,0.22499999999999998,0.187683284457478,12.3,40,1
validation-candidate,64,0,0,1742,2.5033433949993196,1730,0.0,0.22949999999999998,0.187683284457478,12.3,40,1
validation-candidate,64,0,0,1742,2.5393480639995687,1730,0.0,0.22499999999999998,0.187683284457478,12.4,40,1
validation-candidate,64,0,0,1742,2.5753500659993733,1730,0.0,0.22499999999999998,0.187683284457478,12.4,40,1
validation-candidate,64,0,0,1742,2.6123487439999735,1730,0.0,0.22499999999999998,0.187683284457478,12.4,40,1
validation-candidate,64,0,0,1742,2.649359180999454,1730,0.0,0.22499999999999998,0.187683284457478,12.0,40,1
validation-candidate,64,0,0,1742,2.686404191999827,1730,0.0,0.26099999999999995,0.187683284457478,12.0,40,1
validation-candidate,64,0,0,1742,2.7223696389992256,1730,0.0,0.22499999999999998,0.187683284457478,12.0,40,1
validation-candidate,64,0,0,1742,2.7583797890001733,1730,0.0,0.22499999999999998,0.187683284457478,12.0,40,1
validation-candidate,64,0,0,1742,2.79440125399924,1730,0.0,0.22949999999999998,0.187683284457478,12.3,40,1
validation-candidate,64,0,0,1742,2.830386109000756,1730,0.0,0.22499999999999998,0.187683284457478,12.3,40,1
validation-candidate,64,0,0,1742,2.8673849160004465,1730,0.0,0.22949999999999998,0.187683284457478,12.3,40,1
validation-candidate,64,0,0,1742,2.904384482999376,1730,0.0,0.22499999999999998,0.187683284457478,12.1,40,1
validation-candidate,64,0,0,1742,2.94039642899952,1730,0.0,0.22499999999999998,0.187683284457478,12.1,40,1
validation-candidate,64,0,0,1742,2.976389654000741,1730,0.0,0.22499999999999998,0.187683284457478,12.1,40,1
validation-candidate,64,0,0,1742,3.012395044999721,1730,0.0,0.22499999999999998,0.187683284457478,12.1,40,1
validation-candidate,64,0,0,1742,3.048683359000279,1730,0.0,0.22499999999999998,0.187683284457478,12.1,40,1
validation-candidate,64,0,0,1742,3.084403974999077,1730,0.0,0.26099999999999995,0.187683284457478,12.1,40,1
validation-candidate,64,0,0,1742,3.1224048839994794,1730,0.0,0.22499999999999998,0.187683284457478,12.3,40,1
validation-candidate,64,0,0,1742,3.159427209999194,1730,0.0,0.22499999999999998,0.187683284457478,12.3,40,1
validation-candidate,64,0,0,1742,3.195421582000563,1730,0.0,0.22949999999999998,0.187683284457478,12.3,40,1
validation-candidate,64,0,0,1742,3.231427750999501,1730,0.0,0.22499999999999998,0.187683284457478,12.3,40,1
validation-candidate,64,0,0,1742,3.2674301610004477,1730,0.0,0.22499999999999998,0.187683284457478,12.3,40,1
validation-candidate,64,0,0,1742,3.3054591809996055,1730,0.0,0.22499999999999998,0.187683284457478,12.3,40,1
validation-candidate,64,0,0,1742,3.3424786169998697,1730,0.0,0.22499999999999998,0.187683284457478,12.3,40,1
validation-candidate,64,0,0,1742,3.3794414250005502,1730,0.0,0.22499999999999998,0.187683284457478,12.3,40,1
validation-candidate,64,0,0,1742,3.416462565999609,1730,0.0,0.22499999999999998,0.187683284457478,12.3,40,1
validation-candidate,64,0,0,1742,3.453469187999872,1730,0.0,0.22499999999999998,0.187683284457478,12.3,40,1
validation-candidate,64,0,0,1742,3.489469894000649,1730,0.0,0.22499999999999998,0.187683284457478,12.3,40,1
validation-candidate,64,0,0,1742,3.528514051999082,1730,0.0,0.22499999999999998,0.187683284457478,12.3,40,1
validation-candidate,64,0,0,1742,3.5644722399993043,1730,0.0,0.22499999999999998,0.187683284457478,12.3,40,1
validation-candidate,64,0,0,1742,3.6014794729999267,1730,0.0,0.22499999999999998,0.187683284457478,12.3,40,1
validation-candidate,64,0,0,1742,3.678484762000153,1730,0.0,0.22499999999999998,0.187683284457478,12.3,40,1
validation-candidate,64,0,0,1742,3.7165150599994377,1730,0.0,0.22499999999999998,0.187683284457478,12.3,40,1
validation-candidate,64,0,0,1742,3.753501533999952,1730,0.0,0.22499999999999998,0.187683284457478,12.3,40,1
validation-candidate,64,0,0,1742,3.7894984430004115,1730,0.0,0.22499999999999998,0.187683284457478,12.3,40,1
validation-candidate,64,0,0,1742,3.8255028719995607,1730,0.0,0.22499999999999998,0.187683284457478,12.3,40,1
validation-candidate,64,0,0,1742,3.86151081800017,1730,0.0,0.22499999999999998,0.187683284457478,12.3,40,1
validation-candidate,64,0,0,1742,3.897547709000719,1730,0.0,0.22949999999999998,0.187683284457478,12.3,40,1
validation-candidate,64,0,0,1742,3.9345389240006625,1730,0.0,0.22499999999999998,0.187683284457478,12.3,40,1
validation-candidate,64,0,0,1742,3.971541675999106,1730,0.0,0.22499999999999998,0.187683284457478,12.3,40,1
validation-candidate,64,0,0,1742,4.008544816000722,1730,0.0,0.22499999999999998,0.187683284457478,12.3,40,1
validation-candidate,64,0,0,1286,0.003994923999925959,1730,0.0,0.22499999999999998,0.187683284457478,12.3,40,1
validation-candidate,64,0,0,1286,0.04200524000043515,1730,0.0,0.1575,0.17204301075268819,12.3,40,1
validation-candidate,64,0,0,1286,0.07800737199977448,1730,0.0,0.072,0.12512218963831867,12.3,40,1
validation-candidate,64,0,0,1286,0.11501341999974102,1730,0.0,0.0,0.0469208211143695,12.3,40,1
validation-candidate,64,0,0,1286,0.15102007099994808,1730,0.0,-0.018,0.0469208211143695,12.3,40,1
validation-candidate,64,0,0,1286,0.19109494099939184,1730,0.0,-0.26099999999999995,0.17204301075268819,12.3,40,1
validation-candidate,64,0,0,1286,0.22908264599936956,1730,0.0,-0.5445,0.3284457478005865,12.3,40,1
validation-candidate,64,0,0,1286,0.26925031099926855,1720,-21.888,-0.6255,0.3304007820136852,12.3,40,1
validation-candidate,64,0,0,1286,0.3060479360010504,1706,-30.096000000000004,-0.5445,0.28152492668621704,12.3,40,1
validation-candidate,64,0,0,1286,0.3460849170005531,1685,-41.040000000000006,-0.288,0.19648093841642228,12.0,40,1
validation-candidate,64,0,0,1286,0.39007730500088655,1659,-43.776,-0.18899999999999997,0.11241446725317693,12.0,40,1
validation-candidate,64,0,0,1286,0.43007950900027936,1643,-30.096000000000004,-0.26999999999999996,0.187683284457478,12.0,40,1
validation-candidate,64,0,0,1286,0.46707603899994865,1627,-32.832,-0.39599999999999996,0.2130987292277615,12.3,40,1
validation-candidate,64,0,0,1286,0.5030590410005971,1612,-30.096000000000004,-0.5399999999999999,0.28152492668621704,12.3,40,1
validation-candidate,64,0,0,1286,0.5390669139997044,1594,-41.040000000000006,-0.45899999999999996,0.2434017595307918,12.3,40,1
validation-candidate,64,0,0,1286,0.5770781000010174,1571,-46.512,-0.33299999999999996,0.18475073313782991,12.1,40,1
validation-candidate,64,0,0,1286,0.6150746380008059,1551,-46.512,-0.26999999999999996,0.15347018572825025,12.1,40,1
validation-candidate,64,0,0,1286,0.6530921949997719,1528,-43.776,-0.19799999999999998,0.11241446725317693,12.1,40,1
validation-candidate,64,0,0,1286,0.6900935030007531,1513,-30.096000000000004,-0.351,0.20332355816226785,12.1,40,1
validation-candidate,64,0,0,1286,0.726097357000981,1496,-38.304,-0.38699999999999996,0.20234604105571846,12.1,40,1
validation-candidate,64,0,0,1286,0.7640895429994998,1481,-30.096000000000004,-0.49049999999999994,0.26588465298142716,12.1,40,1
validation-candidate,64,0,0,1286,0.800104657000702,1461,-41.040000000000006,-0.44099999999999995,0.22776148582600195,12.1,40,1
validation-candidate,64,0,0,1286,0.8401114160005818,1439,-43.776,-0.36,0.1906158357771261,12.3,40,1
validation-candidate,64,0,0,1286,0.8811202960005176,1416,-46.512,-0.243,0.1378299120234604,12.3,40,1
validation-candidate,64,0,0,1286,0.9201665090004099,1393,-43.776,-0.21599999999999997,0.11241446725317693,12.3,40,1
validation-candidate,64,0,0,1286,0.9619254000008368,1378,-32.832,-0.243,0.16617790811339198,12.3,40,1
validation-candidate,64,0,0,1286,0.9991594269995403,1363,-30.096000000000004,-0.2565,0.187683284457478,12.3,40,1
validation-candidate,64,0,0,1286,1.0381731039997248,1349,-27.360000000000003,-0.306,0.1935483870967742,12.3,40,1
validation-candidate,64,0,0,1286,1.0776521469997533,1335,-27.360000000000003,-0.2565,0.16226783968719452,12.3,40,1
validation-candidate,64,0,0,1286,1.1184445470007631,1321,-24.624000000000002,-0.18899999999999997,0.12121212121212122,12.3,40,1
validation-candidate,64,0,0,1286,1.154221459000837,1313,-16.416,-0.1485,0.15347018572825025,12.3,40,1
validation-candidate,64,0,0,1286,1.192322126000363,1304,-19.152,-0.1215,0.10166177908113393,12.3,40,1
validation-candidate,64,0,0,1286,1.2311908779993246,1302,0.0,-0.20249999999999999,0.187683284457478,12.3,40,1
validation-candidate,64,0,0,1286,1.267210879999766,1298,-10.944,-0.22049999999999997,0.1652003910068426,12.3,40,1
validation-candidate,64,0,0,1286,1.3062824080006976,1297,0.0,-0.18899999999999997,0.17204301075268819,12.3,40,1
validation-candidate,64,0,0,1286,1.3462038720008422,1295,-5.472,-0.09899999999999999,0.1300097751710655,12.3,40,1
validation-candidate,64,0,0,1286,1.3842124290003994,1293,0.0,-0.0765,0.10948191593352884,12.3,40,1
validation-candidate,64,0,0,1286,1.4222122080009285,1293,0.0,-0.0765,0.10948191593352884,12.3,40,1
validation-candidate,64,0,0,1286,1.459218404999774,1293,0.0,-0.0765,0.10948191593352884,12.3,40,1
validation-candidate,64,0,0,1286,1.4952112400005717,1294,0.0,-0.1035,0.12512218963831867,12.3,40,1
validation-candidate,64,0,0,1286,1.5332234079996852,1295,0.0,-0.1035,0.14076246334310852,12.3,40,1
validation-candidate,64,0,0,1286,1.5692228919997433,1295,0.0,-0.11699999999999999,0.14076246334310852,12.3,40,1
validation-candidate,64,0,0,1286,1.6072355779997451,1294,0.0,-0.1035,0.12512218963831867,12.3,40,1
validation-candidate,64,0,0,1286,1.6432412840003963,1294,0.0,-0.1035,0.12512218963831867,12.3,40,1
validation-candidate,64,0,0,1286,1.6792510459999903,1294,0.0,-0.1035,0.12512218963831867,12.3,40,1
validation-candidate,64,0,0,1286,1.7162567609993857,1294,0.0,-0.1035,0.12512218963831867,12.3,40,1
validation-candidate,64,0,0,1286,1.7522688179997203,1294,0.0,-0.1035,0.12512218963831867,12.3,40,1
validation-candidate,64,0,0,1286,1.7892572000000655,1294,0.0,-0.1035,0.12512218963831867,12.3,40,1
validation-candidate,64,0,0,1286,1.8252724430003582,1294,0.0,-0.1035,0.12512218963831867,12.3,40,1
validation-candidate,64,0,0,1286,1.8642703790010273,1295,0.0,-0.13049999999999998,0.14076246334310852,12.3,40,1
validation-candidate,64,0,0,1286,1.9042810640003154,1294,0.0,-0.13049999999999998,0.12512218963831867,12.3,40,1
validation-candidate,64,0,0,1286,1.9442838430004485,1294,0.0,-0.1035,0.12512218963831867,12.3,40,1
validation-candidate,64,0,0,1286,1.9842855839997355,1294,0.0,-0.1035,0.12512218963831867,12.1,40,1
validation-candidate,64,0,0,1286,2.022296400000414,1294,0.0,-0.09899999999999999,0.12512218963831867,12.1,40,1
validation-candidate,64,0,0,1286,2.0602974749999703,1294,0.0,-0.1035,0.12512218963831867,12.1,40,1
validation-candidate,64,0,0,1286,2.0963026259996695,1295,0.0,-0.1035,0.14076246334310852,12.1,40,1
validation-candidate,64,0,0,1286,2.1333154889998696,1294,0.0,-0.09899999999999999,0.12512218963831867,12.1,40,1
validation-candidate,64,0,0,1286,2.169328324000162,1294,0.0,-0.1035,0.12512218963831867,12.1,40,1
validation-candidate,64,0,0,1286,2.2053287889993953,1294,0.0,-0.1035,0.12512218963831867,12.1,40,1
validation-candidate,64,0,0,1286,2.2413405509996664,1295,0.0,-0.1035,0.14076246334310852,12.3,40,1
validation-candidate,64,0,0,1286,2.2773388490004436,1294,0.0,-0.13499999999999998,0.12512218963831867,12.3,40,1
validation-candidate,64,0,0,1286,2.315357813000446,1295,0.0,-0.13049999999999998,0.14076246334310852,12.3,40,1
validation-candidate,64,0,0,1286,2.352364768999905,1294,0.0,-0.1035,0.12512218963831867,12.3,40,1
validation-candidate,64,0,0,1286,2.3883597160001955,1295,0.0,-0.1035,0.14076246334310852,12.3,40,1
validation-candidate,64,0,0,1286,2.424374403000911,1294,0.0,-0.1035,0.12512218963831867,12.3,40,1
validation-candidate,64,0,0,1286,2.4623727010002767,1295,0.0,-0.1035,0.14076246334310852,12.3,40,1
validation-candidate,64,0,0,1286,2.4993689710008766,1295,0.0,-0.1035,0.14076246334310852,12.3,40,1
validation-candidate,64,0,0,1286,2.5373662319998402,1295,0.0,-0.1035,0.14076246334310852,12.3,40,1
validation-candidate,64,0,0,1286,2.5743839829992794,1294,0.0,-0.126,0.12512218963831867,12.3,40,1
validation-candidate,64,0,0,1286,2.610388060000332,1294,0.0,-0.1035,0.12512218963831867,12.3,40,1
validation-candidate,64,0,0,1286,2.6483855429996765,1294,0.0,-0.1035,0.12512218963831867,12.3,40,1
validation-candidate,64,0,0,1286,2.6843924519998836,1295,0.0,-0.1035,0.14076246334310852,12.3,40,1
validation-candidate,64,0,0,1286,2.7213931120004418,1295,0.0,-0.1035,0.14076246334310852,12.3,40,1
validation-candidate,64,0,0,1286,2.7594082609994075,1294,0.0,-0.1035,0.12512218963831867,12.3,40,1
validation-candidate,64,0,0,1286,2.7954032630004804,1294,0.0,-0.1035,0.12512218963831867,12.3,40,1
validation-candidate,64,0,0,1286,2.832407015001081,1294,0.0,-0.1035,0.12512218963831867,12.3,40,1
validation-candidate,64,0,0,1286,2.870416830999602,1294,0.0,-0.13499999999999998,0.12512218963831867,12.3,40,1
validation-candidate,64,0,0,1286,2.906421945001057,1294,0.0,-0.1035,0.12512218963831867,12.3,40,1
validation-candidate,64,0,0,1286,2.9434256040003675,1294,0.0,-0.1035,0.12512218963831867,12.3,40,1
validation-candidate,64,0,0,1286,2.9794243470005313,1294,0.0,-0.126,0.12512218963831867,12.3,40,1
validation-candidate,64,0,0,1286,3.015444218999619,1295,0.0,-0.13049999999999998,0.14076246334310852,12.3,40,1
validation-candidate,64,0,0,1286,3.0534635540007002,1295,0.0,-0.13049999999999998,0.14076246334310852,12.3,40,1
validation-candidate,64,0,0,1286,3.0904511389999243,1294,0.0,-0.13049999999999998,0.12512218963831867,12.3,40,1
validation-candidate,64,0,0,1286,3.1264552709999407,1295,0.0,-0.1035,0.14076246334310852,12.3,40,1
validation-candidate,64,0,0,1286,3.1644618650007033,1295,0.0,-0.1035,0.14076246334310852,12.3,40,1
validation-candidate,64,0,0,1286,3.20048212599977,1294,0.0,-0.1035,0.12512218963831867,12.3,40,1
validation-candidate,64,0,0,1286,3.237545563000822,1294,0.0,-0.13049999999999998,0.12512218963831867,12.3,40,1
validation-candidate,64,0,0,1286,3.2755545639993215,1295,0.0,-0.1035,0.14076246334310852,12.3,40,1
validation-candidate,64,0,0,1286,3.311542658999315,1295,0.0,-0.1035,0.14076246334310852,12.3,40,1
validation-candidate,64,0,0,1286,3.3485380220008665,1294,0.0,-0.1035,0.12512218963831867,12.3,40,1
validation-candidate,64,0,0,1286,3.3865444309994928,1294,0.0,-0.1035,0.12512218963831867,12.3,40,1
validation-candidate,64,0,0,1286,3.4225443590003124,1294,0.0,-0.10799999999999998,0.12512218963831867,12.3,40,1
validation-candidate,64,0,0,1286,3.459560055000111,1294,0.0,-0.13049999999999998,0.12512218963831867,12.3,40,1
validation-candidate,64,0,0,1286,3.4965651590009657,1294,0.0,-0.1035,0.12512218963831867,12.3,40,1
validation-candidate,64,0,0,1286,3.5335536879993015,1294,0.0,-0.1035,0.12512218963831867,12.3,40,1
validation-candidate,64,0,0,1286,3.5705573840004945,1294,0.0,-0.1035,0.12512218963831867,12.3,40,1
validation-candidate,64,0,0,1286,3.6085584409993317,1294,0.0,-0.1035,0.12512218963831867,12.3,40,1
validation-candidate,64,0,0,1286,3.6455735260005895,1295,0.0,-0.1035,0.14076246334310852,12.3,40,1
validation-candidate,64,0,0,1286,3.681561065999631,1294,0.0,-0.1035,0.12512218963831867,12.3,40,1
validation-candidate,64,0,0,1286,3.7195666229999915,1294,0.0,-0.13049999999999998,0.12512218963831867,12.3,40,1
validation-candidate,64,0,0,1286,3.755565032000959,1294,0.0,-0.1035,0.12512218963831867,12.1,40,1
validation-candidate,64,0,0,1286,3.7935903670004336,1295,0.0,-0.1035,0.14076246334310852,12.1,40,1
validation-candidate,64,0,0,1286,3.831588572000328,1295,0.0,-0.13049999999999998,0.14076246334310852,12.1,40,1
validation-candidate,64,0,0,1286,3.8675742039995384,1294,0.0,-0.1035,0.12512218963831867,12.1,40,1
validation-candidate,64,0,0,1286,3.9045774189999065,1295,0.0,-0.1035,0.14076246334310852,12.1,40,1
validation-candidate,64,0,0,1286,3.9405830140003673,1295,0.0,-0.1035,0.14076246334310852,12.1,40,1
validation-candidate,64,0,0,1286,3.976581368000552,1294,0.0,-0.13049999999999998,0.12512218963831867,12.3,40,1
validation-candidate,64,0,0,1286,4.014586757999496,1294,0.0,-0.1035,0.12512218963831867,12.3,40,1
validation-repeat-positioning,64,0,0,1286,0.0049986190006166,1294,0.0,0.0,0.0,12.3,40,1
validation-repeat-positioning,64,0,0,1286,0.07601815099951637,1295,0.0,-0.05399999999999999,0.07820136852394917,12.3,40,1
validation-repeat-positioning,64,0,0,1286,0.11501560599936056,1294,0.0,-0.0765,0.10948191593352884,12.3,40,1
validation-repeat-positioning,64,0,0,1286,0.15101251600026444,1294,0.0,-0.13049999999999998,0.12512218963831867,12.3,40,1
validation-repeat-positioning,64,0,0,1286,0.18902349800009688,1294,0.0,-0.1035,0.12512218963831867,12.3,40,1
validation-repeat-positioning,64,0,0,1286,0.22502285200062033,1294,0.0,-0.1035,0.12512218963831867,12.3,40,1
validation-repeat-positioning,64,0,0,1286,0.2610395209994749,1295,0.0,-0.13049999999999998,0.14076246334310852,12.3,40,1
validation-repeat-positioning,64,0,0,1286,0.2990438559991162,1294,0.0,-0.1035,0.12512218963831867,12.3,40,1
validation-repeat-positioning,64,0,0,1286,0.33504530299978796,1294,0.0,-0.13049999999999998,0.12512218963831867,12.3,40,1
validation-repeat-positioning,64,0,0,1286,0.37206029499975557,1294,0.0,-0.13049999999999998,0.12512218963831867,12.3,40,1
validation-repeat-positioning,64,0,0,1286,0.40907428699938464,1294,0.0,-0.13049999999999998,0.12512218963831867,12.3,40,1
validation-repeat-positioning,64,0,0,1286,0.44607429899951967,1295,0.0,-0.1035,0.14076246334310852,12.3,40,1
validation-repeat-positioning,64,0,0,1286,0.483067810000648,1294,0.0,-0.1035,0.12512218963831867,12.3,40,1
validation-repeat-positioning,64,0,0,1286,0.5211119960003998,1295,0.0,-0.13049999999999998,0.14076246334310852,12.3,40,1
validation-repeat-positioning,64,0,0,1286,0.5577641399995628,1294,0.0,-0.1035,0.12512218963831867,12.3,40,1
validation-repeat-positioning,64,0,0,1286,0.5941268049991777,1295,0.0,-0.126,0.14076246334310852,12.3,40,1
validation-repeat-positioning,64,0,0,1286,0.6301581219995569,1295,0.0,-0.1035,0.14076246334310852,12.3,40,1
validation-repeat-positioning,64,0,0,1286,0.673118111999429,1295,0.0,-0.1035,0.14076246334310852,12.3,40,1
validation-repeat-positioning,64,0,0,1286,0.7091365960004623,1294,0.0,-0.1035,0.12512218963831867,12.3,40,1
validation-repeat-positioning,64,0,0,1286,0.7461379590004071,1294,0.0,-0.1035,0.12512218963831867,12.3,40,1
validation-repeat-positioning,64,0,0,1286,0.7841531640005996,1294,0.0,-0.1035,0.12512218963831867,12.3,40,1
validation-repeat-positioning,64,0,0,1286,0.8211853230004635,1295,0.0,-0.10799999999999998,0.14076246334310852,12.3,40,1
validation-repeat-positioning,64,0,0,1286,0.8602607770008035,1294,0.0,-0.1035,0.12512218963831867,12.3,40,1
validation-repeat-positioning,64,0,0,1286,0.8981397789993935,1294,0.0,-0.1035,0.12512218963831867,12.3,40,1
validation-repeat-positioning,64,0,0,1286,0.9361588920000941,1294,0.0,-0.13049999999999998,0.12512218963831867,12.3,40,1
validation-repeat-positioning,64,0,0,1286,0.9721670790004282,1294,0.0,-0.1035,0.12512218963831867,12.3,40,1
validation-repeat-positioning,64,0,0,1286,1.0091553490001388,1294,0.0,-0.1035,0.12512218963831867,12.3,40,1
validation-repeat-positioning,64,0,0,1286,1.046183619000658,1294,0.0,-0.13049999999999998,0.12512218963831867,12.3,40,1
validation-repeat-positioning,64,0,0,1286,1.083190981998996,1294,0.0,-0.1035,0.12512218963831867,12.3,40,1
validation-repeat-positioning,64,0,0,1286,1.1191845590001321,1294,0.0,-0.1035,0.12512218963831867,12.3,40,1
validation-repeat-positioning,64,0,0,1286,1.1551875049990485,1294,0.0,-0.1035,0.12512218963831867,12.3,40,1
validation-repeat-positioning,64,0,0,1286,1.1911736380006914,1295,0.0,-0.13049999999999998,0.14076246334310852,12.3,40,1
validation-repeat-positioning,64,0,0,1286,1.2271919359991443,1294,0.0,-0.1035,0.12512218963831867,12.3,40,1
validation-repeat-positioning,64,0,0,1286,1.2631995859992458,1295,0.0,-0.126,0.14076246334310852,12.3,40,1
validation-repeat-positioning,64,0,0,1286,1.3002151340006094,1295,0.0,-0.1035,0.14076246334310852,12.1,40,1
validation-repeat-positioning,64,0,0,1286,1.3372225709990744,1295,0.0,-0.1035,0.14076246334310852,12.1,40,1
validation-repeat-positioning,64,0,0,1286,1.373229277000064,1294,0.0,-0.1035,0.12512218963831867,12.1,40,1
validation-repeat-positioning,64,0,0,1286,1.4092239090005023,1294,0.0,-0.1035,0.12512218963831867,12.1,40,1
validation-repeat-positioning,64,0,0,1286,1.4462295499997708,1294,0.0,-0.1035,0.12512218963831867,12.1,40,1
validation-repeat-positioning,64,0,0,1286,1.4842122360005305,1295,0.0,-0.13049999999999998,0.14076246334310852,12.1,40,1
validation-repeat-positioning,64,0,0,1286,1.520242700999006,1294,0.0,-0.13049999999999998,0.12512218963831867,12.3,40,1
validation-repeat-positioning,64,0,0,1286,1.556239129999085,1295,0.0,-0.1035,0.14076246334310852,12.3,40,1
validation-repeat-positioning,64,0,0,1286,1.5942339829998673,1294,0.0,-0.1035,0.12512218963831867,12.3,40,1
validation-repeat-positioning,64,0,0,1286,1.6302548549992935,1294,0.0,-0.13499999999999998,0.12512218963831867,12.3,40,1
validation-repeat-positioning,64,0,0,1286,1.669300273000772,1294,0.0,-0.13049999999999998,0.12512218963831867,12.3,40,1
validation-repeat-positioning,64,0,0,1286,1.7072808299999451,1294,0.0,-0.1035,0.12512218963831867,12.3,40,1
validation-repeat-positioning,64,0,0,1286,1.7432641649993457,1294,0.0,-0.13049999999999998,0.12512218963831867,12.3,40,1
validation-repeat-positioning,64,0,0,1286,1.7792687420005677,1294,0.0,-0.13049999999999998,0.12512218963831867,12.3,40,1
validation-repeat-positioning,64,0,0,1286,1.8162771419993078,1294,0.0,-0.1035,0.12512218963831867,12.3,40,1
validation-repeat-positioning,64,0,0,1286,1.8533045040003344,1294,0.0,-0.1035,0.12512218963831867,12.3,40,1
validation-repeat-positioning,64,0,0,1286,1.8892726550002408,1295,0.0,-0.1035,0.14076246334310852,12.3,40,1
validation-repeat-positioning,64,0,0,1286,1.9252984899994772,1295,0.0,-0.1035,0.14076246334310852,12.3,40,1
validation-repeat-positioning,64,0,0,1286,1.9613108440007636,1295,0.0,-0.1035,0.14076246334310852,12.3,40,1
validation-repeat-positioning,64,0,0,1286,1.9993263830001524,1295,0.0,-0.1035,0.14076246334310852,12.3,40,1
validation-repeat-positioning,64,0,0,1286,2.0363287269992725,1294,0.0,-0.13049999999999998,0.12512218963831867,12.3,40,1
validation-repeat-positioning,64,0,0,1286,2.0733147939990886,1294,0.0,-0.1035,0.12512218963831867,12.3,40,1
validation-repeat-positioning,64,0,0,1286,2.110319879000599,1294,0.0,-0.1035,0.12512218963831867,12.3,40,1
validation-repeat-positioning,64,0,0,1286,2.1473279090005235,1294,0.0,-0.13049999999999998,0.12512218963831867,12.3,40,1
validation-repeat-positioning,64,0,0,1286,2.1833235590002005,1294,0.0,-0.1035,0.12512218963831867,12.3,40,1
validation-repeat-positioning,64,0,0,1286,2.2193482090006,1294,0.0,-0.1035,0.12512218963831867,12.3,40,1
validation-repeat-positioning,64,0,0,1286,2.2553584519992,1294,0.0,-0.13049999999999998,0.12512218963831867,12.3,40,1
validation-repeat-positioning,64,0,0,1286,2.292359351999039,1294,0.0,-0.13049999999999998,0.12512218963831867,12.3,40,1
validation-repeat-positioning,64,0,0,1286,2.329340399999637,1294,0.0,-0.1035,0.12512218963831867,12.3,40,1
validation-repeat-positioning,64,0,0,1286,2.365353273000437,1294,0.0,-0.1035,0.12512218963831867,12.3,40,1
validation-repeat-positioning,64,0,0,1286,2.4013569420003478,1295,0.0,-0.13049999999999998,0.14076246334310852,12.3,40,1
validation-repeat-positioning,64,0,0,1286,2.437344537000172,1294,0.0,-0.13049999999999998,0.12512218963831867,12.3,40,1
validation-repeat-positioning,64,0,0,1286,2.473383279999325,1295,0.0,-0.1035,0.14076246334310852,12.3,40,1
validation-repeat-positioning,64,0,0,1286,2.5093772079999326,1295,0.0,-0.1035,0.14076246334310852,12.3,40,1
validation-repeat-positioning,64,0,0,1286,2.5463785150004696,1295,0.0,-0.1035,0.14076246334310852,12.3,40,1
validation-repeat-positioning,64,0,0,1286,2.5833887480002886,1295,0.0,-0.13049999999999998,0.14076246334310852,12.3,40,1
validation-repeat-positioning,64,0,0,1286,2.620398147999367,1295,0.0,-0.13049999999999998,0.14076246334310852,12.3,40,1
validation-repeat-positioning,64,0,0,1286,2.658392539000488,1295,0.0,-0.13049999999999998,0.14076246334310852,12.3,40,1
validation-repeat-positioning,64,0,0,1286,2.694388207999509,1294,0.0,-0.1035,0.12512218963831867,12.3,40,1
validation-repeat-positioning,64,0,0,1286,2.731396662999032,1294,0.0,-0.1035,0.12512218963831867,12.3,40,1
validation-repeat-positioning,64,0,0,1286,2.7674129610004456,1294,0.0,-0.13049999999999998,0.12512218963831867,12.3,40,1
validation-repeat-positioning,64,0,0,1286,2.8034131299991714,1295,0.0,-0.1035,0.14076246334310852,12.3,40,1
validation-repeat-positioning,64,0,0,1286,2.8404201970006397,1294,0.0,-0.1035,0.12512218963831867,12.3,40,1
validation-repeat-positioning,64,0,0,1286,2.877426151999316,1294,0.0,-0.1035,0.12512218963831867,12.3,40,1
validation-repeat-positioning,64,0,0,1286,2.913423857999078,1294,0.0,-0.13049999999999998,0.12512218963831867,12.3,40,1
validation-repeat-positioning,64,0,0,1286,2.9494340830005967,1294,0.0,-0.13049999999999998,0.12512218963831867,12.3,40,1
validation-repeat-positioning,64,0,0,1286,2.985450158999811,1294,0.0,-0.1035,0.12512218963831867,12.3,40,1
validation-repeat-positioning,64,0,0,1286,3.023453048999727,1294,0.0,-0.1035,0.12512218963831867,12.1,40,1
validation-repeat-positioning,64,0,0,1286,3.0604662080004346,1294,0.0,-0.13049999999999998,0.12512218963831867,12.1,40,1
validation-repeat-positioning,64,0,0,1286,3.0974607749994902,1294,0.0,-0.1035,0.12512218963831867,12.1,40,1
validation-repeat-positioning,64,0,0,1286,3.1344601750006404,1294,0.0,-0.1035,0.12512218963831867,12.1,40,1
validation-repeat-positioning,64,0,0,1286,3.1714599450006062,1294,0.0,-0.1035,0.12512218963831867,12.1,40,1
validation-repeat-positioning,64,0,0,1286,3.2074873549991025,1295,0.0,-0.13049999999999998,0.14076246334310852,12.1,40,1
validation-repeat-positioning,64,0,0,1286,3.2435070049996284,1294,0.0,-0.1035,0.12512218963831867,12.1,40,1
validation-repeat-positioning,64,0,0,1286,3.2794958039994526,1294,0.0,-0.1035,0.12512218963831867,12.3,40,1
validation-repeat-positioning,64,0,0,1286,3.316498906999186,1294,0.0,-0.13499999999999998,0.12512218963831867,12.3,40,1
validation-repeat-positioning,64,0,0,1286,3.353496047999215,1294,0.0,-0.1035,0.12512218963831867,12.3,40,1
validation-repeat-positioning,64,0,0,1286,3.3894874020006682,1295,0.0,-0.1035,0.14076246334310852,12.3,40,1
validation-repeat-positioning,64,0,0,1286,3.4254913490003673,1295,0.0,-0.13049999999999998,0.14076246334310852,12.3,40,1
validation-repeat-positioning,64,0,0,1286,3.461533555000642,1294,0.0,-0.13049999999999998,0.12512218963831867,12.3,40,1
validation-repeat-positioning,64,0,0,1286,3.4975282790001074,1294,0.0,-0.13049999999999998,0.12512218963831867,12.3,40,1
validation-repeat-positioning,64,0,0,1286,3.5335107629998674,1295,0.0,-0.1035,0.14076246334310852,12.3,40,1
validation-repeat-positioning,64,0,0,1286,3.570521903999179,1295,0.0,-0.13049999999999998,0.14076246334310852,12.3,40,1
validation-repeat-positioning,64,0,0,1286,3.6075422289995913,1294,0.0,-0.1035,0.12512218963831867,12.3,40,1
validation-repeat-positioning,64,0,0,1286,3.645570138000039,1294,0.0,-0.1035,0.12512218963831867,12.3,40,1
validation-repeat-positioning,64,0,0,1286,3.6815461030000733,1294,0.0,-0.1035,0.12512218963831867,12.3,40,1
validation-repeat-positioning,64,0,0,1286,3.717580254000495,1294,0.0,-0.1035,0.12512218963831867,12.3,40,1
validation-repeat-positioning,64,0,0,1286,3.7555752549997123,1295,0.0,-0.1035,0.14076246334310852,12.3,40,1
validation-repeat-positioning,64,0,0,1286,3.7925902839997434,1294,0.0,-0.1035,0.12512218963831867,12.3,40,1
validation-repeat-positioning,64,0,0,1286,3.8295730549998552,1294,0.0,-0.13049999999999998,0.12512218963831867,12.3,40,1
validation-repeat-positioning,64,0,0,1286,3.867558944999473,1294,0.0,-0.1035,0.12512218963831867,12.3,40,1
validation-repeat-positioning,64,0,0,1286,3.9045630679993337,1294,0.0,-0.1035,0.12512218963831867,12.3,40,1
validation-repeat-positioning,64,0,0,1286,3.9405848660007905,1294,0.0,-0.1035,0.12512218963831867,12.3,40,1
validation-repeat-positioning,64,0,0,1286,3.9766040350004914,1294,0.0,-0.1035,0.12512218963831867,12.3,40,1
validation-repeat-positioning,64,0,0,1286,4.014576887999283,1294,0.0,-0.1035,0.12512218963831867,12.3,40,1
validation-repeat,64,0,0,1742,0.004978877001121873,1294,0.0,-0.13049999999999998,0.12512218963831867,12.3,40,1
validation-repeat,64,0,0,1742,0.04098984200027189,1294,0.0,-0.0765,0.10948191593352884,12.3,40,1
validation-repeat,64,0,0,1742,0.07997924200026318,1294,0.0,-0.018,0.06256109481915934,12.3,40,1
validation-repeat,64,0,0,1742,0.11998046400003659,1295,0.0,0.0,0.015640273704789834,12.3,40,1
validation-repeat,64,0,0,1742,0.16000911300034204,1295,0.0,0.09449999999999999,0.10948191593352884,12.3,40,1
validation-repeat,64,0,0,1742,0.1980096510014846,1295,0.0,0.32849999999999996,0.21896383186705767,12.3,40,1
validation-repeat,64,0,0,1742,0.23500977300136583,1299,8.208,0.5355,0.2961876832844575,12.3,40,1
validation-repeat,64,0,0,1742,0.2720012290010345,1308,21.888,0.4815,0.2991202346041056,12.3,40,1
validation-repeat,64,0,0,1742,0.308022842000355,1323,32.832,0.45899999999999996,0.2287390029325513,12.3,40,1
validation-repeat,64,0,0,1742,0.3440370480002457,1340,41.040000000000006,0.315,0.18084066471163246,12.3,40,1
validation-repeat,64,0,0,1742,0.38003256900083215,1356,35.568000000000005,0.32849999999999996,0.176930596285435,12.0,40,1
validation-repeat,64,0,0,1742,0.4160189230005926,1373,41.040000000000006,0.26099999999999995,0.1652003910068426,12.0,40,1
validation-repeat,64,0,0,1742,0.45206442500057165,1388,32.832,0.33299999999999996,0.2287390029325513,12.0,40,1
validation-repeat,64,0,0,1742,0.4890672320016165,1406,38.304,0.369,0.2179863147605083,12.3,40,1
validation-repeat,64,0,0,1742,0.5260908360014582,1427,43.776,0.369,0.1906158357771261,12.3,40,1
validation-repeat,64,0,0,1742,0.5621144860015193,1445,41.040000000000006,0.34199999999999997,0.18084066471163246,12.3,40,1
validation-repeat,64,0,0,1742,0.598092488000475,1466,43.776,0.252,0.1436950146627566,12.3,40,1
validation-repeat,64,0,0,1742,0.6370670170017547,1485,35.568000000000005,0.3105,0.176930596285435,12.3,40,1
validation-repeat,64,0,0,1742,0.6770753330001753,1503,35.568000000000005,0.369,0.20821114369501467,12.3,40,1
validation-repeat,64,0,0,1742,0.717085500000394,1522,38.304,0.423,0.2179863147605083,12.3,40,1
validation-repeat,64,0,0,1742,0.7570914450006967,1543,41.040000000000006,0.40049999999999997,0.19648093841642228,12.3,40,1
validation-repeat,64,0,0,1742,0.7940898820015718,1562,43.776,0.31949999999999995,0.17497556207233628,12.3,40,1
validation-repeat,64,0,0,1742,0.8311204110013932,1582,41.040000000000006,0.297,0.1495601173020528,12.1,40,1
validation-repeat,64,0,0,1742,0.8681206070014014,1601,41.040000000000006,0.2385,0.1495601173020528,12.1,40,1
validation-repeat,64,0,0,1742,0.9041116280004644,1617,35.568000000000005,0.26999999999999996,0.19257086999022482,12.1,40,1
validation-repeat,64,0,0,1742,0.9401209820007352,1634,35.568000000000005,0.3105,0.19257086999022482,12.3,40,1
validation-repeat,64,0,0,1742,0.9761305400006677,1651,38.304,0.2835,0.15542521994134897,12.3,40,1
validation-repeat,64,0,0,1742,1.1351446990011027,1702,13.680000000000001,0.3015,0.22189638318670576,12.1,40,1
validation-repeat,64,0,0,1742,1.172139155001787,1712,19.152,0.3015,0.1798631476050831,12.1,40,1
validation-repeat,64,0,0,1742,1.208160490001319,1717,13.680000000000001,0.243,0.20625610948191594,12.1,40,1
validation-repeat,64,0,0,1742,1.2461514730002818,1729,24.624000000000002,0.09899999999999999,0.08993157380254155,12.1,40,1
validation-repeat,64,0,0,1742,1.282164439000553,1733,8.208,0.13049999999999998,0.09286412512218964,12.3,40,1
validation-repeat,64,0,0,1742,1.3191650240005401,1732,0.0,0.16199999999999998,0.15640273704789834,12.3,40,1
validation-repeat,64,0,0,1742,1.3571783950010285,1731,0.0,0.22949999999999998,0.17204301075268819,12.3,40,1
validation-repeat,64,0,0,1742,1.3941793140002119,1726,-8.208,0.3465,0.2512218963831867,12.3,40,1
validation-repeat,64,0,0,1742,1.4301833900008205,1728,0.0,0.3015,0.21896383186705767,12.3,40,1
validation-repeat,64,0,0,1742,1.4671838270005537,1728,0.0,0.3015,0.21896383186705767,12.3,40,1
validation-repeat,64,0,0,1742,1.5041946160017687,1729,0.0,0.26549999999999996,0.20332355816226785,12.3,40,1
validation-repeat,64,0,0,1742,1.5402014880000934,1730,0.0,0.26099999999999995,0.187683284457478,12.3,40,1
validation-repeat,64,0,0,1742,1.5763344890001463,1729,0.0,0.26549999999999996,0.20332355816226785,12.3,40,1
validation-repeat,64,0,0,1742,1.6142634170009842,1728,0.0,0.3015,0.21896383186705767,12.3,40,1
validation-repeat,64,0,0,1742,1.6512213180012623,1728,0.0,0.306,0.21896383186705767,12.3,40,1
validation-repeat,64,0,0,1742,1.6872347270000319,1728,0.0,0.3015,0.21896383186705767,12.3,40,1
validation-repeat,64,0,0,1742,1.7232675630002632,1728,0.0,0.26999999999999996,0.21896383186705767,12.3,40,1
validation-repeat,64,0,0,1742,1.7612706200015964,1728,0.0,0.306,0.21896383186705767,12.3,40,1
validation-repeat,64,0,0,1742,1.7972505480011023,1728,0.0,0.3015,0.21896383186705767,12.3,40,1
validation-repeat,64,0,0,1742,1.8342779480008176,1728,0.0,0.3015,0.21896383186705767,12.3,40,1
validation-repeat,64,0,0,1742,1.8702391170008923,1728,0.0,0.3015,0.21896383186705767,12.3,40,1
validation-repeat,64,0,0,1742,1.9062692670013348,1728,0.0,0.3015,0.21896383186705767,12.3,40,1
validation-repeat,64,0,0,1742,1.9442866200006392,1728,0.0,0.3015,0.21896383186705767,12.3,40,1
validation-repeat,64,0,0,1742,1.981287094000436,1728,0.0,0.3015,0.21896383186705767,12.3,40,1
validation-repeat,64,0,0,1742,2.0172708370009786,1728,0.0,0.3015,0.21896383186705767,12.3,40,1
validation-repeat,64,0,0,1742,2.0552650060017186,1728,0.0,0.3015,0.21896383186705767,12.3,40,1
validation-repeat,64,0,0,1742,2.091272174000551,1728,0.0,0.3015,0.21896383186705767,12.3,40,1
validation-repeat,64,0,0,1742,2.131278230001044,1728,0.0,0.3015,0.21896383186705767,12.3,40,1
validation-repeat,64,0,0,1742,2.171291064001707,1728,0.0,0.3015,0.21896383186705767,12.3,40,1
validation-repeat,64,0,0,1742,2.211286083000232,1728,0.0,0.306,0.21896383186705767,12.3,40,1
validation-repeat,64,0,0,1742,2.2483122240009834,1728,0.0,0.3015,0.21896383186705767,12.3,40,1
validation-repeat,64,0,0,1742,2.2843168370000058,1728,0.0,0.3015,0.21896383186705767,12.3,40,1
validation-repeat,64,0,0,1742,2.3203150990011636,1728,0.0,0.3015,0.21896383186705767,12.3,40,1
validation-repeat,64,0,0,1742,2.3583149520000006,1728,0.0,0.3015,0.21896383186705767,12.3,40,1
validation-repeat,64,0,0,1742,2.394314065000799,1728,0.0,0.3015,0.21896383186705767,12.3,40,1
validation-repeat,64,0,0,1742,2.431357409001066,1728,0.0,0.3015,0.21896383186705767,12.3,40,1
validation-repeat,64,0,0,1742,2.4693693360004545,1728,0.0,0.3015,0.21896383186705767,12.0,40,1
validation-repeat,64,0,0,1742,2.5063468660009676,1728,0.0,0.306,0.21896383186705767,12.0,40,1
validation-repeat,64,0,0,1742,2.542348276001576,1728,0.0,0.3015,0.21896383186705767,12.0,40,1
validation-repeat,64,0,0,1742,2.580363296001451,1728,0.0,0.3015,0.21896383186705767,12.1,40,1
validation-repeat,64,0,0,1742,2.616351205000683,1728,0.0,0.3015,0.21896383186705767,12.1,40,1
validation-repeat,64,0,0,1742,2.653358735000438,1728,0.0,0.3015,0.21896383186705767,12.1,40,1
validation-repeat,64,0,0,1742,2.689365126001576,1728,0.0,0.306,0.21896383186705767,12.3,40,1
validation-repeat,64,0,0,1742,2.7273583870010043,1728,0.0,0.3015,0.21896383186705767,12.3,40,1
validation-repeat,64,0,0,1742,2.7673686650014133,1728,0.0,0.3015,0.21896383186705767,12.3,40,1
validation-repeat,64,0,0,1742,2.807368628000404,1728,0.0,0.3015,0.21896383186705767,12.3,40,1
validation-repeat,64,0,0,1742,2.84439806500086,1728,0.0,0.3015,0.21896383186705767,12.3,40,1
validation-repeat,64,0,0,1742,2.882402492001347,1728,0.0,0.3015,0.21896383186705767,12.3,40,1
validation-repeat,64,0,0,1742,2.919407837000108,1728,0.0,0.3015,0.21896383186705767,12.1,40,1
validation-repeat,64,0,0,1742,2.955415783000717,1728,0.0,0.3015,0.21896383186705767,12.1,40,1
validation-repeat,64,0,0,1742,2.99240301700047,1728,0.0,0.3015,0.21896383186705767,12.1,40,1
validation-repeat,64,0,0,1742,3.0294192310011567,1728,0.0,0.306,0.21896383186705767,12.3,40,1
validation-repeat,64,0,0,1742,3.0694315470009315,1728,0.0,0.306,0.21896383186705767,12.3,40,1
validation-repeat,64,0,0,1742,3.109450177000326,1728,0.0,0.3015,0.21896383186705767,12.3,40,1
validation-repeat,64,0,0,1742,3.149434122000457,1728,0.0,0.3015,0.21896383186705767,12.3,40,1
validation-repeat,64,0,0,1742,3.186489021001762,1728,0.0,0.3015,0.21896383186705767,12.3,40,1
validation-repeat,64,0,0,1742,3.2244522820001293,1728,0.0,0.3015,0.21896383186705767,12.3,40,1
validation-repeat,64,0,0,1742,3.2604616360004,1728,0.0,0.3015,0.21896383186705767,12.3,40,1
validation-repeat,64,0,0,1742,3.2974603140010004,1728,0.0,0.3015,0.21896383186705767,12.3,40,1
validation-repeat,64,0,0,1742,3.334463825000057,1728,0.0,0.3015,0.21896383186705767,12.3,40,1
validation-repeat,64,0,0,1742,3.3714700950004044,1728,0.0,0.3015,0.21896383186705767,12.3,40,1
validation-repeat,64,0,0,1742,3.40846719900037,1728,0.0,0.3015,0.21896383186705767,12.3,40,1
validation-repeat,64,0,0,1742,3.4464915150001616,1728,0.0,0.3015,0.21896383186705767,12.3,40,1
validation-repeat,64,0,0,1742,3.4834684890010976,1728,0.0,0.3015,0.21896383186705767,12.3,40,1
validation-repeat,64,0,0,1742,3.519486269000481,1728,0.0,0.3015,0.21896383186705767,12.3,40,1
validation-repeat,64,0,0,1742,3.5574976780008,1728,0.0,0.306,0.21896383186705767,12.3,40,1
validation-repeat,64,0,0,1742,3.593488921000244,1728,0.0,0.3015,0.21896383186705767,12.3,40,1
validation-repeat,64,0,0,1742,3.630506173001777,1728,0.0,0.3015,0.21896383186705767,12.3,40,1
validation-repeat,64,0,0,1742,3.6685103780000645,1728,0.0,0.3015,0.21896383186705767,12.3,40,1
validation-repeat,64,0,0,1742,3.7045227870003146,1728,0.0,0.3015,0.21896383186705767,12.3,40,1
validation-repeat,64,0,0,1742,3.7445473430016136,1728,0.0,0.3015,0.21896383186705767,12.0,40,1
validation-repeat,64,0,0,1742,3.781532243001493,1728,0.0,0.3015,0.21896383186705767,12.0,40,1
validation-repeat,64,0,0,1742,3.8195293370008585,1728,0.0,0.306,0.21896383186705767,12.0,40,1
validation-repeat,64,0,0,1742,3.8565608480002993,1728,0.0,0.3015,0.21896383186705767,12.3,40,1
validation-repeat,64,0,0,1742,3.892547758001456,1728,0.0,0.3015,0.21896383186705767,12.3,40,1
validation-repeat,64,0,0,1742,3.928531149000264,1728,0.0,0.3015,0.21896383186705767,12.3,40,1
validation-repeat,64,0,0,1742,3.964547299001424,1728,0.0,0.306,0.21896383186705767,12.3,40,1
validation-repeat,64,0,0,1742,4.002550115001213,1728,0.0,0.3015,0.21896383186705767,12.3,40,1
validation-repeat,64,0,0,1286,0.005007173000194598,1728,0.0,0.3015,0.21896383186705767,12.3,40,1
validation-repeat,64,0,0,1286,0.04100084200035781,1728,0.0,0.22949999999999998,0.20332355816226785,12.3,40,1
validation-repeat,64,0,0,1286,0.0780391120006243,1728,0.0,0.13049999999999998,0.15640273704789834,12.3,40,1
validation-repeat,64,0,0,1286,0.11401126300006581,1728,0.0,0.018,0.07820136852394917,12.3,40,1
validation-repeat,64,0,0,1286,0.15102158900117502,1728,0.0,0.0,0.015640273704789834,12.3,40,1
validation-repeat,64,0,0,1286,0.18704077600159508,1728,0.0,-0.17099999999999999,0.12512218963831867,12.3,40,1
validation-repeat,64,0,0,1286,0.22302192700044543,1728,0.0,-0.39149999999999996,0.26588465298142716,12.3,40,1
validation-repeat,64,0,0,1286,0.26103718700142053,1720,-16.416,-0.5715,0.29423264907135877,12.3,40,1
validation-repeat,64,0,0,1286,0.29705570800069836,1709,-24.624000000000002,-0.594,0.3088954056695992,12.3,40,1
validation-repeat,64,0,0,1286,0.3340802000002441,1692,-38.304,-0.39149999999999996,0.23362658846529813,12.3,40,1
validation-repeat,64,0,0,1286,0.37008592400161433,1672,-43.776,-0.27449999999999997,0.1436950146627566,12.3,40,1
validation-repeat,64,0,0,1286,0.40707367600043654,1652,-43.776,-0.207,0.11241446725317693,12.3,40,1
validation-repeat,64,0,0,1286,0.4450740480006061,1637,-30.096000000000004,-0.33299999999999996,0.20332355816226785,12.3,40,1
validation-repeat,64,0,0,1286,0.4821002810003847,1620,-38.304,-0.45899999999999996,0.2179863147605083,12.3,40,1
validation-repeat,64,0,0,1286,0.5190712560015527,1605,-32.832,-0.486,0.2756598240469208,12.1,40,1
validation-repeat,64,0,0,1286,0.5571234420003748,1584,-43.776,-0.39149999999999996,0.22189638318670576,12.1,40,1
validation-repeat,64,0,0,1286,0.5930948330005776,1563,-43.776,-0.315,0.17497556207233628,12.1,40,1
validation-repeat,64,0,0,1286,0.6300870290015155,1543,-43.776,-0.2115,0.1436950146627566,12.1,40,1
validation-repeat,64,0,0,1286,0.6680880680014525,1523,-35.568000000000005,-0.2565,0.16129032258064516,12.1,40,1
validation-repeat,64,0,0,1286,0.7041066070014494,1507,-35.568000000000005,-0.33749999999999997,0.19257086999022482,12.1,40,1
validation-repeat,64,0,0,1286,0.7411078590012039,1491,-35.568000000000005,-0.44999999999999996,0.2238514173998045,12.3,40,1
validation-repeat,64,0,0,1286,0.77915278600085,1473,-38.304,-0.504,0.23362658846529813,12.3,40,1
validation-repeat,64,0,0,1286,0.8161217410015524,1453,-43.776,-0.4095,0.20625610948191594,12.3,40,1
validation-repeat,64,0,0,1286,0.8531281600007787,1433,-43.776,-0.288,0.17497556207233628,12.3,40,1
validation-repeat,64,0,0,1286,0.8911236610001652,1411,-46.512,-0.22499999999999998,0.12218963831867058,12.3,40,1
validation-repeat,64,0,0,1286,0.9271251820009638,1393,-35.568000000000005,-0.27449999999999997,0.16129032258064516,12.3,40,1
validation-repeat,64,0,0,1286,0.964154415001758,1378,-35.568000000000005,-0.26099999999999995,0.176930596285435,12.3,40,1
validation-repeat,64,0,0,1286,1.0011436120003054,1363,-30.096000000000004,-0.33749999999999997,0.187683284457478,12.3,40,1
validation-repeat,64,0,0,1286,1.0381758630010154,1349,-30.096000000000004,-0.26999999999999996,0.187683284457478,12.3,40,1
validation-repeat,64,0,0,1286,1.0741624770016642,1335,-30.096000000000004,-0.22049999999999997,0.14076246334310852,12.3,40,1
validation-repeat,64,0,0,1286,1.1121545340010925,1323,-24.624000000000002,-0.16199999999999998,0.12121212121212122,12.3,40,1
validation-repeat,64,0,0,1286,1.14819305400124,1316,-13.680000000000001,-0.22949999999999998,0.17497556207233628,12.3,40,1
validation-repeat,64,0,0,1286,1.1851719910009706,1307,-21.888,-0.1845,0.1270772238514174,12.3,40,1
validation-repeat,64,0,0,1286,1.221228771000824,1305,0.0,-0.31949999999999995,0.21896383186705767,12.3,40,1
validation-repeat,64,0,0,1286,1.25724842100135,1301,-8.208,-0.27899999999999997,0.20234604105571846,12.3,40,1
validation-repeat,64,0,0,1286,1.2941810810007155,1300,0.0,-0.31949999999999995,0.21896383186705767,12.3,40,1
validation-repeat,64,0,0,1286,1.33125127600033,1300,0.0,-0.31949999999999995,0.21896383186705767,12.3,40,1
validation-repeat,64,0,0,1286,1.3672488530010014,1302,5.472,-0.40499999999999997,0.26099706744868034,12.3,40,1
validation-repeat,64,0,0,1286,1.4052436880010646,1303,0.0,-0.44999999999999996,0.26588465298142716,12.3,40,1
validation-repeat,64,0,0,1286,1.4412905410008534,1304,0.0,-0.49499999999999994,0.28152492668621704,12.3,40,1
validation-repeat,64,0,0,1286,1.478268979000859,1303,0.0,-0.44999999999999996,0.26588465298142716,12.3,40,1
validation-repeat,64,0,0,1286,1.5152802860011434,1303,0.0,-0.44549999999999995,0.26588465298142716,12.3,40,1
validation-repeat,64,0,0,1286,1.5522638160000497,1303,0.0,-0.44549999999999995,0.26588465298142716,12.0,40,1
validation-repeat,64,0,0,1286,1.5882893730013166,1304,0.0,-0.44549999999999995,0.28152492668621704,12.0,40,1
validation-repeat,64,0,0,1286,1.624451522000527,1304,0.0,-0.49499999999999994,0.28152492668621704,12.0,40,1
validation-repeat,64,0,0,1286,1.6602913590013486,1304,0.0,-0.49499999999999994,0.28152492668621704,12.3,40,1
validation-repeat,64,0,0,1286,1.696271806000368,1303,0.0,-0.44549999999999995,0.26588465298142716,12.3,40,1
validation-repeat,64,0,0,1286,1.7322717160004686,1303,0.0,-0.44999999999999996,0.26588465298142716,12.3,40,1
validation-repeat,64,0,0,1286,1.8102682730004744,1304,0.0,-0.44999999999999996,0.28152492668621704,12.3,40,1
validation-repeat,64,0,0,1286,1.847355135001635,1304,0.0,-0.44999999999999996,0.28152492668621704,12.3,40,1
validation-repeat,64,0,0,1286,1.887646670000322,1303,0.0,-0.44999999999999996,0.26588465298142716,12.3,40,1
validation-repeat,64,0,0,1286,1.92829677500049,1303,0.0,-0.44549999999999995,0.26588465298142716,12.0,40,1
validation-repeat,64,0,0,1286,1.9663366280001355,1303,0.0,-0.44999999999999996,0.26588465298142716,12.0,40,1
validation-repeat,64,0,0,1286,2.0033240650009247,1303,0.0,-0.44549999999999995,0.26588465298142716,12.0,40,1
validation-repeat,64,0,0,1286,2.042316020000726,1303,0.0,-0.44549999999999995,0.26588465298142716,12.0,40,1
validation-repeat,64,0,0,1286,2.078325318001589,1303,0.0,-0.44549999999999995,0.26588465298142716,12.0,40,1
validation-repeat,64,0,0,1286,2.1153199590007716,1303,0.0,-0.49499999999999994,0.26588465298142716,12.0,40,1
validation-repeat,64,0,0,1286,2.1523203780016047,1303,0.0,-0.44549999999999995,0.26588465298142716,12.3,40,1
validation-repeat,64,0,0,1286,2.189325926001402,1303,0.0,-0.45449999999999996,0.26588465298142716,12.3,40,1
validation-repeat,64,0,0,1286,2.2263215110015153,1303,0.0,-0.49049999999999994,0.26588465298142716,12.3,40,1
validation-repeat,64,0,0,1286,2.26432588300122,1303,0.0,-0.49499999999999994,0.26588465298142716,12.3,40,1
validation-repeat,64,0,0,1286,2.3003348110014485,1303,0.0,-0.49499999999999994,0.26588465298142716,12.3,40,1
validation-repeat,64,0,0,1286,2.337366359000953,1303,0.0,-0.44999999999999996,0.26588465298142716,12.3,40,1
validation-repeat,64,0,0,1286,2.373350306001157,1303,0.0,-0.486,0.26588465298142716,12.3,40,1
validation-repeat,64,0,0,1286,2.4093459190007707,1303,0.0,-0.44549999999999995,0.28152492668621704,12.3,40,1
validation-repeat,64,0,0,1286,2.4463638740016904,1304,0.0,-0.45449999999999996,0.28152492668621704,12.3,40,1
validation-repeat,64,0,0,1286,2.483366478001699,1304,0.0,-0.49499999999999994,0.28152492668621704,12.3,40,1
validation-repeat,64,0,0,1286,2.5193624990006356,1303,0.0,-0.44549999999999995,0.26588465298142716,12.3,40,1
validation-repeat,64,0,0,1286,2.555380908001098,1304,0.0,-0.44549999999999995,0.28152492668621704,12.3,40,1
validation-repeat,64,0,0,1286,2.5913792250012193,1303,0.0,-0.44549999999999995,0.28152492668621704,12.3,40,1
validation-repeat,64,0,0,1286,2.628389570001673,1303,0.0,-0.44549999999999995,0.26588465298142716,12.3,40,1
validation-repeat,64,0,0,1286,2.6653950070012797,1303,0.0,-0.44549999999999995,0.26588465298142716,12.3,40,1
validation-repeat,64,0,0,1286,2.7013927870011685,1303,0.0,-0.49049999999999994,0.26588465298142716,12.3,40,1
validation-repeat,64,0,0,1286,2.7374083820013766,1303,0.0,-0.44549999999999995,0.26588465298142716,12.3,40,1
validation-repeat,64,0,0,1286,2.7734159950014146,1303,0.0,-0.49049999999999994,0.26588465298142716,12.3,40,1
validation-repeat,64,0,0,1286,2.8094174600009865,1303,0.0,-0.43199999999999994,0.26588465298142716,12.3,40,1
validation-repeat,64,0,0,1286,2.845421592001003,1300,-8.208,-0.297,0.20234604105571846,12.5,40,1
validation-repeat,64,0,0,1286,2.882450177001374,1297,-8.208,-0.19799999999999998,0.15542521994134897,12.5,40,1
validation-repeat,64,0,0,1286,2.9194426700014446,1293,-10.944,-0.05399999999999999,0.08699902248289346,12.5,40,1
validation-repeat,64,0,0,1286,2.9564516070004174,1290,-5.472,-0.018,0.05180840664711633,12.3,40,1
validation-repeat,64,0,0,1286,2.9924436830006016,1290,0.0,-0.018,0.06256109481915934,12.3,40,1
validation-repeat,64,0,0,1286,3.0284430560004694,1291,0.0,-0.0315,0.07820136852394917,12.3,40,1
validation-repeat,64,0,0,1286,3.064448965000338,1293,5.472,-0.0765,0.12023460410557185,12.3,40,1
validation-repeat,64,0,0,1286,3.1004479120001633,1294,0.0,-0.10799999999999998,0.12512218963831867,12.3,40,1
validation-repeat,64,0,0,1286,3.1374784409999847,1293,0.0,-0.10799999999999998,0.10948191593352884,12.3,40,1
validation-repeat,64,0,0,1286,3.177476145001492,1293,0.0,-0.08099999999999999,0.10948191593352884,12.3,40,1
validation-repeat,64,0,0,1286,3.214463711999997,1293,0.0,-0.08099999999999999,0.10948191593352884,12.3,40,1
validation-repeat,64,0,0,1286,3.25047045500105,1293,0.0,-0.08099999999999999,0.10948191593352884,12.3,40,1
validation-repeat,64,0,0,1286,3.2864923090000957,1293,0.0,-0.10799999999999998,0.10948191593352884,12.3,40,1
validation-repeat,64,0,0,1286,3.322482330000639,1293,0.0,-0.08099999999999999,0.10948191593352884,12.3,40,1
validation-repeat,64,0,0,1286,3.3585008140016726,1293,0.0,-0.08099999999999999,0.10948191593352884,12.3,40,1
validation-repeat,64,0,0,1286,3.394507575001626,1293,0.0,-0.08099999999999999,0.10948191593352884,12.3,40,1
validation-repeat,64,0,0,1286,3.4325106690012035,1293,0.0,-0.08099999999999999,0.10948191593352884,12.3,40,1
validation-repeat,64,0,0,1286,3.469528680001531,1293,0.0,-0.0765,0.10948191593352884,12.3,40,1
validation-repeat,64,0,0,1286,3.5055477560017607,1293,0.0,-0.0765,0.10948191593352884,12.3,40,1
validation-repeat,64,0,0,1286,3.544532211000842,1293,0.0,-0.0765,0.10948191593352884,12.3,40,1
validation-repeat,64,0,0,1286,3.580531528001302,1293,0.0,-0.0765,0.10948191593352884,12.3,40,1
validation-repeat,64,0,0,1286,3.617550280001524,1293,0.0,-0.0765,0.10948191593352884,12.3,40,1
validation-repeat,64,0,0,1286,3.6555457260001276,1293,0.0,-0.0765,0.10948191593352884,12.1,40,1
validation-repeat,64,0,0,1286,3.692578644000605,1293,0.0,-0.0765,0.10948191593352884,12.1,40,1
validation-repeat,64,0,0,1286,3.7285783130009804,1293,0.0,-0.0765,0.10948191593352884,12.1,40,1
validation-repeat,64,0,0,1286,3.7665522400002374,1293,0.0,-0.0765,0.10948191593352884,12.1,40,1
validation-repeat,64,0,0,1286,3.802555761001713,1293,0.0,-0.0765,0.10948191593352884,12.1,40,1
validation-repeat,64,0,0,1286,3.8405700030016305,1293,0.0,-0.0765,0.10948191593352884,12.1,40,1
validation-repeat,64,0,0,1286,3.8765673020006943,1293,0.0,-0.0765,0.10948191593352884,12.3,40,1
validation-repeat,64,0,0,1286,3.9126058220008417,1293,0.0,-0.0765,0.10948191593352884,12.3,40,1
validation-repeat,64,0,0,1286,3.949609537001379,1293,0.0,-0.0765,0.10948191593352884,12.3,40,1
validation-repeat,64,0,0,1286,3.9865936590013007,1293,0.0,-0.0765,0.10948191593352884,12.3,40,1
