trial,p,i,d,target,elapsed,position,velocity,current,load,voltage,temperature,torque,goal,speed_limit
sweep-29,64,0,0,0,0.009017264999783947,1072,0.0,-0.0045,0.0469208211143695,12.3,42,1,1072,1
sweep-29,64,0,0,0,0.046014923998882296,1072,0.0,-0.0045,0.0469208211143695,12.3,42,1,1072,1
sweep-29,64,0,0,0,0.08209368499956327,1072,0.0,0.0,0.0469208211143695,12.3,42,1,1071,1
sweep-29,64,0,0,0,0.12607957199907105,1071,0.0,0.0,0.03128054740957967,12.3,42,1,2475,3
sweep-29,64,0,0,0,0.16609846099891,1072,0.0,0.0,0.015640273704789834,12.3,42,1,2475,5
sweep-29,64,0,0,0,0.20209383399924263,1072,0.0,0.0,0.0,12.3,42,1,2475,7
sweep-29,64,0,0,0,0.24110962199847563,1072,0.0,0.0045,0.0469208211143695,12.3,42,1,2475,9
sweep-29,64,0,0,0,0.28209792799862043,1072,0.0,0.0765,0.093841642228739,12.3,42,1,2475,11
sweep-29,64,0,0,0,0.32312154799910786,1071,0.0,0.18,0.17204301075268819,12.3,42,1,2475,13
sweep-29,64,0,0,0,0.3651066399997944,1073,0.0,0.3465,0.21896383186705767,12.3,42,1,2475,15
sweep-29,64,0,0,0,0.4060885019989655,1074,0.0,0.45899999999999996,0.28152492668621704,12.3,42,1,2475,17
sweep-29,64,0,0,0,0.4460918719996698,1079,13.680000000000001,0.49499999999999994,0.26881720430107525,12.3,42,1,2475,19
sweep-29,64,0,0,0,0.4860935389988299,1088,21.888,0.2565,0.2209188660801564,12.3,42,1,2475,21
sweep-29,64,0,0,0,0.5251231229995028,1098,13.680000000000001,0.38249999999999995,0.1906158357771261,12.3,42,1,2475,23
sweep-29,64,0,0,0,0.5711188059995038,1100,5.472,0.44999999999999996,0.3176930596285435,12.3,42,1,2475,25
sweep-29,64,0,0,0,0.6111237329987489,1114,30.096000000000004,0.33749999999999997,0.17204301075268819,12.3,42,1,2475,27
sweep-29,64,0,0,0,0.6510970669987728,1114,-5.472,0.6749999999999999,0.40175953079178883,12.3,42,1,2475,29
sweep-29,64,0,0,0,0.6871033279985568,1129,35.568000000000005,0.4185,0.2238514173998045,12.3,42,1,2475,29
sweep-29,64,0,0,0,0.7240975799995795,1143,30.096000000000004,0.306,0.15640273704789834,12.3,42,1,2475,29
sweep-29,64,0,0,0,0.7600928969986853,1150,16.416,0.22049999999999997,0.21603128054740958,12.3,42,1,2475,29
sweep-29,64,0,0,0,0.7991035559989541,1164,27.360000000000003,0.3015,0.13098729227761485,12.3,42,1,2475,29
sweep-29,64,0,0,0,0.8391279079987726,1164,0.0,0.49499999999999994,0.34408602150537637,12.3,42,1,2475,29
sweep-29,64,0,0,0,0.8791340379993926,1177,30.096000000000004,0.414,0.23460410557184752,12.3,42,1,2475,29
sweep-29,64,0,0,0,0.9161383639984706,1184,13.680000000000001,0.4815,0.30009775171065495,12.3,42,1,2475,29
sweep-29,64,0,0,0,0.9521386439992057,1200,38.304,0.243,0.13978494623655913,12.3,42,1,2475,29
sweep-29,64,0,0,0,0.9881363679996866,1207,13.680000000000001,0.33749999999999997,0.20625610948191594,12.3,42,1,2475,29
sweep-29,64,0,0,0,1.0261361849989044,1219,30.096000000000004,0.18,0.14076246334310852,12.3,42,1,2475,29
sweep-29,64,0,0,0,1.0621518529987952,1224,0.0,0.567,0.26588465298142716,12.3,42,1,2475,29
sweep-29,64,0,0,0,1.0991593829985504,1227,10.944,0.5175,0.33724340175953077,12.3,42,1,2475,29
sweep-29,64,0,0,0,1.135160014999201,1241,30.096000000000004,0.45899999999999996,0.21896383186705767,12.3,42,1,2475,29
sweep-29,64,0,0,0,1.1711673869995138,1249,19.152,0.3735,0.25806451612903225,12.3,42,1,2475,29
sweep-29,64,0,0,0,1.2071728899991285,1265,35.568000000000005,0.207,0.11436950146627566,12.3,42,1,2475,29
sweep-29,64,0,0,0,1.2431718919997365,1270,8.208,0.3645,0.23362658846529813,12.3,42,1,2475,29
sweep-29,64,0,0,0,1.2811818009995477,1282,27.360000000000003,0.21599999999999997,0.1466275659824047,12.3,42,1,2475,29
sweep-29,64,0,0,0,1.3171840619997965,1287,5.472,0.5265,0.270772238514174,12.3,42,1,2475,29
sweep-29,64,0,0,0,1.3542030359985802,1293,16.416,0.4815,0.29423264907135877,12.3,42,1,2475,29
sweep-29,64,0,0,0,1.390212704998703,1306,24.624000000000002,0.3555,0.21505376344086022,12.3,42,1,2475,29
sweep-29,64,0,0,0,1.4302242979993025,1320,32.832,0.18899999999999997,0.1348973607038123,12.3,42,1,2475,29
sweep-29,64,0,0,0,1.4732700279982964,1326,0.0,0.5579999999999999,0.26588465298142716,12.3,42,1,2475,29
sweep-29,64,0,0,0,1.5102108729988686,1332,16.416,0.369,0.29423264907135877,12.3,42,1,2475,29
sweep-29,64,0,0,0,1.5462261339998804,1345,24.624000000000002,0.4275,0.21505376344086022,12.3,42,1,2475,29
sweep-29,64,0,0,0,1.5842148949996044,1350,13.680000000000001,0.4185,0.30009775171065495,12.1,42,1,2475,29
sweep-29,64,0,0,0,1.62023443399994,1367,35.568000000000005,0.2385,0.1300097751710655,12.1,42,1,2475,29
sweep-29,64,0,0,0,1.6572382969989121,1375,16.416,0.2115,0.18475073313782991,12.1,42,1,2475,29
sweep-29,64,0,0,0,1.6932600769996498,1388,30.096000000000004,0.19349999999999998,0.093841642228739,12.3,42,1,2475,29
sweep-29,64,0,0,0,1.7292565239986288,1386,-8.208,0.6659999999999999,0.34506353861192574,12.3,42,1,2475,29
sweep-29,64,0,0,0,1.7682540159985365,1395,24.624000000000002,0.5715,0.2932551319648094,12.3,42,1,2475,29
sweep-29,64,0,0,0,1.8042797210000572,1406,19.152,0.585,0.27370478983382207,12.3,42,1,2475,29
sweep-29,64,0,0,0,1.8412870839983952,1418,27.360000000000003,0.40049999999999997,0.22482893450635386,12.3,42,1,2475,29
sweep-29,64,0,0,0,1.8793030479992012,1434,32.832,0.207,0.10361681329423265,12.3,42,1,2475,29
sweep-29,64,0,0,0,1.9152946619997238,1440,13.680000000000001,0.20249999999999999,0.20625610948191594,12.3,42,1,2475,29
sweep-29,64,0,0,0,1.9523003029989923,1452,24.624000000000002,0.26099999999999995,0.13685239491691104,12.4,42,1,2475,29
sweep-29,64,0,0,0,1.9882922489996417,1451,0.0,0.4725,0.34408602150537637,12.4,42,1,2475,29
sweep-29,64,0,0,0,2.024286491998282,1464,30.096000000000004,0.369,0.21896383186705767,12.4,42,1,2475,29
sweep-29,64,0,0,0,2.0632896319984866,1471,13.680000000000001,0.486,0.2844574780058651,12.1,42,1,2475,29
sweep-29,64,0,0,0,2.0993045789982716,1487,35.568000000000005,0.18,0.1300097751710655,12.1,42,1,2475,29
sweep-29,64,0,0,0,2.1363181449996773,1494,10.944,0.32849999999999996,0.2179863147605083,12.1,42,1,2475,29
sweep-29,64,0,0,0,2.1743198320000374,1505,24.624000000000002,0.2385,0.1681329423264907,12.3,42,1,2475,29
sweep-29,64,0,0,0,2.2113146579995373,1513,10.944,0.5219999999999999,0.21212121212121213,12.3,42,1,2475,29
sweep-29,64,0,0,0,2.2513297139994393,1518,16.416,0.5085,0.2785923753665689,12.3,42,1,2475,29
sweep-29,64,0,0,0,2.2913211959985347,1531,21.888,0.4275,0.2209188660801564,12.0,42,1,2475,29
sweep-29,64,0,0,0,2.3313313999988168,1545,32.832,0.19799999999999998,0.1348973607038123,12.0,42,1,2475,29
sweep-29,64,0,0,0,2.3713320859988016,1555,13.680000000000001,0.37799999999999995,0.1906158357771261,12.0,42,1,2475,29
sweep-29,64,0,0,0,2.408352707998347,1563,21.888,0.3105,0.18963831867057673,12.1,42,1,2475,29
sweep-29,64,0,0,0,2.4473569029996725,1573,16.416,0.32849999999999996,0.20039100684261973,12.1,42,1,2475,29
sweep-29,64,0,0,0,2.483366811999076,1580,19.152,0.32849999999999996,0.22678396871945258,12.1,43,1,2475,29
sweep-29,64,0,0,0,2.5203726009985985,1592,24.624000000000002,0.306,0.1681329423264907,12.3,43,1,2475,29
sweep-29,64,0,0,0,2.558392527998876,1601,21.888,0.243,0.1739980449657869,12.3,43,1,2475,29
sweep-29,64,0,0,0,2.5954028359992662,1612,19.152,0.3645,0.16422287390029325,12.3,42,1,2475,29
sweep-29,64,0,0,0,2.632402846998957,1613,0.0,0.44999999999999996,0.3284457478005865,12.3,42,1,2475,29
sweep-29,64,0,0,0,2.6714007829996262,1627,32.832,0.33299999999999996,0.19745845552297164,12.3,42,1,2475,29
sweep-29,64,0,0,0,2.7114249679998466,1633,8.208,0.49949999999999994,0.3118279569892473,12.3,42,1,2475,29
sweep-29,64,0,0,0,2.752409403999991,1649,35.568000000000005,0.23399999999999999,0.16129032258064516,12.1,42,1,2475,29
sweep-29,64,0,0,0,2.7914023399989674,1660,16.416,0.288,0.16911045943304007,12.1,42,1,2475,29
sweep-29,64,0,0,0,2.8274222679992818,1670,21.888,0.21599999999999997,0.1739980449657869,12.1,42,1,2475,29
sweep-29,64,0,0,0,2.864420778998465,1678,13.680000000000001,0.3645,0.1906158357771261,12.3,42,1,2475,29
sweep-29,64,0,0,0,2.9024462249999488,1683,13.680000000000001,0.43649999999999994,0.26881720430107525,12.3,42,1,2475,29
sweep-29,64,0,0,0,2.9394407909985603,1694,21.888,0.46349999999999997,0.2209188660801564,12.3,42,1,2475,29
sweep-29,64,0,0,0,2.976438468998822,1704,24.624000000000002,0.3015,0.21505376344086022,12.3,42,1,2475,29
sweep-29,64,0,0,0,3.012445378999473,1717,24.624000000000002,0.24749999999999997,0.15249266862170088,12.3,42,1,2475,29
sweep-29,64,0,0,0,3.0484645659998932,1722,10.944,0.3015,0.22776148582600195,12.3,42,1,2475,29
sweep-29,64,0,0,0,3.0864704749983503,1735,30.096000000000004,0.306,0.15640273704789834,12.3,42,1,2475,29
sweep-29,64,0,0,0,3.1234748929982743,1741,10.944,0.43649999999999994,0.2434017595307918,12.3,42,1,2475,29
sweep-29,64,0,0,0,3.160476718998325,1753,30.096000000000004,0.26999999999999996,0.15640273704789834,12.3,42,1,2475,29
sweep-29,64,0,0,0,3.198476979998304,1762,19.152,0.26549999999999996,0.19550342130987292,12.3,42,1,2475,29
sweep-29,64,0,0,0,3.2354698609997286,1775,30.096000000000004,0.22499999999999998,0.10948191593352884,12.3,42,1,2475,29
sweep-29,64,0,0,0,3.272469686999102,1777,0.0,0.5579999999999999,0.28152492668621704,12.3,42,1,2475,29
sweep-29,64,0,0,0,3.3114727339998353,1785,21.888,0.44549999999999995,0.2678396871945259,12.3,42,1,2475,29
sweep-29,64,0,0,0,3.347471532999407,1796,21.888,0.4725,0.23655913978494625,12.3,42,1,2475,29
sweep-29,64,0,0,0,3.384511284999462,1805,21.888,0.351,0.23655913978494625,12.3,42,1,2475,29
sweep-29,64,0,0,0,3.4215204619995347,1821,32.832,0.18,0.10361681329423265,12.3,42,1,2475,29
sweep-29,64,0,0,0,3.4615466849991208,1827,10.944,0.243,0.21212121212121213,12.3,42,1,2475,29
sweep-29,64,0,0,0,3.4985075109998434,1839,27.360000000000003,0.2115,0.1466275659824047,12.3,42,1,2475,29
sweep-29,64,0,0,0,3.5355298919985216,1844,8.208,0.3555,0.24926686217008798,12.3,42,1,2475,29
sweep-29,64,0,0,0,3.571506746999148,1854,21.888,0.288,0.20527859237536658,12.3,42,1,2475,29
sweep-29,64,0,0,0,3.6105244049995235,1864,19.152,0.33749999999999997,0.21114369501466276,12.3,42,1,2475,29
sweep-29,64,0,0,0,3.647648506999758,1877,32.832,0.22049999999999997,0.10361681329423265,12.3,42,1,2475,29
sweep-29,64,0,0,0,3.6835417699985555,1883,13.680000000000001,0.27899999999999997,0.20625610948191594,12.3,42,1,2475,29
sweep-29,64,0,0,0,3.7205250959996192,1891,19.152,0.3105,0.21114369501466276,12.3,42,1,2475,29
sweep-29,64,0,0,0,3.757551661999969,1899,13.680000000000001,0.414,0.2375366568914956,12.3,42,1,2475,29
sweep-29,64,0,0,0,3.794555746999322,1909,21.888,0.32399999999999995,0.20527859237536658,12.3,42,1,2475,29
sweep-29,64,0,0,0,3.8305724349993397,1920,24.624000000000002,0.2925,0.1681329423264907,12.3,42,1,2475,29
sweep-29,64,0,0,0,3.866558844998508,1929,19.152,0.2565,0.1798631476050831,12.3,42,1,2475,29
sweep-29,64,0,0,0,3.902572864999456,1940,24.624000000000002,0.3015,0.13685239491691104,12.3,42,1,2475,29
sweep-29,64,0,0,0,3.9415553199996793,1939,0.0,0.5355,0.3597262952101662,12.3,42,1,2475,29
sweep-29,64,0,0,0,3.977577247998852,1950,27.360000000000003,0.49499999999999994,0.27174975562072334,12.3,42,1,2475,29
sweep-29,64,0,0,0,4.014575036999304,1961,21.888,0.49049999999999994,0.25219941348973607,12.3,42,1,2475,29
sweep-29,64,0,0,0,4.052584686000046,1974,30.096000000000004,0.22499999999999998,0.17204301075268819,12.1,42,1,2475,29
sweep-29,64,0,0,0,4.089589993998743,1987,21.888,0.19799999999999998,0.14271749755620725,12.1,42,1,2475,29
sweep-29,64,0,0,0,4.12659991199871,1993,13.680000000000001,0.2835,0.20625610948191594,12.1,42,1,2475,29
sweep-29,64,0,0,0,4.165592940998977,2003,19.152,0.315,0.1798631476050831,12.3,42,1,2475,29
sweep-29,64,0,0,0,4.201636683999823,2010,16.416,0.3645,0.2316715542521994,12.3,42,1,2475,29
sweep-29,64,0,0,0,4.238632527998561,2020,24.624000000000002,0.33749999999999997,0.19941348973607037,12.3,42,1,2475,29
sweep-29,64,0,0,0,4.275635834999775,2030,21.888,0.243,0.18963831867057673,12.3,42,1,2475,29
sweep-29,64,0,0,0,4.312629494999783,2043,24.624000000000002,0.20249999999999999,0.13685239491691104,12.3,42,1,2475,29
sweep-29,64,0,0,0,4.3506261439997616,2049,10.944,0.32849999999999996,0.23362658846529813,12.3,42,1,2475,29
sweep-29,64,0,0,0,4.386630220998995,2059,24.624000000000002,0.288,0.18377321603128055,12.3,42,1,2475,29
sweep-29,64,0,0,0,4.425653785998293,2066,13.680000000000001,0.4095,0.2590420332355816,12.3,42,1,2475,29
sweep-29,64,0,0,0,4.466656980999687,2079,30.096000000000004,0.26549999999999996,0.17204301075268819,12.3,42,1,2475,29
sweep-29,64,0,0,0,4.505681767999704,2090,21.888,0.2115,0.1739980449657869,12.1,42,1,2475,29
sweep-29,64,0,0,0,4.543675732998963,2101,24.624000000000002,0.18899999999999997,0.12121212121212122,12.1,42,1,2475,29
sweep-29,64,0,0,0,4.5796690129991475,2106,8.208,0.513,0.23362658846529813,12.1,42,1,2475,29
sweep-29,64,0,0,0,4.616674838998733,2106,0.0,0.6705,0.39100684261974583,12.3,42,1,2475,29
sweep-29,64,0,0,0,4.652678433998517,2119,30.096000000000004,0.5085,0.26588465298142716,12.3,42,1,2475,29
sweep-29,64,0,0,0,4.688666824999018,2130,24.624000000000002,0.38699999999999996,0.24633431085043989,12.3,42,1,2475,29
sweep-29,64,0,0,0,4.724703418998615,2146,35.568000000000005,0.16649999999999998,0.11436950146627566,12.3,42,1,2475,29
sweep-29,64,0,0,0,4.763770872999885,2154,13.680000000000001,0.2565,0.1906158357771261,12.3,42,1,2475,29
sweep-29,64,0,0,0,4.807687594999152,2163,21.888,0.3105,0.18963831867057673,12.3,42,1,2475,29
sweep-29,64,0,0,0,4.843712837999192,2171,16.416,0.37799999999999995,0.21603128054740958,12.2,42,1,2475,29
sweep-29,64,0,0,0,4.880706181998903,2180,21.888,0.33749999999999997,0.20527859237536658,12.2,42,1,2475,29
sweep-29,64,0,0,0,4.918719794999561,2191,21.888,0.3015,0.18963831867057673,12.2,42,1,2475,29
sweep-29,64,0,0,0,4.955708842999229,2203,24.624000000000002,0.22049999999999997,0.13685239491691104,12.2,42,1,2475,29
sweep-29,64,0,0,0,4.991739215000052,2211,16.416,0.306,0.16911045943304007,12.2,42,1,2475,29
sweep-29,64,0,0,0,5.027727254999263,2217,13.680000000000001,0.38699999999999996,0.22189638318670576,12.2,42,1,2475,29
sweep-29,64,0,0,0,5.066756856998836,2226,16.416,0.39599999999999996,0.2316715542521994,12.2,42,1,2475,29
sweep-29,64,0,0,0,5.1057489790000545,2236,21.888,0.39599999999999996,0.2209188660801564,12.3,42,1,2475,29
sweep-29,64,0,0,0,5.145773885999006,2249,27.360000000000003,0.22499999999999998,0.16226783968719452,12.3,42,1,2475,29
sweep-29,64,0,0,0,5.183745294998516,2260,24.624000000000002,0.252,0.13685239491691104,12.3,42,1,2475,29
sweep-29,64,0,0,0,5.219747760998871,2269,19.152,0.26549999999999996,0.14858260019550343,12.3,42,1,2475,29
sweep-29,64,0,0,0,5.255782891999843,2269,0.0,0.5175,0.3284457478005865,12.3,42,1,2475,29
sweep-29,64,0,0,0,5.2937725789997785,2280,27.360000000000003,0.45899999999999996,0.2404692082111437,12.3,42,1,2475,29
sweep-29,64,0,0,0,5.330794311999853,2291,24.624000000000002,0.3555,0.23069403714565004,12.1,42,1,2475,29
sweep-29,64,0,0,0,5.366787665998345,2303,27.360000000000003,0.23399999999999999,0.16226783968719452,12.1,42,1,2475,29
sweep-29,64,0,0,0,5.405828008999379,2315,24.624000000000002,0.2565,0.12121212121212122,12.1,42,1,2475,29
sweep-29,64,0,0,0,5.441792345000067,2319,10.944,0.315,0.22776148582600195,12.3,42,1,2475,29
sweep-29,64,0,0,0,5.478794596998341,2328,19.152,0.38699999999999996,0.21114369501466276,12.3,42,1,2475,29
sweep-29,64,0,0,0,5.5168330050000804,2336,16.416,0.369,0.24731182795698925,12.3,42,1,2475,29
sweep-29,64,0,0,0,5.553822479998416,2348,24.624000000000002,0.2835,0.18377321603128055,12.3,42,1,2475,29
sweep-29,64,0,0,0,5.58983298199928,2358,21.888,0.252,0.1739980449657869,12.3,42,1,2475,29
sweep-29,64,0,0,0,5.625828798998555,2370,27.360000000000003,0.19349999999999998,0.11534701857282502,12.3,42,1,2475,29
sweep-29,64,0,0,0,5.6638527259983675,2373,0.0,0.40049999999999997,0.28152492668621704,12.3,42,1,2475,29
sweep-29,64,0,0,0,5.703851319000023,2383,21.888,0.423,0.23655913978494625,12.3,42,1,2475,29
sweep-29,64,0,0,0,5.744862790999832,2394,21.888,0.37799999999999995,0.2209188660801564,12.3,42,1,2475,28
sweep-29,64,0,0,0,5.78885034599989,2408,27.360000000000003,0.243,0.1466275659824047,12.3,42,1,2475,26
sweep-29,64,0,0,0,5.828843882998626,2417,16.416,0.24749999999999997,0.15347018572825025,12.3,42,1,2475,24
sweep-29,64,0,0,0,5.867862392999086,2421,8.208,0.34199999999999997,0.23362658846529813,12.3,42,1,2475,22
sweep-29,64,0,0,0,5.907867911999347,2428,13.680000000000001,0.3465,0.22189638318670576,12.3,42,1,2475,20
sweep-29,64,0,0,0,5.94586130299831,2434,13.680000000000001,0.33299999999999996,0.22189638318670576,12.3,42,1,2475,18
sweep-29,64,0,0,0,5.982871220998277,2442,19.152,0.243,0.1798631476050831,12.3,42,1,2475,16
sweep-29,64,0,0,0,6.02187306399901,2450,16.416,0.1575,0.1436950146627566,12.3,42,1,2475,14
sweep-29,64,0,0,0,6.057898215000023,2453,0.0,0.26549999999999996,0.187683284457478,12.3,42,1,2475,12
sweep-29,64,0,0,0,6.1019087320000835,2451,-5.472,0.4185,0.29227761485826004,12.3,42,1,591,3
sweep-29,64,0,0,0,6.137894141998913,2453,5.472,0.45899999999999996,0.25513196480938416,12.3,42,1,591,5
sweep-29,64,0,0,0,6.177906326998709,2457,10.944,0.207,0.18084066471163246,12.3,42,1,591,7
sweep-29,64,0,0,0,6.21791206799935,2462,10.944,0.0315,0.05571847507331378,12.3,42,1,591,9
sweep-29,64,0,0,0,6.257910921000075,2465,5.472,0.0,0.026392961876832845,12.3,42,1,591,11
sweep-29,64,0,0,0,6.297924920998412,2466,0.0,-0.0765,0.093841642228739,12.3,42,1,591,13
sweep-29,64,0,0,0,6.338929800998812,2465,0.0,-0.1575,0.15640273704789834,12.3,42,1,591,15
sweep-29,64,0,0,0,6.3799364769984095,2461,-8.208,-0.18899999999999997,0.15542521994134897,12.3,42,1,591,17
sweep-29,64,0,0,0,6.41995132899865,2456,-8.208,-0.23399999999999999,0.1710654936461388,12.3,42,1,591,19
sweep-29,64,0,0,0,6.4599539219998405,2451,-8.208,-0.3015,0.20234604105571846,12.3,42,1,591,21
sweep-29,64,0,0,0,6.499965495999277,2447,-8.208,-0.3465,0.24926686217008798,12.3,42,1,591,23
sweep-29,64,0,0,0,6.539961274998859,2436,-19.152,-0.2565,0.1798631476050831,12.3,42,1,591,25
sweep-29,64,0,0,0,6.579959848999351,2426,-19.152,-0.1575,0.16422287390029325,12.3,42,1,591,27
sweep-29,64,0,0,0,6.61997681199864,2414,-21.888,-0.18899999999999997,0.1270772238514174,12.1,42,1,591,29
sweep-29,64,0,0,0,6.659986404998563,2409,-5.472,-0.315,0.2238514173998045,12.1,42,1,591,29
sweep-29,64,0,0,0,6.696975897999437,2402,-16.416,-0.44099999999999995,0.2316715542521994,12.1,42,1,591,29
sweep-29,64,0,0,0,6.7359825749990705,2392,-19.152,-0.3735,0.22678396871945258,12.1,42,1,591,29
sweep-29,64,0,0,0,6.772008076999555,2380,-27.360000000000003,-0.22949999999999998,0.16226783968719452,12.1,42,1,591,29
sweep-29,64,0,0,0,6.811025049999444,2366,-27.360000000000003,-0.17099999999999999,0.09970674486803519,12.1,42,1,591,29
sweep-29,64,0,0,0,6.851047401998585,2360,-10.944,-0.2115,0.19648093841642228,12.3,42,1,591,29
sweep-29,64,0,0,0,6.889010736998898,2351,-19.152,-0.288,0.1798631476050831,12.3,42,1,591,29
sweep-29,64,0,0,0,6.9250018509992515,2343,-16.416,-0.2925,0.20039100684261973,12.3,42,1,591,29
sweep-29,64,0,0,0,6.961028166999313,2333,-21.888,-0.243,0.1739980449657869,12.2,42,1,591,29
sweep-29,64,0,0,0,6.999009501998444,2322,-21.888,-0.16199999999999998,0.14271749755620725,12.2,42,1,591,29
sweep-29,64,0,0,0,7.035025096998652,2311,-24.624000000000002,-0.16199999999999998,0.12121212121212122,12.2,42,1,591,29
sweep-29,64,0,0,0,7.072024422999675,2305,-10.944,-0.26099999999999995,0.19648093841642228,12.3,42,1,591,29
sweep-29,64,0,0,0,7.108044054999482,2300,-16.416,-0.38699999999999996,0.2316715542521994,12.3,42,1,591,29
sweep-29,64,0,0,0,7.145032195998283,2291,-19.152,-0.369,0.22678396871945258,12.3,42,1,591,29
sweep-29,64,0,0,0,7.181041734998871,2281,-21.888,-0.288,0.20527859237536658,12.3,42,1,591,29
sweep-29,64,0,0,0,7.217033755998273,2267,-30.096000000000004,-0.153,0.10948191593352884,12.3,42,1,591,29
sweep-29,64,0,0,0,7.255060311999841,2259,-16.416,-0.18899999999999997,0.15347018572825025,12.3,42,1,591,29
sweep-29,64,0,0,0,7.295043442998576,2251,-16.416,-0.22499999999999998,0.18475073313782991,12.3,42,1,591,29
sweep-29,64,0,0,0,7.331090443998619,2242,-16.416,-0.306,0.20039100684261973,12.3,42,1,591,29
sweep-29,64,0,0,0,7.371068759999616,2231,-21.888,-0.2565,0.1739980449657869,12.3,42,1,591,29
sweep-29,64,0,0,0,7.411091056999794,2221,-19.152,-0.17099999999999999,0.1798631476050831,12.3,42,1,591,29
sweep-29,64,0,0,0,7.4511049639986595,2208,-24.624000000000002,-0.19349999999999998,0.12121212121212122,12.3,42,1,591,29
sweep-29,64,0,0,0,7.491085242998452,2201,-13.680000000000001,-0.252,0.17497556207233628,12.3,42,1,591,29
sweep-29,64,0,0,0,7.5290973739993206,2194,-16.416,-0.297,0.20039100684261973,12.3,42,1,591,29
sweep-29,64,0,0,0,7.5650895059989125,2186,-16.416,-0.32399999999999995,0.2316715542521994,12.3,42,1,591,29
sweep-29,64,0,0,0,7.602094219999344,2175,-24.624000000000002,-0.252,0.18377321603128055,12.3,42,1,591,29
sweep-29,64,0,0,0,7.640092462999746,2162,-27.360000000000003,-0.17099999999999999,0.11534701857282502,12.3,42,1,591,29
sweep-29,64,0,0,0,7.676099001999319,2154,-19.152,-0.21599999999999997,0.14858260019550343,12.3,42,1,591,29
sweep-29,64,0,0,0,7.713130123998781,2145,-21.888,-0.207,0.14271749755620725,12.3,42,1,591,29
sweep-29,64,0,0,0,7.749146311000004,2138,-13.680000000000001,-0.23399999999999999,0.1906158357771261,12.3,42,1,591,29
sweep-29,64,0,0,0,7.786137395998594,2130,-19.152,-0.26999999999999996,0.19550342130987292,12.3,42,1,591,29
sweep-29,64,0,0,0,7.822137509998356,2119,-21.888,-0.26549999999999996,0.1739980449657869,12.3,42,1,591,29
sweep-29,64,0,0,0,7.859146649998365,2109,-24.624000000000002,-0.16649999999999998,0.15249266862170088,12.3,42,1,591,29
sweep-29,64,0,0,0,7.897140077999211,2098,-21.888,-0.207,0.1270772238514174,12.3,42,1,591,29
sweep-29,64,0,0,0,7.933150190998276,2093,-10.944,-0.32399999999999995,0.21212121212121213,12.3,42,1,591,29
sweep-29,64,0,0,0,7.970142035999743,2084,-19.152,-0.33749999999999997,0.19550342130987292,12.3,42,1,591,29
sweep-29,64,0,0,0,8.008193443998607,2076,-19.152,-0.36,0.22678396871945258,12.1,42,1,591,29
sweep-29,64,0,0,0,8.04516743699969,2063,-24.624000000000002,-0.24749999999999997,0.15249266862170088,12.1,42,1,591,29
sweep-29,64,0,0,0,8.082198224999956,2052,-24.624000000000002,-0.16649999999999998,0.12121212121212122,12.1,42,1,591,29
sweep-29,64,0,0,0,8.120196152998687,2041,-19.152,-0.16649999999999998,0.13294232649071358,12.3,42,1,591,29
sweep-29,64,0,0,0,8.15619915499883,2038,-5.472,-0.34199999999999997,0.25513196480938416,12.3,42,1,591,29
sweep-29,64,0,0,0,8.193206517998988,2029,-21.888,-0.40049999999999997,0.2209188660801564,12.3,42,1,591,29
sweep-29,64,0,0,0,8.231204777999665,2021,-13.680000000000001,-0.4095,0.25317693059628543,12.3,42,1,591,29
sweep-29,64,0,0,0,8.267189632999361,2008,-30.096000000000004,-0.21599999999999997,0.17204301075268819,12.3,42,1,591,29
sweep-29,64,0,0,0,8.307204002998333,1995,-24.624000000000002,-0.19349999999999998,0.13685239491691104,12.3,42,1,591,29
sweep-29,64,0,0,0,8.347213503999228,1986,-19.152,-0.19799999999999998,0.14858260019550343,12.3,42,1,591,29
sweep-29,64,0,0,0,8.384222736998709,1976,-21.888,-0.20249999999999999,0.1270772238514174,12.3,42,1,591,29
sweep-29,64,0,0,0,8.420237016998726,1972,-8.208,-0.3555,0.23362658846529813,12.3,42,1,591,29
sweep-29,64,0,0,0,8.456238648999715,1962,-21.888,-0.31949999999999995,0.18963831867057673,12.3,42,1,591,29
sweep-29,64,0,0,0,8.494252316999336,1953,-19.152,-0.288,0.21114369501466276,12.3,42,1,591,29
sweep-29,64,0,0,0,8.530268355998487,1940,-27.360000000000003,-0.20249999999999999,0.13098729227761485,12.3,42,1,591,29
sweep-29,64,0,0,0,8.567245348998767,1931,-19.152,-0.20249999999999999,0.14858260019550343,12.3,42,1,591,29
sweep-29,64,0,0,0,8.605311645998881,1924,-16.416,-0.2565,0.18475073313782991,12.3,42,1,591,29
sweep-29,64,0,0,0,8.642245045999516,1915,-16.416,-0.252,0.20039100684261973,12.3,42,1,591,29
sweep-29,64,0,0,0,8.678247103998729,1906,-19.152,-0.2925,0.1798631476050831,12.3,42,1,591,29
sweep-29,64,0,0,0,8.716246197998771,1896,-21.888,-0.2385,0.1739980449657869,12.3,42,1,591,29
sweep-29,64,0,0,0,8.757255688999066,1883,-27.360000000000003,-0.207,0.11534701857282502,12.3,42,1,591,29
sweep-29,64,0,0,0,8.79325482099921,1874,-19.152,-0.23399999999999999,0.13294232649071358,12.3,42,1,591,29
sweep-29,64,0,0,0,8.830281164999178,1868,-16.416,-0.26549999999999996,0.18475073313782991,12.3,42,1,591,29
sweep-29,64,0,0,0,8.868306387999837,1859,-19.152,-0.26999999999999996,0.19550342130987292,12.3,42,1,591,29
sweep-29,64,0,0,0,8.905260454999734,1852,-13.680000000000001,-0.3645,0.2375366568914956,12.3,42,1,591,29
sweep-29,64,0,0,0,8.941283364998526,1840,-27.360000000000003,-0.24749999999999997,0.16226783968719452,12.3,42,1,591,29
sweep-29,64,0,0,0,8.977286181998352,1830,-21.888,-0.23399999999999999,0.15835777126099707,12.3,42,1,591,29
sweep-29,64,0,0,0,9.013290794999193,1818,-27.360000000000003,-0.1575,0.09970674486803519,12.3,42,1,591,29
sweep-29,64,0,0,0,9.051295925999511,1813,-8.208,-0.2925,0.20234604105571846,12.3,42,1,591,29
sweep-29,64,0,0,0,9.091343092999523,1804,-19.152,-0.2925,0.19550342130987292,12.3,42,1,591,29
sweep-29,64,0,0,0,9.130374102998758,1796,-13.680000000000001,-0.38249999999999995,0.2375366568914956,12.3,42,1,591,29
sweep-29,64,0,0,0,9.17200142099864,1785,-24.624000000000002,-0.2835,0.19941348973607037,12.3,42,1,591,29
sweep-29,64,0,0,0,9.208344715998464,1773,-24.624000000000002,-0.22499999999999998,0.1681329423264907,12.3,42,1,591,29
sweep-29,64,0,0,0,9.247392984998442,1760,-30.096000000000004,-0.1485,0.10948191593352884,12.3,42,1,591,29
sweep-29,64,0,0,0,9.287336059998779,1752,-10.944,-0.26549999999999996,0.18084066471163246,12.1,42,1,591,29
sweep-29,64,0,0,0,9.32432999699995,1746,-16.416,-0.31949999999999995,0.20039100684261973,12.1,42,1,591,29
sweep-29,64,0,0,0,9.360354073998678,1738,-16.416,-0.39599999999999996,0.21603128054740958,12.1,42,1,591,29
sweep-29,64,0,0,0,9.396332927999538,1731,-16.416,-0.3735,0.24731182795698925,12.1,42,1,591,29
sweep-29,64,0,0,0,9.435345604999384,1717,-27.360000000000003,-0.243,0.17790811339198437,12.1,42,1,591,29
sweep-29,64,0,0,0,9.471349439998448,1706,-21.888,-0.22049999999999997,0.15835777126099707,12.1,42,1,591,29
sweep-29,64,0,0,0,9.508355487998415,1693,-30.096000000000004,-0.1485,0.07820136852394917,12.3,42,1,591,29
sweep-29,64,0,0,0,9.544373212998835,1689,-8.208,-0.2925,0.20234604105571846,12.3,42,1,591,29
sweep-29,64,0,0,0,9.580376732999866,1680,-21.888,-0.31949999999999995,0.1739980449657869,12.3,42,1,591,29
sweep-29,64,0,0,0,9.616379642999163,1674,-10.944,-0.4185,0.2434017595307918,12.3,42,1,591,29
sweep-29,64,0,0,0,9.65238934899935,1666,-19.152,-0.3465,0.24242424242424243,12.3,42,1,591,29
sweep-29,64,0,0,0,9.691385043999617,1652,-21.888,-0.252,0.18963831867057673,12.3,42,1,591,29
sweep-29,64,0,0,0,9.727387749999252,1640,-24.624000000000002,-0.19349999999999998,0.13685239491691104,12.3,42,1,591,29
sweep-29,64,0,0,0,9.76438661299835,1629,-24.624000000000002,-0.19799999999999998,0.10557184750733138,12.1,42,1,591,29
sweep-29,64,0,0,0,9.800403077999363,1625,-8.208,-0.23399999999999999,0.2179863147605083,12.1,42,1,591,29
sweep-29,64,0,0,0,9.839409958998658,1615,-21.888,-0.3555,0.18963831867057673,12.1,42,1,591,29
sweep-29,64,0,0,0,9.880414504999862,1609,-13.680000000000001,-0.414,0.26881720430107525,12.3,42,1,591,29
sweep-29,64,0,0,0,9.921420754999417,1596,-27.360000000000003,-0.33749999999999997,0.1935483870967742,12.3,42,1,591,29
sweep-29,64,0,0,0,9.957426349999878,1585,-21.888,-0.26099999999999995,0.1739980449657869,12.3,42,1,591,29
sweep-29,64,0,0,0,9.995412684998882,1572,-30.096000000000004,-0.16199999999999998,0.093841642228739,12.3,42,1,591,29
sweep-29,64,0,0,0,10.031415464998645,1566,-8.208,-0.26549999999999996,0.20234604105571846,12.3,42,1,591,29
sweep-29,64,0,0,0,10.068431141999099,1557,-21.888,-0.27449999999999997,0.15835777126099707,12.3,42,1,591,29
sweep-29,64,0,0,0,10.104437811000025,1551,-13.680000000000001,-0.40499999999999997,0.2375366568914956,12.3,42,1,591,29
sweep-29,64,0,0,0,10.143431487998896,1542,-21.888,-0.39149999999999996,0.23655913978494625,12.3,42,1,591,29
sweep-29,64,0,0,0,10.183461710999836,1528,-24.624000000000002,-0.297,0.18377321603128055,12.3,42,1,591,29
sweep-29,64,0,0,0,10.223458044998551,1515,-30.096000000000004,-0.20249999999999999,0.12512218963831867,12.3,42,1,591,29
sweep-29,64,0,0,0,10.260476092998942,1505,-24.624000000000002,-0.16649999999999998,0.10557184750733138,12.3,42,1,591,29
sweep-29,64,0,0,0,10.29946876899885,1500,-10.944,-0.23399999999999999,0.21212121212121213,12.3,42,1,591,29
sweep-29,64,0,0,0,10.335465012998611,1490,-21.888,-0.351,0.1739980449657869,12.3,42,1,591,29
sweep-29,64,0,0,0,10.37248541199915,1485,-10.944,-0.44099999999999995,0.2590420332355816,12.3,42,1,591,29
sweep-29,64,0,0,0,10.410485487998812,1473,-27.360000000000003,-0.315,0.1935483870967742,12.3,42,1,591,29
sweep-29,64,0,0,0,10.447560090999104,1463,-19.152,-0.288,0.19550342130987292,12.3,42,1,591,29
sweep-29,64,0,0,0,10.48457173099996,1450,-30.096000000000004,-0.1755,0.10948191593352884,12.3,42,1,591,29
sweep-29,64,0,0,0,10.520558807998896,1442,-13.680000000000001,-0.26549999999999996,0.15933528836754643,12.3,42,1,591,29
sweep-29,64,0,0,0,10.557563410999137,1435,-19.152,-0.2925,0.1798631476050831,12.2,42,1,591,29
sweep-29,64,0,0,0,10.595560523999666,1427,-13.680000000000001,-0.4095,0.22189638318670576,12.2,42,1,591,29
sweep-29,64,0,0,0,10.631564544999492,1420,-16.416,-0.36,0.24731182795698925,12.2,42,1,591,29
sweep-29,64,0,0,0,10.66857162999986,1408,-24.624000000000002,-0.34199999999999997,0.18377321603128055,12.0,42,1,591,29
sweep-29,64,0,0,0,10.706578167999396,1397,-24.624000000000002,-0.22049999999999997,0.1681329423264907,12.0,42,1,591,29
sweep-29,64,0,0,0,10.743571401999361,1384,-24.624000000000002,-0.2115,0.12121212121212122,12.0,42,1,591,29
sweep-29,64,0,0,0,10.780578264999349,1378,-13.680000000000001,-0.22049999999999997,0.1906158357771261,12.1,42,1,591,29
sweep-29,64,0,0,0,10.816575655999259,1368,-24.624000000000002,-0.19349999999999998,0.15249266862170088,12.1,42,1,591,29
sweep-29,64,0,0,0,10.852581953999106,1363,-8.208,-0.3735,0.24926686217008798,12.1,42,1,591,29
sweep-29,64,0,0,0,10.890578547998302,1353,-21.888,-0.34199999999999997,0.20527859237536658,12.1,42,1,591,29
sweep-29,64,0,0,0,10.926581124998847,1343,-19.152,-0.27899999999999997,0.21114369501466276,12.3,42,1,591,29
sweep-29,64,0,0,0,10.964617291998366,1332,-24.624000000000002,-0.18899999999999997,0.1681329423264907,12.3,42,1,591,29
sweep-29,64,0,0,0,11.003600357998948,1321,-19.152,-0.20249999999999999,0.14858260019550343,12.3,42,1,591,29
sweep-29,64,0,0,0,11.039583008998306,1313,-16.416,-0.22949999999999998,0.18475073313782991,12.1,42,1,591,29
sweep-29,64,0,0,0,11.076592482999331,1304,-19.152,-0.2565,0.16422287390029325,12.1,42,1,591,29
sweep-29,64,0,0,0,11.115592955999091,1297,-16.416,-0.3465,0.21603128054740958,12.1,42,1,591,29
sweep-29,64,0,0,0,11.151591402998747,1286,-21.888,-0.3465,0.18963831867057673,12.2,42,1,591,29
sweep-29,64,0,0,0,11.188606209998397,1279,-19.152,-0.2835,0.21114369501466276,12.2,42,1,591,29
sweep-29,64,0,0,0,11.226621469999372,1267,-21.888,-0.22499999999999998,0.1739980449657869,12.2,42,1,591,29
sweep-29,64,0,0,0,11.26363025899991,1257,-19.152,-0.22049999999999997,0.16422287390029325,12.3,42,1,591,29
sweep-29,64,0,0,0,11.29962124299891,1247,-21.888,-0.207,0.14271749755620725,12.3,42,1,591,29
sweep-29,64,0,0,0,11.335642189998907,1239,-16.416,-0.243,0.16911045943304007,12.3,42,1,591,29
sweep-29,64,0,0,0,11.374637236998751,1229,-24.624000000000002,-0.2565,0.15249266862170088,12.3,42,1,591,29
sweep-29,64,0,0,0,11.411663247999968,1223,-13.680000000000001,-0.369,0.22189638318670576,12.3,42,1,591,29
sweep-29,64,0,0,0,11.450648387999536,1212,-24.624000000000002,-0.26099999999999995,0.18377321603128055,12.3,42,1,591,29
sweep-29,64,0,0,0,11.486661056998855,1203,-19.152,-0.26099999999999995,0.19550342130987292,12.3,42,1,591,29
sweep-29,64,0,0,0,11.523661659999561,1194,-19.152,-0.2115,0.19550342130987292,12.3,42,1,591,29
sweep-29,64,0,0,0,11.561675049999394,1183,-19.152,-0.22949999999999998,0.16422287390029325,12.3,42,1,591,29
sweep-29,64,0,0,0,11.598668857999655,1174,-19.152,-0.21599999999999997,0.1798631476050831,12.3,42,1,591,29
sweep-29,64,0,0,0,11.635673942999347,1165,-19.152,-0.22499999999999998,0.1798631476050831,12.3,42,1,591,29
sweep-29,64,0,0,0,11.671690333998413,1158,-13.680000000000001,-0.288,0.22189638318670576,12.3,42,1,591,29
sweep-29,64,0,0,0,11.707693298998493,1147,-24.624000000000002,-0.2385,0.15249266862170088,12.3,42,1,591,29
sweep-29,64,0,0,0,11.745689540999592,1139,-16.416,-0.2925,0.20039100684261973,12.3,42,1,591,29
sweep-29,64,0,0,0,11.78169996899851,1128,-27.360000000000003,-0.252,0.1466275659824047,12.3,42,1,591,29
sweep-29,64,0,0,0,11.818703072998687,1120,-19.152,-0.26999999999999996,0.1798631476050831,12.3,42,1,591,29
sweep-29,64,0,0,0,11.854709500999888,1110,-21.888,-0.22049999999999997,0.15835777126099707,12.3,42,1,591,29
sweep-29,64,0,0,0,11.89271879899934,1101,-16.416,-0.23399999999999999,0.18475073313782991,12.3,42,1,591,29
sweep-29,64,0,0,0,11.932745761998376,1091,-19.152,-0.22499999999999998,0.1798631476050831,12.3,42,1,591,29
sweep-29,64,0,0,0,11.972718503999204,1081,-19.152,-0.297,0.1798631476050831,12.3,42,1,591,29
sweep-29,64,0,0,0,12.01275104099841,1073,-16.416,-0.288,0.21603128054740958,12.3,42,1,591,29
sweep-29,64,0,0,0,12.050762652999765,1062,-21.888,-0.26549999999999996,0.1739980449657869,12.3,42,1,591,29
sweep-29,64,0,0,0,12.088746728999467,1053,-19.152,-0.26999999999999996,0.1798631476050831,12.0,42,1,591,29
sweep-29,64,0,0,0,12.124763545998576,1043,-24.624000000000002,-0.22949999999999998,0.15249266862170088,12.0,42,1,591,29
sweep-29,64,0,0,0,12.161770037999304,1035,-16.416,-0.24749999999999997,0.20039100684261973,12.0,42,1,591,29
sweep-29,64,0,0,0,12.19776655899841,1024,-24.624000000000002,-0.22499999999999998,0.15249266862170088,12.3,42,1,591,29
sweep-29,64,0,0,0,12.233774134998384,1017,-16.416,-0.297,0.18475073313782991,12.3,42,1,591,29
sweep-29,64,0,0,0,12.269775359998675,1007,-21.888,-0.252,0.1739980449657869,12.3,42,1,591,29
sweep-29,64,0,0,0,12.306772685999022,999,-16.416,-0.26099999999999995,0.20039100684261973,12.3,42,1,591,29
sweep-29,64,0,0,0,12.343786937999539,990,-19.152,-0.2835,0.19550342130987292,12.3,42,1,591,29
sweep-29,64,0,0,0,12.380794392998723,980,-21.888,-0.26999999999999996,0.1739980449657869,12.3,42,1,591,29
sweep-29,64,0,0,0,12.417793459999302,972,-16.416,-0.27899999999999997,0.20039100684261973,12.1,42,1,591,29
sweep-29,64,0,0,0,12.45379672099989,961,-24.624000000000002,-0.22499999999999998,0.15249266862170088,12.1,42,1,591,29
sweep-29,64,0,0,0,12.489814815999125,955,-13.680000000000001,-0.31949999999999995,0.20625610948191594,12.1,42,1,591,29
sweep-29,64,0,0,0,12.525811280998823,944,-24.624000000000002,-0.22949999999999998,0.15249266862170088,12.1,42,1,591,29
sweep-29,64,0,0,0,12.562821847999658,936,-16.416,-0.3015,0.18475073313782991,12.1,42,1,591,29
sweep-29,64,0,0,0,12.599823117998312,927,-21.888,-0.288,0.18963831867057673,12.1,42,1,591,29
sweep-29,64,0,0,0,12.636826017998828,917,-19.152,-0.306,0.1798631476050831,12.1,42,1,591,29
sweep-29,64,0,0,0,12.673830250998435,909,-19.152,-0.306,0.19550342130987292,12.3,42,1,591,29
sweep-29,64,0,0,0,12.709843308999552,898,-21.888,-0.26999999999999996,0.15835777126099707,12.3,42,1,591,29
sweep-29,64,0,0,0,12.745842958998765,891,-16.416,-0.27899999999999997,0.20039100684261973,12.3,42,1,591,29
sweep-29,64,0,0,0,12.78185303600003,880,-24.624000000000002,-0.22499999999999998,0.15249266862170088,12.3,42,1,591,29
sweep-29,64,0,0,0,12.8188546579986,873,-13.680000000000001,-0.297,0.20625610948191594,12.3,42,1,591,29
sweep-29,64,0,0,0,12.856872714999554,862,-21.888,-0.2565,0.1739980449657869,12.3,42,1,591,29
sweep-29,64,0,0,0,12.89286753199849,854,-19.152,-0.32849999999999996,0.19550342130987292,12.3,42,1,591,29
sweep-29,64,0,0,0,12.928870903999268,845,-21.888,-0.26099999999999995,0.18963831867057673,12.3,42,1,591,29
sweep-29,64,0,0,0,12.964876054998967,836,-19.152,-0.306,0.19550342130987292,12.3,42,1,591,29
sweep-29,64,0,0,0,13.003913212998668,826,-21.888,-0.2835,0.18963831867057673,12.3,42,1,591,29
sweep-29,64,0,0,0,13.042908278999676,815,-21.888,-0.288,0.1739980449657869,12.3,42,1,591,29
sweep-29,64,0,0,0,13.083901602998594,806,-19.152,-0.3015,0.1798631476050831,12.3,42,1,591,29
sweep-29,64,0,0,0,13.122897334998925,795,-21.888,-0.26999999999999996,0.15835777126099707,12.3,42,1,591,29
sweep-29,64,0,0,0,13.160910429000069,788,-16.416,-0.2835,0.20039100684261973,12.3,42,1,591,29
sweep-29,64,0,0,0,13.198918781999964,777,-21.888,-0.27449999999999997,0.1739980449657869,12.3,42,1,591,29
sweep-29,64,0,0,0,13.235914330000014,769,-16.416,-0.297,0.20039100684261973,12.3,42,1,591,29
sweep-29,64,0,0,0,13.271927498999503,759,-21.888,-0.2565,0.1739980449657869,12.3,42,1,591,29
sweep-29,64,0,0,0,13.309939722999843,750,-19.152,-0.3015,0.1798631476050831,12.3,42,1,591,29
sweep-29,64,0,0,0,13.346935807998307,741,-21.888,-0.27449999999999997,0.18963831867057673,12.3,42,1,591,29
sweep-29,64,0,0,0,13.385959132998323,731,-19.152,-0.306,0.1798631476050831,12.3,42,1,591,29
sweep-29,64,0,0,0,13.42693999399853,722,-19.152,-0.252,0.19550342130987292,12.3,42,1,591,29
sweep-29,64,0,0,0,13.465973966998718,712,-16.416,-0.26999999999999996,0.20039100684261973,12.3,42,1,591,29
sweep-29,64,0,0,0,13.503957506000006,704,-19.152,-0.243,0.19550342130987292,12.3,42,1,591,29
sweep-29,64,0,0,0,13.539968692999537,694,-21.888,-0.26549999999999996,0.1739980449657869,12.3,42,1,591,29
sweep-29,64,0,0,0,13.575963213999785,687,-16.416,-0.27899999999999997,0.21603128054740958,12.3,42,1,591,29
sweep-29,64,0,0,0,13.613973140998496,676,-24.624000000000002,-0.27449999999999997,0.1681329423264907,12.3,42,1,591,29
sweep-29,64,0,0,0,13.654974149998452,667,-16.416,-0.26099999999999995,0.20039100684261973,12.3,42,1,591,26
sweep-29,64,0,0,0,13.69097422699997,657,-21.888,-0.22499999999999998,0.15835777126099707,12.3,42,1,591,24
sweep-29,64,0,0,0,13.72998586599897,649,-10.944,-0.2385,0.19648093841642228,12.3,42,1,591,22
sweep-29,64,0,0,0,13.770994134998546,640,-19.152,-0.17099999999999999,0.14858260019550343,12.3,42,1,591,20
sweep-29,64,0,0,0,13.810002218999216,633,-13.680000000000001,-0.207,0.15933528836754643,12.1,42,1,591,18
sweep-29,64,0,0,0,13.850001552998947,628,-10.944,-0.243,0.18084066471163246,12.1,42,1,591,16
sweep-29,64,0,0,0,13.891008394999517,623,-8.208,-0.252,0.18670576735092864,12.1,42,1,591,14
sweep-29,64,0,0,0,13.93372385099974,618,-10.944,-0.19799999999999998,0.18084066471163246,12.3,42,1,591,12
sweep-29,64,0,0,0,13.97203694199925,612,-10.944,-0.2115,0.1495601173020528,12.3,42,1,591,10
sweep-29,64,0,0,0,14.012038571998346,609,-5.472,-0.19349999999999998,0.16129032258064516,12.3,42,1,591,8
sweep-29,64,0,0,0,14.052042979999896,607,0.0,-0.26099999999999995,0.187683284457478,12.3,42,1,2475,1
sweep-29,64,0,0,0,14.095053709999775,607,0.0,-0.34199999999999997,0.21896383186705767,12.3,42,1,2475,3
sweep-29,64,0,0,0,14.135073487999762,609,0.0,-0.38249999999999995,0.23460410557184752,12.3,42,1,2475,5
sweep-29,64,0,0,0,14.17514461799874,610,0.0,-0.3015,0.21896383186705767,12.1,42,1,2475,7
sweep-29,64,0,0,0,14.216439308998815,610,0.0,-0.19349999999999998,0.17204301075268819,12.1,42,1,2475,9
sweep-29,64,0,0,0,14.256120682999608,610,0.0,-0.0765,0.12512218963831867,12.1,42,1,2475,11
sweep-29,64,0,0,0,14.296133720999933,610,0.0,-0.0045,0.06256109481915934,12.3,42,1,2475,13
sweep-29,64,0,0,0,14.336114813999302,610,0.0,0.0,0.015640273704789834,12.3,42,1,2475,15
sweep-29,64,0,0,0,14.373103491998336,610,0.0,0.0765,0.093841642228739,12.3,42,1,2475,17
sweep-29,64,0,0,0,14.41010072499921,610,0.0,0.22499999999999998,0.17204301075268819,12.3,42,1,2475,19
sweep-29,64,0,0,0,14.4461252459987,610,0.0,0.37799999999999995,0.28152492668621704,12.3,42,1,2475,21
sweep-29,64,0,0,0,14.486189356999603,620,21.888,0.315,0.18963831867057673,12.3,42,1,2475,23
sweep-29,64,0,0,0,14.526123562000066,627,10.944,0.243,0.22776148582600195,12.3,42,1,2475,25
sweep-29,64,0,0,0,14.56613956199908,643,32.832,0.13499999999999998,0.056695992179863146,12.3,42,1,2475,27
sweep-29,64,0,0,0,14.606128821998936,645,0.0,0.423,0.25024437927663734,12.3,42,1,2475,29
sweep-29,64,0,0,0,14.64713821999976,653,21.888,0.31949999999999995,0.21505376344086022,12.3,42,1,2475,29
sweep-29,64,0,0,0,14.684162971998376,664,21.888,0.3015,0.20527859237536658,12.3,42,1,2475,29
sweep-29,64,0,0,0,14.722150324998438,672,16.416,0.297,0.2316715542521994,12.3,42,1,2475,29
sweep-29,64,0,0,0,14.762147973999163,689,35.568000000000005,0.144,0.08308895405669599,12.3,42,1,2475,29
sweep-29,64,0,0,0,14.798157641998841,694,8.208,0.27449999999999997,0.2179863147605083,12.3,42,1,2475,29
sweep-29,64,0,0,0,14.836173328998484,705,30.096000000000004,0.13949999999999999,0.12512218963831867,12.3,42,1,2475,29
sweep-29,64,0,0,0,14.874179014999754,713,13.680000000000001,0.2835,0.17497556207233628,12.3,42,1,2475,29
sweep-29,64,0,0,0,14.911203173998729,722,24.624000000000002,0.22499999999999998,0.15249266862170088,12.3,42,1,2475,29
sweep-29,64,0,0,0,14.94817651899939,732,21.888,0.23399999999999999,0.14271749755620725,12.3,42,1,2475,29
sweep-29,64,0,0,0,14.986192038999434,741,21.888,0.1845,0.14271749755620725,12.3,42,1,2475,29
sweep-29,64,0,0,0,15.02318684599959,750,16.416,0.297,0.16911045943304007,12.3,42,1,2475,29
sweep-29,64,0,0,0,15.060197838998647,751,0.0,0.4275,0.3128054740957967,12.3,42,1,2475,29
sweep-29,64,0,0,0,15.096226914998624,766,35.568000000000005,0.2835,0.14565004887585534,12.3,42,1,2475,29
sweep-29,64,0,0,0,15.135611439998684,773,13.680000000000001,0.39599999999999996,0.2375366568914956,12.3,42,1,2475,29
sweep-29,64,0,0,0,15.175214554999911,789,35.568000000000005,0.1755,0.09872922776148582,12.3,42,1,2475,29
sweep-29,64,0,0,0,15.21522449999975,798,13.680000000000001,0.243,0.15933528836754643,12.0,42,1,2475,29
sweep-29,64,0,0,0,15.254317823999372,809,27.360000000000003,0.126,0.11534701857282502,12.0,42,1,2475,29
sweep-29,64,0,0,0,15.290248252998936,813,0.0,0.33299999999999996,0.25024437927663734,12.0,42,1,2475,29
sweep-29,64,0,0,0,15.326221903998885,824,27.360000000000003,0.22499999999999998,0.16226783968719452,12.3,42,1,2475,29
sweep-29,64,0,0,0,15.36524067299979,832,16.416,0.3105,0.20039100684261973,12.3,42,1,2475,29
sweep-29,64,0,0,0,15.40524728499986,846,30.096000000000004,0.144,0.10948191593352884,12.3,42,1,2475,29
sweep-29,64,0,0,0,15.441286267998294,853,10.944,0.3465,0.19648093841642228,12.3,42,1,2475,29
sweep-29,64,0,0,0,15.478261982998447,856,8.208,0.32849999999999996,0.2805474095796676,12.3,42,1,2475,29
sweep-29,64,0,0,0,15.51626928099904,872,30.096000000000004,0.2565,0.14076246334310852,12.3,42,1,2475,29
sweep-29,64,0,0,0,15.553260809998392,877,10.944,0.34199999999999997,0.2434017595307918,12.3,42,1,2475,29
sweep-29,64,0,0,0,15.589275515998452,891,32.832,0.17099999999999999,0.11925708699902249,12.1,42,1,2475,29
sweep-29,64,0,0,0,15.627279813999849,899,10.944,0.2835,0.19648093841642228,12.1,42,1,2475,29
sweep-29,64,0,0,0,15.66428104699844,910,24.624000000000002,0.16649999999999998,0.13685239491691104,12.1,42,1,2475,29
sweep-29,64,0,0,0,15.700280826999006,918,13.680000000000001,0.306,0.17497556207233628,12.3,42,1,2475,29
sweep-29,64,0,0,0,15.736315773998285,924,16.416,0.252,0.21603128054740958,12.3,42,1,2475,29
sweep-29,64,0,0,0,15.775302690999524,936,19.152,0.297,0.1798631476050831,12.3,42,1,2475,29
sweep-29,64,0,0,0,15.81531280299896,947,24.624000000000002,0.17099999999999999,0.15249266862170088,12.3,42,1,2475,29
sweep-29,64,0,0,0,15.855308025998966,958,19.152,0.23399999999999999,0.14858260019550343,12.3,42,1,2475,29
sweep-29,64,0,0,0,15.893331526998736,964,19.152,0.2115,0.1798631476050831,12.3,42,1,2475,29
sweep-29,64,0,0,0,15.92935834399941,975,21.888,0.243,0.14271749755620725,12.1,42,1,2475,29
sweep-29,64,0,0,0,15.966351502998805,981,13.680000000000001,0.2835,0.20625610948191594,12.1,42,1,2475,29
sweep-29,64,0,0,0,16.00534086499829,994,27.360000000000003,0.1755,0.13098729227761485,12.1,42,1,2475,29
sweep-29,64,0,0,0,16.041347959999257,1003,19.152,0.1755,0.14858260019550343,12.1,42,1,2475,29
sweep-29,64,0,0,0,16.078356340998653,1015,30.096000000000004,0.17099999999999999,0.07820136852394917,12.1,42,1,2475,29
sweep-29,64,0,0,0,16.117335814999024,1015,0.0,0.43199999999999994,0.28152492668621704,12.1,42,1,2475,29
sweep-29,64,0,0,0,16.15335668699845,1026,27.360000000000003,0.2835,0.1935483870967742,12.3,42,1,2475,29
sweep-29,64,0,0,0,16.19035982799869,1035,16.416,0.4095,0.2316715542521994,12.3,42,1,2475,29
sweep-29,64,0,0,0,16.226369922998856,1044,21.888,0.27449999999999997,0.2209188660801564,12.3,42,1,2475,29
sweep-29,64,0,0,0,16.263370396998653,1060,35.568000000000005,0.144,0.08308895405669599,12.3,42,1,2475,29
sweep-29,64,0,0,0,16.301680598999155,1065,10.944,0.2115,0.19648093841642228,12.3,42,1,2475,29
sweep-29,64,0,0,0,16.337391492999814,1078,30.096000000000004,0.144,0.093841642228739,12.3,42,1,2475,29
sweep-29,64,0,0,0,16.374389484999483,1083,8.208,0.306,0.2179863147605083,12.3,42,1,2475,29
sweep-29,64,0,0,0,16.410388116999457,1093,24.624000000000002,0.22949999999999998,0.1681329423264907,12.3,42,1,2475,29
sweep-29,64,0,0,0,16.44739544299955,1102,19.152,0.207,0.1798631476050831,12.3,42,1,2475,29
sweep-29,64,0,0,0,16.483400870998594,1115,30.096000000000004,0.153,0.093841642228739,12.3,42,1,2475,29
sweep-29,64,0,0,0,16.731432295999184,1174,19.152,0.18,0.14858260019550343,12.1,42,1,2475,29
sweep-29,64,0,0,0,16.769435334999798,1184,19.152,0.26099999999999995,0.14858260019550343,12.1,42,1,2475,29
sweep-29,64,0,0,0,16.805465928999183,1188,10.944,0.31949999999999995,0.2434017595307918,12.1,42,1,2475,29
sweep-29,64,0,0,0,16.84244562599997,1199,21.888,0.3465,0.18963831867057673,12.3,42,1,2475,29
sweep-29,64,0,0,0,16.878481367999484,1207,16.416,0.3015,0.21603128054740958,12.3,42,1,2475,29
sweep-29,64,0,0,0,16.91446125999937,1221,32.832,0.144,0.10361681329423265,12.3,42,1,2475,29
sweep-29,64,0,0,0,16.952466576000006,1227,8.208,0.252,0.20234604105571846,12.3,42,1,2475,29
sweep-29,64,0,0,0,16.988495244999285,1238,27.360000000000003,0.20249999999999999,0.15249266862170088,12.3,42,1,2475,29
sweep-29,64,0,0,0,17.02548960799868,1245,13.680000000000001,0.288,0.20625610948191594,12.3,42,1,2475,29
sweep-29,64,0,0,0,17.063518052998916,1255,21.888,0.26099999999999995,0.1739980449657869,12.3,42,1,2475,29
sweep-29,64,0,0,0,17.099495036998633,1265,19.152,0.2565,0.16422287390029325,12.3,42,1,2475,29
sweep-29,64,0,0,0,17.139534314999764,1277,24.624000000000002,0.16649999999999998,0.12121212121212122,12.3,42,1,2475,29
sweep-29,64,0,0,0,17.180531194999276,1284,8.208,0.44099999999999995,0.20234604105571846,12.3,42,1,2475,29
sweep-29,64,0,0,0,17.22352710999985,1292,21.888,0.288,0.2209188660801564,12.3,42,1,2475,29
sweep-29,64,0,0,0,17.260539176999373,1302,16.416,0.4185,0.21603128054740958,12.3,42,1,2475,29
sweep-29,64,0,0,0,17.29754113299896,1310,19.152,0.33749999999999997,0.22678396871945258,12.3,42,1,2475,29
sweep-29,64,0,0,0,17.33553517099972,1326,32.832,0.13949999999999999,0.10361681329423265,12.3,42,1,2475,29
sweep-29,64,0,0,0,17.372525218999726,1332,8.208,0.22499999999999998,0.20234604105571846,12.3,42,1,2475,29
sweep-29,64,0,0,0,17.40854283199951,1344,27.360000000000003,0.17099999999999999,0.11534701857282502,12.3,42,1,2475,29
sweep-29,64,0,0,0,17.446533018999617,1350,10.944,0.26099999999999995,0.19648093841642228,12.3,42,1,2475,29
sweep-29,64,0,0,0,17.482552298999508,1360,24.624000000000002,0.22949999999999998,0.1681329423264907,12.3,42,1,2475,29
sweep-29,64,0,0,0,17.522546299998794,1369,13.680000000000001,0.27899999999999997,0.20625610948191594,12.3,42,1,2475,29
sweep-29,64,0,0,0,17.562556799999584,1383,30.096000000000004,0.153,0.10948191593352884,12.3,42,1,2475,29
sweep-29,64,0,0,0,17.60056939399874,1389,10.944,0.26549999999999996,0.19648093841642228,12.3,42,1,2475,29
sweep-29,64,0,0,0,17.639559070999894,1400,27.360000000000003,0.22499999999999998,0.13098729227761485,12.3,42,1,2475,29
sweep-29,64,0,0,0,17.67656271099986,1408,13.680000000000001,0.297,0.20625610948191594,12.1,42,1,2475,29
sweep-29,64,0,0,0,17.712587490999795,1418,24.624000000000002,0.22049999999999997,0.1681329423264907,12.1,42,1,2475,29
sweep-29,64,0,0,0,17.7495750399994,1428,19.152,0.22499999999999998,0.16422287390029325,12.1,42,1,2475,29
sweep-29,64,0,0,0,17.786587587999747,1438,21.888,0.1755,0.14271749755620725,12.1,42,1,2475,29
sweep-29,64,0,0,0,17.823583820998465,1448,21.888,0.207,0.1270772238514174,12.1,42,1,2475,29
sweep-29,64,0,0,0,17.85959354499937,1452,8.208,0.3015,0.24926686217008798,12.1,42,1,2475,29
sweep-29,64,0,0,0,17.89660811199974,1464,27.360000000000003,0.2565,0.1466275659824047,12.3,42,1,2475,29
sweep-29,64,0,0,0,17.935604806998526,1470,10.944,0.3465,0.2434017595307918,12.3,42,1,2475,29
sweep-29,64,0,0,0,17.971597420999387,1484,30.096000000000004,0.20249999999999999,0.12512218963831867,12.3,42,1,2475,29
sweep-29,64,0,0,0,18.00861724599963,1493,19.152,0.18899999999999997,0.14858260019550343,12.1,42,1,2475,29
sweep-29,64,0,0,0,18.045620145998328,1504,24.624000000000002,0.144,0.12121212121212122,12.1,42,1,2475,29
sweep-29,64,0,0,0,18.082624453998505,1510,8.208,0.2925,0.20234604105571846,12.1,42,1,2475,29
sweep-29,64,0,0,0,18.11962411299828,1517,16.416,0.2835,0.21603128054740958,12.1,42,1,2475,29
sweep-29,64,0,0,0,18.155647855999632,1527,19.152,0.3465,0.19550342130987292,12.1,42,1,2475,29
sweep-29,64,0,0,0,18.191653598998528,1534,16.416,0.32849999999999996,0.2316715542521994,12.1,42,1,2475,29
sweep-29,64,0,0,0,18.22965010000007,1550,30.096000000000004,0.1755,0.10948191593352884,12.1,42,1,2475,29
sweep-29,64,0,0,0,18.265648916998543,1559,19.152,0.13949999999999999,0.14858260019550343,12.3,42,1,2475,29
sweep-29,64,0,0,0,18.302645465999376,1570,24.624000000000002,0.1575,0.08993157380254155,12.3,42,1,2475,29
sweep-29,64,0,0,0,18.33866309699988,1571,0.0,0.49049999999999994,0.28152492668621704,12.3,42,1,2475,29
sweep-29,64,0,0,0,18.377658718998646,1579,21.888,0.40499999999999997,0.25219941348973607,12.3,42,1,2475,29
sweep-29,64,0,0,0,18.414682932998403,1590,21.888,0.43649999999999994,0.2209188660801564,12.3,42,1,2475,29
sweep-29,64,0,0,0,18.45069082400005,1600,24.624000000000002,0.315,0.19941348973607037,12.3,42,1,2475,29
sweep-29,64,0,0,0,18.486709455999517,1615,35.568000000000005,0.1485,0.08308895405669599,12.3,42,1,2475,29
sweep-29,64,0,0,0,18.52567420699961,1621,10.944,0.21599999999999997,0.19648093841642228,12.3,42,1,2475,29
sweep-29,64,0,0,0,18.56171037599961,1633,27.360000000000003,0.207,0.11534701857282502,12.3,42,1,2475,29
sweep-29,64,0,0,0,18.598709534999216,1638,10.944,0.3015,0.21212121212121213,12.3,42,1,2475,29
sweep-29,64,0,0,0,18.634725666999657,1647,21.888,0.3105,0.18963831867057673,12.3,42,1,2475,29
sweep-29,64,0,0,0,18.670717039998635,1655,16.416,0.31949999999999995,0.21603128054740958,12.3,42,1,2475,29
sweep-29,64,0,0,0,18.7067235229988,1669,30.096000000000004,0.2115,0.12512218963831867,12.3,42,1,2475,29
sweep-29,64,0,0,0,18.74272574799943,1678,19.152,0.18,0.14858260019550343,12.3,42,1,2475,29
sweep-29,64,0,0,0,18.781717665999167,1688,21.888,0.17099999999999999,0.14271749755620725,12.3,42,1,2475,29
sweep-29,64,0,0,0,18.817752370998278,1696,16.416,0.2565,0.16911045943304007,12.3,42,1,2475,29
sweep-29,64,0,0,0,18.85473391999949,1703,16.416,0.26099999999999995,0.20039100684261973,12.3,42,1,2475,29
sweep-29,64,0,0,0,18.890735810999104,1713,19.152,0.26549999999999996,0.1798631476050831,12.3,42,1,2475,29
sweep-29,64,0,0,0,18.926737997999226,1721,21.888,0.21599999999999997,0.18963831867057673,12.3,42,1,2475,29
sweep-29,64,0,0,0,18.96275307399992,1734,24.624000000000002,0.20249999999999999,0.13685239491691104,12.3,42,1,2475,29
sweep-29,64,0,0,0,18.998773687999346,1742,19.152,0.207,0.16422287390029325,12.3,42,1,2475,29
sweep-29,64,0,0,0,19.036771873999896,1752,21.888,0.21599999999999997,0.14271749755620725,12.3,42,1,2475,29
sweep-29,64,0,0,0,19.073768255999312,1759,10.944,0.2835,0.21212121212121213,12.3,42,1,2475,29
sweep-29,64,0,0,0,19.110768710999764,1768,21.888,0.2565,0.18963831867057673,12.3,42,1,2475,29
sweep-29,64,0,0,0,19.14676671399866,1777,19.152,0.34199999999999997,0.19550342130987292,12.3,42,1,2475,29
sweep-29,64,0,0,0,19.18578859399895,1788,24.624000000000002,0.22949999999999998,0.1681329423264907,12.3,42,1,2475,29
sweep-29,64,0,0,0,19.225845056998878,1799,19.152,0.20249999999999999,0.16422287390029325,12.3,42,1,2475,29
sweep-29,64,0,0,0,19.264822807999735,1808,19.152,0.1845,0.16422287390029325,12.3,42,1,2475,29
sweep-29,64,0,0,0,19.30380489199888,1818,19.152,0.23399999999999999,0.16422287390029325,12.3,42,1,2475,29
sweep-29,64,0,0,0,19.3398110979997,1825,16.416,0.3105,0.20039100684261973,12.3,42,1,2475,29
sweep-29,64,0,0,0,19.37681633199827,1835,21.888,0.27899999999999997,0.1739980449657869,12.3,42,1,2475,29
sweep-29,64,0,0,0,19.413821027999802,1843,19.152,0.2925,0.19550342130987292,12.3,42,1,2475,29
sweep-29,64,0,0,0,19.450830390998817,1855,24.624000000000002,0.207,0.13685239491691104,12.3,42,1,2475,29
sweep-29,64,0,0,0,19.486827392998748,1863,16.416,0.2385,0.16911045943304007,12.3,42,1,2475,29
sweep-29,64,0,0,0,19.522838746999696,1873,24.624000000000002,0.27449999999999997,0.13685239491691104,12.3,42,1,2475,29
sweep-29,64,0,0,0,19.558855248998952,1879,13.680000000000001,0.315,0.20625610948191594,12.3,42,1,2475,29
sweep-29,64,0,0,0,19.596841453998422,1888,21.888,0.252,0.20527859237536658,12.3,42,1,2475,29
sweep-29,64,0,0,0,19.63287764099914,1898,19.152,0.27449999999999997,0.19550342130987292,12.3,42,1,2475,29
sweep-29,64,0,0,0,19.669866189999084,1907,19.152,0.21599999999999997,0.19550342130987292,12.3,42,1,2475,29
sweep-29,64,0,0,0,19.710879587999443,1920,21.888,0.19799999999999998,0.14271749755620725,12.3,42,1,2475,29
sweep-29,64,0,0,0,19.74688107199836,1927,16.416,0.21599999999999997,0.18475073313782991,12.3,42,1,2475,29
sweep-29,64,0,0,0,19.785871434,1938,21.888,0.252,0.15835777126099707,12.4,42,1,2475,29
sweep-29,64,0,0,0,19.825895248999586,1945,13.680000000000001,0.306,0.22189638318670576,12.4,42,1,2475,29
sweep-29,64,0,0,0,19.864914036999835,1957,24.624000000000002,0.252,0.1681329423264907,12.1,42,1,2475,29
sweep-29,64,0,0,0,19.902908648999073,1965,19.152,0.27899999999999997,0.19550342130987292,12.1,42,1,2475,29
sweep-29,64,0,0,0,19.941895140998895,1977,21.888,0.20249999999999999,0.14271749755620725,12.1,42,1,2475,29
sweep-29,64,0,0,0,19.977910679999695,1985,13.680000000000001,0.207,0.1906158357771261,12.1,42,1,2475,29
sweep-29,64,0,0,0,20.014906042999428,1994,19.152,0.2385,0.1798631476050831,12.3,42,1,2475,29
sweep-29,64,0,0,0,20.05293785899994,2002,13.680000000000001,0.33749999999999997,0.20625610948191594,12.3,42,1,2475,29
sweep-29,64,0,0,0,20.089927740998974,2012,21.888,0.27449999999999997,0.18963831867057673,12.3,42,1,2475,29
sweep-29,64,0,0,0,20.126934158999575,2021,19.152,0.26099999999999995,0.1798631476050831,12.3,42,1,2475,29
sweep-29,64,0,0,0,20.16593224299868,2032,21.888,0.22049999999999997,0.15835777126099707,12.3,42,1,2475,29
sweep-29,64,0,0,0,20.201947022998866,2043,21.888,0.2115,0.1270772238514174,12.3,42,1,2475,29
sweep-29,64,0,0,0,20.238961829998516,2050,13.680000000000001,0.22049999999999997,0.1906158357771261,12.1,42,1,2475,29
sweep-29,64,0,0,0,20.27695614699951,2060,21.888,0.2835,0.1739980449657869,12.1,42,1,2475,29
sweep-29,64,0,0,0,20.312963518999823,2067,13.680000000000001,0.32849999999999996,0.22189638318670576,12.1,42,1,2475,29
sweep-29,64,0,0,0,20.350964390998342,2078,24.624000000000002,0.22949999999999998,0.1681329423264907,12.3,42,1,2475,29
sweep-29,64,0,0,0,20.386967152999205,2088,19.152,0.252,0.1798631476050831,12.3,42,1,2475,29
sweep-29,64,0,0,0,20.426968115998534,2099,24.624000000000002,0.207,0.15249266862170088,12.3,42,1,2475,29
sweep-29,64,0,0,0,20.46699226399869,2108,13.680000000000001,0.2565,0.17497556207233628,12.3,42,1,2475,29
sweep-29,64,0,0,0,20.507063411998388,2117,19.152,0.26999999999999996,0.1798631476050831,12.3,42,1,2475,29
sweep-29,64,0,0,0,20.54406383099922,2125,16.416,0.351,0.20039100684261973,12.3,42,1,2475,29
sweep-29,64,0,0,0,20.579989425999884,2134,21.888,0.243,0.18963831867057673,12.2,42,1,2475,29
sweep-29,64,0,0,0,20.617067825998674,2145,21.888,0.22499999999999998,0.1739980449657869,12.2,42,1,2475,29
sweep-29,64,0,0,0,20.653072049999537,2154,19.152,0.23399999999999999,0.1798631476050831,12.2,42,1,2475,29
sweep-29,64,0,0,0,20.689068496998516,2164,21.888,0.207,0.14271749755620725,12.2,42,1,2475,29
sweep-29,64,0,0,0,20.72506260999944,2171,13.680000000000001,0.252,0.20625610948191594,12.2,42,1,2475,29
sweep-29,64,0,0,0,20.763061390000075,2182,21.888,0.2925,0.15835777126099707,12.2,42,1,2475,29
sweep-29,64,0,0,0,20.80406217699965,2189,13.680000000000001,0.33299999999999996,0.22189638318670576,12.3,42,1,2475,29
sweep-29,64,0,0,0,20.841075520998857,2200,24.624000000000002,0.26549999999999996,0.1681329423264907,12.3,42,1,2475,29
sweep-29,64,0,0,0,20.87908013299966,2210,21.888,0.2925,0.1739980449657869,12.3,42,1,2475,29
sweep-29,64,0,0,0,20.916087458999755,2220,21.888,0.22949999999999998,0.15835777126099707,12.3,42,1,2475,29
sweep-29,64,0,0,0,20.952061757998308,2229,19.152,0.26549999999999996,0.16422287390029325,12.3,42,1,2475,29
sweep-29,64,0,0,0,20.99007966699901,2237,16.416,0.26549999999999996,0.18475073313782991,12.3,42,1,2475,29
sweep-29,64,0,0,0,21.027069992998804,2246,19.152,0.315,0.19550342130987292,12.3,42,1,2475,29
sweep-29,64,0,0,0,21.066089650999857,2256,19.152,0.306,0.19550342130987292,12.3,42,1,2475,29
sweep-29,64,0,0,0,21.107095974999538,2267,21.888,0.252,0.1739980449657869,12.3,42,1,2475,29
sweep-29,64,0,0,0,21.146078910998767,2277,19.152,0.22499999999999998,0.1798631476050831,12.3,42,1,2475,29
sweep-29,64,0,0,0,21.184083837999424,2288,24.624000000000002,0.207,0.13685239491691104,12.3,42,1,2475,29
sweep-29,64,0,0,0,21.220094766998955,2294,13.680000000000001,0.27449999999999997,0.20625610948191594,12.3,42,1,2475,29
sweep-29,64,0,0,0,21.25710801799869,2303,19.152,0.288,0.19550342130987292,12.3,42,1,2475,29
sweep-29,64,0,0,0,21.29312994599968,2310,16.416,0.288,0.21603128054740958,12.3,42,1,2475,29
sweep-29,64,0,0,0,21.329143188999296,2320,21.888,0.3015,0.18963831867057673,12.3,42,1,2475,29
sweep-29,64,0,0,0,21.36955761199897,2330,19.152,0.27899999999999997,0.19550342130987292,12.3,42,1,2475,29
sweep-29,64,0,0,0,21.408140051999,2341,21.888,0.243,0.15835777126099707,12.3,42,1,2475,29
sweep-29,64,0,0,0,21.444136590998824,2351,19.152,0.23399999999999999,0.16422287390029325,12.3,42,1,2475,29
sweep-29,64,0,0,0,21.481142360999,2358,16.416,0.26549999999999996,0.20039100684261973,12.3,42,1,2475,29
sweep-29,64,0,0,0,21.519150251999235,2368,19.152,0.27899999999999997,0.1798631476050831,12.3,42,1,2475,29
sweep-29,64,0,0,0,21.55615570699956,2376,16.416,0.2835,0.21603128054740958,12.3,42,1,2475,29
sweep-29,64,0,0,0,21.593154700000014,2387,24.624000000000002,0.26099999999999995,0.15249266862170088,12.3,42,1,2475,29
sweep-29,64,0,0,0,21.632183209998402,2396,19.152,0.252,0.1798631476050831,12.3,42,1,2475,27
sweep-29,64,0,0,0,21.668168341999262,2407,24.624000000000002,0.18,0.13685239491691104,12.3,42,1,2475,25
sweep-29,64,0,0,0,21.708161323998866,2415,16.416,0.2385,0.15347018572825025,12.3,42,1,2475,23
sweep-29,64,0,0,0,21.748197805000018,2421,13.680000000000001,0.243,0.1906158357771261,12.3,42,1,2475,21
sweep-29,64,0,0,0,21.787180407998676,2428,13.680000000000001,0.26999999999999996,0.1906158357771261,12.3,42,1,2475,19
sweep-29,64,0,0,0,21.828188991999923,2434,10.944,0.26099999999999995,0.19648093841642228,12.3,42,1,2475,17
sweep-29,64,0,0,0,21.86819621399991,2441,13.680000000000001,0.19799999999999998,0.17497556207233628,12.3,42,1,2475,15
sweep-29,64,0,0,0,21.908198843999344,2448,13.680000000000001,0.1575,0.1436950146627566,12.3,42,1,2475,13
sweep-29,64,0,0,0,21.948213492998548,2452,5.472,0.22049999999999997,0.16129032258064516,12.3,42,1,2475,11
sweep-29,64,0,0,0,21.988213196998913,2451,0.0,0.38249999999999995,0.23460410557184752,12.3,42,1,591,2
sweep-29,64,0,0,0,22.0252151529985,2452,0.0,0.38699999999999996,0.25024437927663734,12.3,42,1,591,4
sweep-29,64,0,0,0,22.061245468999914,2454,5.472,0.3015,0.20821114369501467,12.3,42,1,591,6
sweep-29,64,0,0,0,22.101255246998335,2453,0.0,0.19349999999999998,0.20332355816226785,12.3,42,1,591,8
sweep-29,64,0,0,0,22.14524348699888,2453,0.0,0.13049999999999998,0.15640273704789834,12.3,42,1,591,10
sweep-29,64,0,0,0,22.18224551699859,2453,0.0,0.0315,0.093841642228739,12.3,42,1,591,12
sweep-29,64,0,0,0,22.222239868999168,2453,0.0,0.0,0.03128054740957967,12.3,42,1,591,14
sweep-29,64,0,0,0,22.262268165999558,2453,0.0,-0.018,0.0469208211143695,12.3,42,1,591,16
sweep-29,64,0,0,0,22.30126776799989,2453,0.0,-0.16199999999999998,0.14076246334310852,12.3,42,1,591,18
sweep-29,64,0,0,0,22.34228125899972,2453,0.0,-0.34199999999999997,0.23460410557184752,12.3,42,1,591,20
sweep-29,64,0,0,0,22.381268231998547,2450,-8.208,-0.44099999999999995,0.2805474095796676,12.3,42,1,591,22
sweep-29,64,0,0,0,22.422291629998654,2439,-24.624000000000002,-0.2925,0.19941348973607037,12.3,42,1,591,24
sweep-29,64,0,0,0,22.462266352998995,2426,-27.360000000000003,-0.1215,0.11534701857282502,12.1,42,1,591,26
sweep-29,64,0,0,0,22.502316445999895,2413,-24.624000000000002,-0.09449999999999999,0.05865102639296188,12.1,42,1,591,28
sweep-29,64,0,0,0,22.542304723998313,2409,-5.472,-0.26099999999999995,0.19257086999022482,12.1,42,1,591,29
sweep-29,64,0,0,0,22.580312521999076,2404,-10.944,-0.43199999999999994,0.2434017595307918,12.3,42,1,591,29
sweep-29,64,0,0,0,22.61630713499835,2395,-19.152,-0.369,0.22678396871945258,12.3,42,1,591,29
sweep-29,64,0,0,0,22.65230611900006,2386,-19.152,-0.32849999999999996,0.22678396871945258,12.3,42,1,591,29
sweep-29,64,0,0,0,22.691313758999968,2371,-30.096000000000004,-0.20249999999999999,0.12512218963831867,12.1,42,1,591,29
sweep-29,64,0,0,0,22.727487369998926,2362,-16.416,-0.207,0.15347018572825025,12.1,42,1,591,29
sweep-29,64,0,0,0,22.766332752999006,2356,-13.680000000000001,-0.39149999999999996,0.22189638318670576,12.1,42,1,591,29
sweep-29,64,0,0,0,22.804337105999366,2347,-21.888,-0.36,0.20527859237536658,12.3,42,1,591,29
sweep-29,64,0,0,0,22.84033840399934,2337,-21.888,-0.2835,0.18963831867057673,12.3,42,1,591,29
sweep-29,64,0,0,0,22.876346350998574,2326,-24.624000000000002,-0.20249999999999999,0.15249266862170088,12.3,42,1,591,29
sweep-29,64,0,0,0,22.914354648999506,2313,-27.360000000000003,-0.126,0.08406647116324535,12.3,42,1,591,29
sweep-29,64,0,0,0,22.95135502999983,2306,-10.944,-0.1845,0.1652003910068426,12.3,42,1,591,29
sweep-29,64,0,0,0,22.98737355099911,2302,-10.944,-0.32849999999999996,0.22776148582600195,12.3,42,1,591,29
sweep-29,64,0,0,0,23.02535997799896,2294,-19.152,-0.37799999999999995,0.22678396871945258,12.3,42,1,591,29
sweep-29,64,0,0,0,23.062370729998293,2285,-19.152,-0.31949999999999995,0.22678396871945258,12.3,42,1,591,29
sweep-29,64,0,0,0,23.09937396299938,2271,-30.096000000000004,-0.18899999999999997,0.12512218963831867,12.3,42,1,591,29
sweep-29,64,0,0,0,23.137393963999784,2259,-24.624000000000002,-0.1215,0.10557184750733138,12.3,42,1,591,29
sweep-29,64,0,0,0,23.17438328999924,2249,-21.888,-0.144,0.09579667644183773,12.3,42,1,591,29
sweep-29,64,0,0,0,23.21039242199913,2244,-10.944,-0.26099999999999995,0.18084066471163246,12.3,42,1,591,29
sweep-29,64,0,0,0,23.24641096099913,2239,-10.944,-0.37799999999999995,0.2434017595307918,12.3,42,1,591,29
sweep-29,64,0,0,0,23.28543826799978,2228,-19.152,-0.369,0.21114369501466276,12.3,42,1,591,29
sweep-29,64,0,0,0,23.33041181199951,2215,-27.360000000000003,-0.243,0.16226783968719452,12.3,42,1,591,29
sweep-29,64,0,0,0,23.366465498998878,2202,-27.360000000000003,-0.144,0.09970674486803519,12.3,42,1,591,29
sweep-29,64,0,0,0,23.40644733299996,2194,-16.416,-0.18,0.15347018572825025,12.3,42,1,591,29
sweep-29,64,0,0,0,23.4444662599999,2184,-21.888,-0.18,0.1270772238514174,12.3,42,1,591,29
sweep-29,64,0,0,0,23.48243235499831,2178,-10.944,-0.27899999999999997,0.21212121212121213,12.3,42,1,591,29
sweep-29,64,0,0,0,23.54342168799849,2162,-21.888,-0.297,0.1739980449657869,12.3,42,1,591,29
sweep-29,64,0,0,0,23.57945526399999,2152,-24.624000000000002,-0.22499999999999998,0.15249266862170088,12.3,42,1,591,29
sweep-29,64,0,0,0,23.61645270199915,2140,-27.360000000000003,-0.1845,0.09970674486803519,12.3,42,1,591,29
sweep-29,64,0,0,0,23.652454110999315,2133,-16.416,-0.20249999999999999,0.15347018572825025,12.3,42,1,591,29
sweep-29,64,0,0,0,23.688451872998485,2125,-19.152,-0.2835,0.16422287390029325,12.3,42,1,591,29
sweep-29,64,0,0,0,23.726451966998866,2116,-19.152,-0.22049999999999997,0.1798631476050831,12.1,42,1,591,29
sweep-29,64,0,0,0,23.762458301998777,2106,-21.888,-0.22499999999999998,0.15835777126099707,12.1,42,1,591,29
sweep-29,64,0,0,0,23.799457849998362,2097,-21.888,-0.21599999999999997,0.15835777126099707,12.1,42,1,591,29
sweep-29,64,0,0,0,23.83845737899901,2085,-24.624000000000002,-0.17099999999999999,0.10557184750733138,12.3,42,1,591,29
sweep-29,64,0,0,0,23.87445912199837,2077,-16.416,-0.207,0.15347018572825025,12.3,42,1,591,29
sweep-29,64,0,0,0,23.910473253999953,2071,-13.680000000000001,-0.288,0.1906158357771261,12.3,42,1,591,29
sweep-29,64,0,0,0,23.948482273999616,2063,-16.416,-0.31949999999999995,0.21603128054740958,12.3,42,1,591,29
sweep-29,64,0,0,0,23.98548309999933,2053,-21.888,-0.2925,0.18963831867057673,12.3,42,1,591,29
sweep-29,64,0,0,0,24.021493323998584,2041,-24.624000000000002,-0.22499999999999998,0.15249266862170088,12.3,42,1,591,29
sweep-29,64,0,0,0,24.059503787999347,2030,-24.624000000000002,-0.13949999999999999,0.14271749755620725,12.3,42,1,591,29
sweep-29,64,0,0,0,24.09550279099858,2019,-19.152,-0.16649999999999998,0.11730205278592376,12.3,42,1,591,29
sweep-29,64,0,0,0,24.135521105999942,2014,-10.944,-0.22049999999999997,0.21212121212121213,12.3,42,1,591,29
sweep-29,64,0,0,0,24.175505179999163,2004,-19.152,-0.37799999999999995,0.19550342130987292,12.3,42,1,591,29
sweep-29,64,0,0,0,24.213522199999716,1997,-16.416,-0.3555,0.2316715542521994,12.3,42,1,591,29
sweep-29,64,0,0,0,24.249520998999287,1985,-30.096000000000004,-0.2115,0.14076246334310852,12.3,42,1,591,29
sweep-29,64,0,0,0,24.286552879999363,1974,-21.888,-0.16649999999999998,0.14271749755620725,12.3,42,1,591,29
sweep-29,64,0,0,0,24.32554261199948,1961,-27.360000000000003,-0.09899999999999999,0.08406647116324535,12.3,42,1,591,29
sweep-29,64,0,0,0,24.361545762998503,1956,-8.208,-0.26549999999999996,0.18670576735092864,12.3,42,1,591,29
sweep-29,64,0,0,0,24.398548532999484,1949,-16.416,-0.3555,0.20039100684261973,12.3,42,1,591,29
sweep-29,64,0,0,0,24.43755187699935,1941,-16.416,-0.3735,0.2316715542521994,12.3,42,1,591,29
sweep-29,64,0,0,0,24.473575637999602,1933,-19.152,-0.315,0.24242424242424243,12.3,42,1,591,29
sweep-29,64,0,0,0,24.51057157499963,1920,-30.096000000000004,-0.18899999999999997,0.14076246334310852,12.3,42,1,591,29
sweep-29,64,0,0,0,24.546582687999035,1908,-24.624000000000002,-0.144,0.12121212121212122,12.3,42,1,591,29
sweep-29,64,0,0,0,24.58958004899978,1896,-19.152,-0.13499999999999998,0.10166177908113393,12.3,42,1,591,29
sweep-29,64,0,0,0,24.62659059699945,1892,-8.208,-0.2385,0.2179863147605083,12.3,42,1,591,29
sweep-29,64,0,0,0,24.662615542998537,1884,-19.152,-0.34199999999999997,0.19550342130987292,12.3,42,1,591,29
sweep-29,64,0,0,0,24.70158531299967,1877,-13.680000000000001,-0.414,0.25317693059628543,12.3,42,1,591,29
sweep-29,64,0,0,0,24.73761909299901,1865,-27.360000000000003,-0.27899999999999997,0.1935483870967742,12.3,42,1,591,29
sweep-29,64,0,0,0,24.77662895499998,1852,-24.624000000000002,-0.18,0.13685239491691104,12.4,42,1,591,29
sweep-29,64,0,0,0,24.816641677000007,1838,-27.360000000000003,-0.1215,0.06842619745845552,12.4,42,1,591,29
sweep-29,64,0,0,0,24.856622140998297,1833,-5.472,-0.27899999999999997,0.19257086999022482,12.4,42,1,591,29
sweep-29,64,0,0,0,24.894643900999654,1826,-16.416,-0.31949999999999995,0.20039100684261973,12.3,42,1,591,29
sweep-29,64,0,0,0,24.930658143999608,1819,-13.680000000000001,-0.423,0.25317693059628543,12.3,42,1,591,29
sweep-29,64,0,0,0,24.966644294998332,1811,-19.152,-0.351,0.24242424242424243,12.3,42,1,591,29
sweep-29,64,0,0,0,25.004641296000045,1797,-27.360000000000003,-0.22499999999999998,0.16226783968719452,12.1,42,1,591,29
sweep-29,64,0,0,0,25.040654668999196,1786,-24.624000000000002,-0.153,0.13685239491691104,12.1,42,1,591,29
sweep-29,64,0,0,0,25.077664494998317,1774,-24.624000000000002,-0.13499999999999998,0.08993157380254155,12.1,42,1,591,29
sweep-29,64,0,0,0,25.113655608000045,1770,-8.208,-0.26099999999999995,0.20234604105571846,12.3,42,1,591,29
sweep-29,64,0,0,0,25.150658618998932,1762,-19.152,-0.32849999999999996,0.19550342130987292,12.3,42,1,591,29
sweep-29,64,0,0,0,25.189675610999984,1755,-10.944,-0.4275,0.25317693059628543,12.3,42,1,591,29
sweep-29,64,0,0,0,25.229664018999756,1743,-27.360000000000003,-0.2925,0.1935483870967742,12.3,42,1,591,29
sweep-29,64,0,0,0,25.269674925999425,1730,-24.624000000000002,-0.1845,0.15249266862170088,12.3,42,1,591,29
sweep-29,64,0,0,0,25.30568815099832,1717,-27.360000000000003,-0.126,0.09970674486803519,12.3,42,1,591,29
sweep-29,64,0,0,0,25.342693994998626,1710,-13.680000000000001,-0.23399999999999999,0.15933528836754643,12.3,42,1,591,29
sweep-29,64,0,0,0,25.381682153998554,1703,-16.416,-0.2565,0.18475073313782991,12.3,42,1,591,29
sweep-29,64,0,0,0,25.41769298899999,1696,-13.680000000000001,-0.38249999999999995,0.2375366568914956,12.3,42,1,591,29
sweep-29,64,0,0,0,25.456705572998544,1687,-19.152,-0.36,0.24242424242424243,12.2,42,1,591,29
sweep-29,64,0,0,0,25.49771617499937,1673,-27.360000000000003,-0.243,0.16226783968719452,12.2,42,1,591,29
sweep-29,64,0,0,0,25.534802610998668,1662,-21.888,-0.16199999999999998,0.15835777126099707,12.2,42,1,591,29
sweep-29,64,0,0,0,25.57072118799988,1650,-24.624000000000002,-0.153,0.10557184750733138,12.2,42,1,591,29
sweep-29,64,0,0,0,25.61072454099849,1644,-10.944,-0.2115,0.19648093841642228,12.3,42,1,591,29
sweep-29,64,0,0,0,25.646727264998844,1636,-19.152,-0.2835,0.19550342130987292,12.3,42,1,591,29
sweep-29,64,0,0,0,25.68472721099897,1630,-10.944,-0.4095,0.2590420332355816,12.3,42,1,591,29
sweep-29,64,0,0,0,25.720739583999602,1619,-24.624000000000002,-0.315,0.19941348973607037,12.3,42,1,591,29
sweep-29,64,0,0,0,25.76074193599925,1607,-21.888,-0.252,0.1739980449657869,12.3,42,1,591,29
sweep-29,64,0,0,0,25.800743361998684,1593,-27.360000000000003,-0.11699999999999999,0.09970674486803519,12.3,42,1,591,29
sweep-29,64,0,0,0,25.840765158998693,1585,-10.944,-0.2565,0.1652003910068426,12.3,42,1,591,29
sweep-29,64,0,0,0,25.88075962199946,1577,-19.152,-0.26999999999999996,0.1798631476050831,12.3,42,1,591,29
sweep-29,64,0,0,0,25.917766355998538,1570,-13.680000000000001,-0.4185,0.22189638318670576,12.3,42,1,591,29
sweep-29,64,0,0,0,25.955793522998647,1562,-19.152,-0.33749999999999997,0.22678396871945258,12.3,42,1,591,29
sweep-29,64,0,0,0,25.991791969998303,1550,-24.624000000000002,-0.297,0.18377321603128055,12.3,42,1,591,29
sweep-29,64,0,0,0,26.028782091998437,1539,-27.360000000000003,-0.18,0.1466275659824047,12.3,42,1,591,29
sweep-29,64,0,0,0,26.066799278998587,1526,-24.624000000000002,-0.1485,0.10557184750733138,12.3,42,1,591,29
sweep-29,64,0,0,0,26.1037976969983,1520,-10.944,-0.207,0.19648093841642228,12.3,42,1,591,29
sweep-29,64,0,0,0,26.14379664199987,1511,-19.152,-0.32399999999999995,0.19550342130987292,12.3,42,1,591,29
sweep-29,64,0,0,0,26.183796327999517,1504,-13.680000000000001,-0.3735,0.25317693059628543,12.3,42,1,591,29
sweep-29,64,0,0,0,26.22381705099906,1492,-24.624000000000002,-0.288,0.19941348973607037,12.3,42,1,591,29
sweep-29,64,0,0,0,26.260831338999196,1482,-21.888,-0.2565,0.1739980449657869,12.3,42,1,591,29
sweep-29,64,0,0,0,26.296843507998346,1470,-27.360000000000003,-0.17099999999999999,0.11534701857282502,12.3,42,1,591,29
sweep-29,64,0,0,0,26.332825436998974,1461,-19.152,-0.22949999999999998,0.13294232649071358,12.3,42,1,591,29
sweep-29,64,0,0,0,26.370830455998657,1454,-16.416,-0.27899999999999997,0.18475073313782991,12.3,42,1,591,29
sweep-29,64,0,0,0,26.40684060700005,1446,-16.416,-0.351,0.20039100684261973,12.4,42,1,591,29
sweep-29,64,0,0,0,26.443832248000035,1439,-16.416,-0.3555,0.2316715542521994,12.4,42,1,591,29
sweep-29,64,0,0,0,26.479845749998276,1428,-24.624000000000002,-0.351,0.18377321603128055,12.4,42,1,591,29
sweep-29,64,0,0,0,26.516860278999957,1418,-24.624000000000002,-0.21599999999999997,0.1681329423264907,12.1,42,1,591,29
sweep-29,64,0,0,0,26.552852669999993,1405,-24.624000000000002,-0.17099999999999999,0.12121212121212122,12.1,42,1,591,29
sweep-29,64,0,0,0,26.58885922799891,1397,-16.416,-0.16649999999999998,0.15347018572825025,12.1,42,1,591,29
sweep-29,64,0,0,0,26.62586772099894,1388,-21.888,-0.18899999999999997,0.14271749755620725,12.3,42,1,591,29
sweep-29,64,0,0,0,26.66287249099878,1381,-13.680000000000001,-0.3015,0.20625610948191594,12.3,42,1,591,29
sweep-29,64,0,0,0,26.69987470599881,1372,-21.888,-0.297,0.18963831867057673,12.3,42,1,591,29
sweep-29,64,0,0,0,26.735875540998677,1364,-19.152,-0.288,0.21114369501466276,12.3,42,1,591,29
sweep-29,64,0,0,0,26.771873191999475,1354,-24.624000000000002,-0.22049999999999997,0.1681329423264907,12.1,42,1,591,29
sweep-29,64,0,0,0,26.80788163899888,1344,-19.152,-0.2565,0.1798631476050831,12.1,42,1,591,29
sweep-29,64,0,0,0,26.843887732999065,1334,-24.624000000000002,-0.153,0.15249266862170088,12.1,42,1,591,29
sweep-29,64,0,0,0,26.880910632999075,1325,-16.416,-0.22949999999999998,0.16911045943304007,12.1,42,1,591,29
sweep-29,64,0,0,0,26.917913162998957,1316,-19.152,-0.23399999999999999,0.16422287390029325,12.1,42,1,591,29
sweep-29,64,0,0,0,26.95490963699922,1307,-19.152,-0.26549999999999996,0.16422287390029325,12.1,42,1,591,29
sweep-29,64,0,0,0,26.990915119999045,1300,-16.416,-0.31949999999999995,0.20039100684261973,12.3,42,1,591,29
sweep-29,64,0,0,0,27.026955770999848,1290,-24.624000000000002,-0.2925,0.1681329423264907,12.3,42,1,591,29
sweep-29,64,0,0,0,27.064921382998364,1281,-19.152,-0.3015,0.19550342130987292,12.3,42,1,591,29
sweep-29,64,0,0,0,27.100928181998825,1271,-24.624000000000002,-0.20249999999999999,0.1681329423264907,12.3,42,1,591,29
sweep-29,64,0,0,0,27.137929618998896,1262,-16.416,-0.22499999999999998,0.18475073313782991,12.3,42,1,591,29
sweep-29,64,0,0,0,27.17594299099983,1251,-24.624000000000002,-0.21599999999999997,0.13685239491691104,12.3,42,1,591,29
sweep-29,64,0,0,0,27.211943936999887,1243,-16.416,-0.243,0.18475073313782991,12.3,42,1,591,29
sweep-29,64,0,0,0,27.24895591099994,1234,-19.152,-0.22049999999999997,0.16422287390029325,12.3,42,1,591,29
sweep-29,64,0,0,0,27.284979079999175,1226,-16.416,-0.26549999999999996,0.18475073313782991,12.3,42,1,591,29
sweep-29,64,0,0,0,27.32096545299828,1218,-16.416,-0.2835,0.20039100684261973,12.3,42,1,591,29
sweep-29,64,0,0,0,27.358964064998872,1207,-21.888,-0.26549999999999996,0.1739980449657869,12.3,42,1,591,29
sweep-29,64,0,0,0,27.39499280799828,1199,-16.416,-0.27899999999999997,0.20039100684261973,12.3,42,1,591,29
sweep-29,64,0,0,0,27.431983892998687,1188,-24.624000000000002,-0.26999999999999996,0.15249266862170088,12.3,42,1,591,29
sweep-29,64,0,0,0,27.467987617999825,1180,-16.416,-0.2925,0.18475073313782991,12.3,42,1,591,29
sweep-29,64,0,0,0,27.504004267999335,1171,-21.888,-0.21599999999999997,0.1739980449657869,12.3,42,1,591,29
sweep-29,64,0,0,0,27.543003925999074,1162,-16.416,-0.26999999999999996,0.20039100684261973,12.3,42,1,591,29
sweep-29,64,0,0,0,27.579053168999963,1152,-21.888,-0.24749999999999997,0.1739980449657869,12.3,42,1,591,29
sweep-29,64,0,0,0,27.616030051000052,1143,-21.888,-0.26999999999999996,0.1739980449657869,12.3,42,1,591,29
sweep-29,64,0,0,0,27.653026431999024,1135,-19.152,-0.252,0.19550342130987292,12.3,42,1,591,29
sweep-29,64,0,0,0,27.690029016999688,1124,-21.888,-0.27449999999999997,0.15835777126099707,12.3,42,1,591,29
sweep-29,64,0,0,0,27.726024519999555,1116,-19.152,-0.27899999999999997,0.1798631476050831,12.3,42,1,591,29
sweep-29,64,0,0,0,27.76202542899955,1106,-24.624000000000002,-0.22949999999999998,0.15249266862170088,12.3,42,1,591,29
sweep-29,64,0,0,0,27.800033652998536,1097,-16.416,-0.288,0.18475073313782991,12.4,42,1,591,29
sweep-29,64,0,0,0,27.838027209998472,1087,-24.624000000000002,-0.2565,0.15249266862170088,12.4,42,1,591,29
sweep-29,64,0,0,0,27.876038877999235,1079,-16.416,-0.306,0.18475073313782991,12.4,42,1,591,29
sweep-29,64,0,0,0,27.912037675998363,1069,-21.888,-0.22049999999999997,0.1739980449657869,12.3,42,1,591,29
sweep-29,64,0,0,0,27.949042464999366,1061,-16.416,-0.26099999999999995,0.20039100684261973,12.3,42,1,591,29
sweep-29,64,0,0,0,27.987062484999115,1052,-19.152,-0.26549999999999996,0.19550342130987292,12.3,42,1,591,29
sweep-29,64,0,0,0,28.024051514999883,1041,-19.152,-0.26099999999999995,0.1798631476050831,12.3,42,1,591,29
sweep-29,64,0,0,0,28.061071413998434,1034,-16.416,-0.24749999999999997,0.20039100684261973,12.3,42,1,591,29
sweep-29,64,0,0,0,28.09707552799955,1023,-21.888,-0.22499999999999998,0.1739980449657869,12.3,42,1,591,29
sweep-29,64,0,0,0,28.133080973999313,1015,-16.416,-0.26099999999999995,0.20625610948191594,12.3,42,1,591,29
sweep-29,64,0,0,0,28.171071327999016,1005,-21.888,-0.22499999999999998,0.1739980449657869,12.1,42,1,591,29
sweep-29,64,0,0,0,28.207075440999688,996,-16.416,-0.297,0.18475073313782991,12.1,42,1,591,29
sweep-29,64,0,0,0,28.245096998000008,987,-21.888,-0.22049999999999997,0.1739980449657869,12.1,42,1,591,29
sweep-29,64,0,0,0,28.281109351999476,978,-16.416,-0.32399999999999995,0.20039100684261973,12.1,42,1,591,29
sweep-29,64,0,0,0,28.320107954999912,969,-19.152,-0.288,0.19550342130987292,12.1,42,1,591,29
sweep-29,64,0,0,0,28.35911516899978,959,-19.152,-0.315,0.1798631476050831,12.1,42,1,591,29
sweep-29,64,0,0,0,28.399116038999637,949,-19.152,-0.2835,0.1798631476050831,12.3,42,1,591,29
sweep-29,64,0,0,0,28.437131632999808,939,-24.624000000000002,-0.26099999999999995,0.15249266862170088,12.3,42,1,591,29
sweep-29,64,0,0,0,28.476122661999398,931,-19.152,-0.31949999999999995,0.19550342130987292,12.3,42,1,591,29
sweep-29,64,0,0,0,28.512147052999353,921,-21.888,-0.2835,0.1739980449657869,12.3,42,1,591,29
sweep-29,64,0,0,0,28.549148063999382,913,-16.416,-0.2925,0.20039100684261973,12.3,42,1,591,29
sweep-29,64,0,0,0,28.58714569499898,903,-21.888,-0.22949999999999998,0.1739980449657869,12.3,42,1,591,29
sweep-29,64,0,0,0,28.624165890998484,894,-16.416,-0.26099999999999995,0.20039100684261973,12.3,42,1,591,29
sweep-29,64,0,0,0,28.66017061599996,884,-21.888,-0.21599999999999997,0.1739980449657869,12.3,42,1,591,29
sweep-29,64,0,0,0,28.69917627399991,875,-19.152,-0.27449999999999997,0.1798631476050831,12.3,42,1,591,29
sweep-29,64,0,0,0,28.73517246099982,866,-21.888,-0.252,0.18963831867057673,12.3,42,1,591,29
sweep-29,64,0,0,0,28.77218532400002,857,-19.152,-0.2835,0.1798631476050831,12.3,42,1,591,29
sweep-29,64,0,0,0,28.810180862999914,849,-16.416,-0.306,0.21603128054740958,12.3,42,1,591,29
sweep-29,64,0,0,0,28.846209901999828,837,-24.624000000000002,-0.26549999999999996,0.15249266862170088,12.3,42,1,591,29
sweep-29,64,0,0,0,28.88324793099855,830,-16.416,-0.306,0.20039100684261973,12.3,42,1,591,29
sweep-29,64,0,0,0,28.923000563998357,819,-21.888,-0.252,0.1739980449657869,12.3,42,1,591,29
sweep-29,64,0,0,0,28.95821831399917,811,-13.680000000000001,-0.26099999999999995,0.20625610948191594,12.2,42,1,591,29
sweep-29,64,0,0,0,28.997207379999963,800,-21.888,-0.22499999999999998,0.1739980449657869,12.2,42,1,591,29
sweep-29,64,0,0,0,29.037215528998786,791,-16.416,-0.33299999999999996,0.20039100684261973,12.2,42,1,591,29
sweep-29,64,0,0,0,29.07523249299993,782,-21.888,-0.252,0.18963831867057673,12.3,42,1,591,29
sweep-29,64,0,0,0,29.113227178999296,772,-16.416,-0.3015,0.18475073313782991,12.3,42,1,591,29
sweep-29,64,0,0,0,29.14923473699855,763,-21.888,-0.2565,0.18963831867057673,12.3,42,1,591,29
sweep-29,64,0,0,0,29.18627221099996,753,-21.888,-0.26099999999999995,0.1739980449657869,12.3,42,1,591,29
sweep-29,64,0,0,0,29.22224895399995,746,-16.416,-0.2925,0.21603128054740958,12.5,42,1,591,29
sweep-29,64,0,0,0,29.259258779999072,736,-21.888,-0.22499999999999998,0.1739980449657869,12.5,42,1,591,29
sweep-29,64,0,0,0,29.298276937999617,728,-16.416,-0.288,0.21603128054740958,12.5,42,1,591,29
sweep-29,64,0,0,0,29.3342716069983,717,-24.624000000000002,-0.22949999999999998,0.1681329423264907,12.3,42,1,591,29
sweep-29,64,0,0,0,29.371267099999386,709,-16.416,-0.2925,0.20039100684261973,12.3,42,1,591,29
sweep-29,64,0,0,0,29.40928374899886,701,-19.152,-0.2565,0.19550342130987292,12.3,42,1,591,29
sweep-29,64,0,0,0,29.44628596399889,690,-21.888,-0.27449999999999997,0.1739980449657869,12.3,42,1,591,29
sweep-29,64,0,0,0,29.483526379999603,682,-19.152,-0.252,0.19550342130987292,12.3,42,1,591,29
sweep-29,64,0,0,0,29.519286587999886,672,-21.888,-0.26549999999999996,0.1739980449657869,12.3,42,1,591,28
sweep-29,64,0,0,0,29.55929556999945,664,-16.416,-0.26099999999999995,0.20039100684261973,12.1,42,1,591,26
sweep-29,64,0,0,0,29.602529168998444,652,-21.888,-0.23399999999999999,0.14271749755620725,12.1,42,1,591,24
sweep-29,64,0,0,0,29.642341744998703,645,-13.680000000000001,-0.22499999999999998,0.17497556207233628,12.1,42,1,591,22
sweep-29,64,0,0,0,29.682323282999278,636,-19.152,-0.22049999999999997,0.13294232649071358,12.3,42,1,591,20
sweep-29,64,0,0,0,29.722328875999665,631,-10.944,-0.23399999999999999,0.18084066471163246,12.3,42,1,591,18
sweep-29,64,0,0,0,29.76232269100001,624,-16.416,-0.23399999999999999,0.15347018572825025,12.3,42,1,591,16
sweep-29,64,0,0,0,29.80133803499848,620,-10.944,-0.252,0.18084066471163246,12.3,42,1,591,14
sweep-29,64,0,0,0,29.83933416599939,614,-10.944,-0.22499999999999998,0.1495601173020528,12.3,42,1,591,12
sweep-29,64,0,0,0,29.876363120998576,610,-8.208,-0.18,0.15542521994134897,12.3,42,1,591,10
sweep-29,64,0,0,0,29.91536007600007,607,-8.208,-0.16199999999999998,0.15542521994134897,12.3,42,1,591,8
sweep-29,64,0,0,0,29.956364325998948,605,0.0,-0.26099999999999995,0.17204301075268819,12.3,42,1,2475,2
sweep-29,64,0,0,0,29.992396549998375,605,0.0,-0.26099999999999995,0.187683284457478,12.3,42,1,2475,4
sweep-29,64,0,0,0,30.032372605999626,607,0.0,-0.297,0.21896383186705767,12.3,42,1,2475,6
sweep-29,64,0,0,0,30.07239414399919,607,0.0,-0.19349999999999998,0.17204301075268819,12.3,42,1,2475,8
sweep-29,64,0,0,0,30.111416838999503,607,0.0,-0.1035,0.14076246334310852,12.3,42,1,2475,10
sweep-29,64,0,0,0,30.151395598999443,608,0.0,-0.013499999999999998,0.093841642228739,12.3,42,1,2475,12
sweep-29,64,0,0,0,30.19140545099981,607,0.0,0.0,0.015640273704789834,12.3,42,1,2475,14
sweep-29,64,0,0,0,30.232401607998327,607,0.0,0.0315,0.06256109481915934,12.3,42,1,2475,16
sweep-29,64,0,0,0,30.273412043999997,607,0.0,0.19349999999999998,0.15640273704789834,12.3,42,1,2475,18
sweep-29,64,0,0,0,30.31341161799901,607,0.0,0.38249999999999995,0.25024437927663734,12.3,42,1,2475,20
sweep-29,64,0,0,0,30.353418506998423,613,13.680000000000001,0.32849999999999996,0.2375366568914956,12.3,42,1,2475,22
sweep-29,64,0,0,0,30.393423914998493,623,16.416,0.3015,0.20039100684261973,12.3,42,1,2475,24
sweep-29,64,0,0,0,30.434414164999907,635,27.360000000000003,0.11699999999999999,0.11534701857282502,12.3,42,1,2475,26
sweep-29,64,0,0,0,30.474437850998584,645,16.416,0.22499999999999998,0.12218963831867058,12.3,42,1,2475,28
sweep-29,64,0,0,0,30.514418314998693,646,0.0,0.36,0.28152492668621704,12.3,42,1,2475,29
sweep-29,64,0,0,0,30.550419945999238,657,24.624000000000002,0.288,0.19941348973607037,12.3,42,1,2475,29
sweep-29,64,0,0,0,30.586455373999343,666,16.416,0.44099999999999995,0.21603128054740958,12.3,42,1,2475,29
sweep-29,64,0,0,0,30.62445398699856,677,24.624000000000002,0.243,0.18377321603128055,12.3,42,1,2475,29
sweep-29,64,0,0,0,30.66445417199975,692,27.360000000000003,0.19799999999999998,0.09970674486803519,12.3,42,1,2475,29
sweep-29,64,0,0,0,30.704446802999882,697,10.944,0.23399999999999999,0.21212121212121213,12.3,42,1,2475,29
sweep-29,64,0,0,0,30.744445487998746,710,27.360000000000003,0.207,0.11534701857282502,12.3,42,1,2475,29
sweep-29,64,0,0,0,30.78245510099987,715,10.944,0.37799999999999995,0.21212121212121213,12.3,42,1,2475,29
sweep-29,64,0,0,0,30.82046319499932,727,27.360000000000003,0.18899999999999997,0.1466275659824047,12.3,42,1,2475,29
sweep-29,64,0,0,0,30.857490186999712,737,24.624000000000002,0.11699999999999999,0.12121212121212122,12.3,42,1,2475,29
sweep-29,64,0,0,0,30.893487596998966,748,24.624000000000002,0.1575,0.08993157380254155,12.3,42,1,2475,29
sweep-29,64,0,0,0,30.93152643099893,748,0.0,0.351,0.28152492668621704,12.3,42,1,2475,29
sweep-29,64,0,0,0,30.967590858999756,761,30.096000000000004,0.26549999999999996,0.17204301075268819,12.3,42,1,2475,29
sweep-29,64,0,0,0,31.00756326699957,769,10.944,0.43199999999999994,0.2434017595307918,12.3,42,1,2475,29
sweep-29,64,0,0,0,31.047577359999195,781,27.360000000000003,0.21599999999999997,0.17790811339198437,12.3,42,1,2475,29
sweep-29,64,0,0,0,31.087574767998376,795,24.624000000000002,0.1845,0.12121212121212122,12.3,42,1,2475,29
sweep-29,64,0,0,0,31.125572287999603,800,10.944,0.1575,0.21212121212121213,12.3,42,1,2475,29
sweep-29,64,0,0,0,31.163565715000004,813,24.624000000000002,0.22949999999999998,0.12121212121212122,12.3,42,1,2475,29
sweep-29,64,0,0,0,31.200572318999548,817,8.208,0.32399999999999995,0.23362658846529813,12.3,42,1,2475,29
sweep-29,64,0,0,0,31.236568783999246,829,27.360000000000003,0.252,0.1466275659824047,12.3,42,1,2475,29
sweep-29,64,0,0,0,31.27457256299931,838,19.152,0.1755,0.1798631476050831,12.3,42,1,2475,29
sweep-29,64,0,0,0,31.310595212999033,852,27.360000000000003,0.16199999999999998,0.08406647116324535,12.1,42,1,2475,29
sweep-29,64,0,0,0,31.349574537998706,854,0.0,0.297,0.25024437927663734,12.1,42,1,2475,29
sweep-29,64,0,0,0,31.3865806419999,867,30.096000000000004,0.20249999999999999,0.11925708699902249,12.1,42,1,2475,29
sweep-29,64,0,0,0,31.423579393998807,873,8.208,0.351,0.23362658846529813,12.3,42,1,2475,29
sweep-29,64,0,0,0,31.459583729998485,884,27.360000000000003,0.18899999999999997,0.16226783968719452,12.3,42,1,2475,29
sweep-29,64,0,0,0,31.49761410099927,896,21.888,0.17099999999999999,0.1270772238514174,12.3,42,1,2475,29
sweep-29,64,0,0,0,31.534593074999066,902,10.944,0.2385,0.19648093841642228,12.3,42,1,2475,29
sweep-29,64,0,0,0,31.57058226299887,914,30.096000000000004,0.16649999999999998,0.10948191593352884,12.3,42,1,2475,29
sweep-29,64,0,0,0,31.609589179999602,919,5.472,0.3105,0.23949169110459434,12.3,42,1,2475,29
sweep-29,64,0,0,0,31.645595496998794,932,27.360000000000003,0.19349999999999998,0.13098729227761485,12.1,42,1,2475,29
sweep-29,64,0,0,0,31.68562823799948,942,19.152,0.207,0.14858260019550343,12.1,42,1,2475,29
sweep-29,64,0,0,0,31.722627971999827,954,30.096000000000004,0.153,0.07820136852394917,12.1,42,1,2475,29
sweep-29,64,0,0,0,31.759612668000045,958,5.472,0.27449999999999997,0.2238514173998045,12.2,42,1,2475,29
sweep-29,64,0,0,0,31.79562994799926,967,24.624000000000002,0.20249999999999999,0.15249266862170088,12.2,42,1,2475,29
sweep-29,64,0,0,0,31.833638245998372,975,13.680000000000001,0.39599999999999996,0.20625610948191594,12.2,42,1,2475,29
sweep-29,64,0,0,0,31.869640951999827,985,24.624000000000002,0.21599999999999997,0.1681329423264907,12.3,42,1,2475,29
sweep-29,64,0,0,0,31.906644962999053,997,24.624000000000002,0.16649999999999998,0.12121212121212122,12.3,42,1,2475,29
sweep-29,64,0,0,0,31.945639583998855,1003,10.944,0.21599999999999997,0.21212121212121213,12.3,42,1,2475,29
sweep-29,64,0,0,0,31.981681937999383,1016,27.360000000000003,0.207,0.11534701857282502,12.3,42,1,2475,29
sweep-29,64,0,0,0,32.01966916099991,1021,10.944,0.3105,0.2179863147605083,12.3,42,1,2475,29
sweep-29,64,0,0,0,32.058689189998404,1033,27.360000000000003,0.243,0.1466275659824047,12.3,42,1,2475,29
sweep-29,64,0,0,0,32.0956856089997,1042,19.152,0.18,0.16422287390029325,12.3,42,1,2475,29
sweep-29,64,0,0,0,32.13169148099951,1054,24.624000000000002,0.1575,0.10557184750733138,12.3,42,1,2475,29
sweep-29,64,0,0,0,32.169671556999674,1058,0.0,0.40499999999999997,0.23460410557184752,12.3,42,1,2475,29
sweep-29,64,0,0,0,32.205695928998466,1066,21.888,0.2835,0.2209188660801564,12.3,42,1,2475,29
sweep-29,64,0,0,0,32.2466989379991,1077,16.416,0.4275,0.21603128054740958,12.3,42,1,2475,29
sweep-29,64,0,0,0,32.28570850399956,1085,19.152,0.3105,0.24242424242424243,12.3,42,1,2475,29
sweep-29,64,0,0,0,32.325731318998805,1103,35.568000000000005,0.153,0.08308895405669599,12.3,42,1,2475,29
sweep-29,64,0,0,0,32.36572357899968,1110,10.944,0.17099999999999999,0.18084066471163246,12.3,42,1,2475,29
sweep-29,64,0,0,0,32.403722802999255,1122,27.360000000000003,0.16199999999999998,0.09970674486803519,12.3,42,1,2475,29
sweep-29,64,0,0,0,32.439768544998515,1124,5.472,0.3105,0.25513196480938416,12.3,42,1,2475,29
sweep-29,64,0,0,0,32.475748584998655,1136,27.360000000000003,0.22949999999999998,0.16226783968719452,12.3,42,1,2475,29
sweep-29,64,0,0,0,32.51374641899929,1143,16.416,0.3105,0.21603128054740958,12.3,42,1,2475,29
sweep-29,64,0,0,0,32.549753958999645,1157,32.832,0.1755,0.10361681329423265,12.3,42,1,2475,29
sweep-29,64,0,0,0,32.58676970999841,1165,16.416,0.27899999999999997,0.15347018572825025,12.3,42,1,2475,29
sweep-29,64,0,0,0,32.62275932400007,1172,16.416,0.22049999999999997,0.18475073313782991,12.3,42,1,2475,29
sweep-29,64,0,0,0,32.659773723999024,1183,24.624000000000002,0.22499999999999998,0.13685239491691104,12.3,42,1,2475,29
sweep-29,64,0,0,0,32.695771225999124,1190,16.416,0.252,0.20039100684261973,12.3,42,1,2475,29
sweep-29,64,0,0,0,32.73177630200007,1201,24.624000000000002,0.18899999999999997,0.13685239491691104,12.3,42,1,2475,29
sweep-29,64,0,0,0,32.76978280399999,1212,24.624000000000002,0.1215,0.12121212121212122,12.3,42,1,2475,29
sweep-29,64,0,0,0,32.80578430599962,1221,19.152,0.22499999999999998,0.13294232649071358,12.3,42,1,2475,29
sweep-29,64,0,0,0,32.842793520998384,1222,0.0,0.414,0.29716520039100686,12.3,42,1,2475,29
sweep-29,64,0,0,0,32.87881035600003,1234,30.096000000000004,0.2925,0.187683284457478,12.3,42,1,2475,29
sweep-29,64,0,0,0,32.914841802999945,1241,10.944,0.4815,0.2590420332355816,12.3,42,1,2475,29
sweep-29,64,0,0,0,32.95283084099901,1253,27.360000000000003,0.207,0.17790811339198437,12.3,42,1,2475,29
sweep-29,64,0,0,0,32.99281408299976,1268,27.360000000000003,0.1485,0.09970674486803519,12.3,42,1,2475,29
sweep-29,64,0,0,0,33.03282486099852,1275,16.416,0.18899999999999997,0.16911045943304007,12.3,42,1,2475,29
sweep-29,64,0,0,0,33.07281708299888,1288,24.624000000000002,0.1755,0.10557184750733138,12.3,42,1,2475,29
sweep-29,64,0,0,0,33.1088365859996,1292,8.208,0.3645,0.2179863147605083,12.3,42,1,2475,29
sweep-29,64,0,0,0,33.14583550399948,1303,27.360000000000003,0.252,0.1466275659824047,12.3,42,1,2475,29
sweep-29,64,0,0,0,33.181844116999855,1312,21.888,0.21599999999999997,0.1739980449657869,12.3,42,1,2475,29
sweep-29,64,0,0,0,33.220840701998895,1325,24.624000000000002,0.17099999999999999,0.12121212121212122,12.3,42,1,2475,29
sweep-29,64,0,0,0,33.25885088799987,1330,10.944,0.26549999999999996,0.21212121212121213,12.3,42,1,2475,29
sweep-29,64,0,0,0,33.294863686998724,1341,24.624000000000002,0.19799999999999998,0.15249266862170088,12.3,42,1,2475,29
sweep-29,64,0,0,0,33.33187990099941,1347,10.944,0.33299999999999996,0.22776148582600195,12.3,42,1,2475,29
sweep-29,64,0,0,0,33.369863680998606,1359,27.360000000000003,0.23399999999999999,0.1466275659824047,12.3,42,1,2475,29
sweep-29,64,0,0,0,33.40589823799928,1369,21.888,0.18899999999999997,0.14271749755620725,12.1,42,1,2475,29
sweep-29,64,0,0,0,33.44288815699838,1380,24.624000000000002,0.13049999999999998,0.10557184750733138,12.1,42,1,2475,29
sweep-29,64,0,0,0,33.47888902899831,1385,5.472,0.3555,0.20821114369501467,12.1,42,1,2475,29
sweep-29,64,0,0,0,33.514926382998965,1391,16.416,0.31949999999999995,0.2316715542521994,12.4,42,1,2475,29
sweep-29,64,0,0,0,33.5509171449994,1403,24.624000000000002,0.3555,0.18377321603128055,12.4,42,1,2475,29
sweep-29,64,0,0,0,33.58791004499835,1409,13.680000000000001,0.3465,0.25317693059628543,12.4,42,1,2475,29
sweep-29,64,0,0,0,33.625921990998904,1425,35.568000000000005,0.16649999999999998,0.11436950146627566,12.3,42,1,2475,29
sweep-29,64,0,0,0,33.66191284499837,1434,16.416,0.207,0.15347018572825025,12.3,42,1,2475,29
sweep-29,64,0,0,0,33.69893426299859,1443,19.152,0.16649999999999998,0.14858260019550343,12.3,42,1,2475,29
sweep-29,64,0,0,0,33.736931152998295,1452,13.680000000000001,0.2565,0.17497556207233628,12.1,42,1,2475,29
sweep-29,64,0,0,0,33.773994978999326,1459,16.416,0.297,0.20039100684261973,12.1,42,1,2475,29
sweep-29,64,0,0,0,33.81199799899878,1468,19.152,0.3015,0.19550342130987292,12.1,42,1,2475,29
sweep-29,64,0,0,0,33.85357787299836,1480,24.624000000000002,0.207,0.1681329423264907,12.1,42,1,2475,29
sweep-29,64,0,0,0,33.90395993899983,1494,16.416,0.18,0.15347018572825025,12.1,42,1,2475,29
sweep-29,64,0,0,0,33.96156261999931,1509,19.152,0.19349999999999998,0.13294232649071358,12.1,42,1,2475,29
sweep-29,64,0,0,0,34.00398007900003,1516,13.680000000000001,0.26099999999999995,0.20625610948191594,12.3,42,1,2475,29
sweep-29,64,0,0,0,34.04556745299851,1527,19.152,0.315,0.1798631476050831,12.3,42,1,2475,29
sweep-29,64,0,0,0,34.09102723399883,1539,21.888,0.2385,0.18963831867057673,12.3,42,1,2475,29
sweep-29,64,0,0,0,34.131126047999715,1552,24.624000000000002,0.19349999999999998,0.13685239491691104,12.3,42,1,2475,29
sweep-29,64,0,0,0,34.16800124599831,1561,19.152,0.13949999999999999,0.14858260019550343,12.3,42,1,2475,29
sweep-29,64,0,0,0,34.20401780299835,1571,21.888,0.20249999999999999,0.1270772238514174,12.3,42,1,2475,29
sweep-29,64,0,0,0,34.241012276999754,1576,10.944,0.26999999999999996,0.21212121212121213,12.3,42,1,2475,29
sweep-29,64,0,0,0,34.27701983499901,1587,24.624000000000002,0.26099999999999995,0.15249266862170088,12.3,42,1,2475,29
sweep-29,64,0,0,0,34.31303868899886,1593,13.680000000000001,0.3645,0.22189638318670576,12.3,42,1,2475,29
sweep-29,64,0,0,0,34.351011042999744,1606,30.096000000000004,0.20249999999999999,0.12512218963831867,12.3,42,1,2475,29
sweep-29,64,0,0,0,34.38702169299904,1615,19.152,0.19349999999999998,0.16422287390029325,12.3,43,1,2475,29
sweep-29,64,0,0,0,34.42408742599946,1625,21.888,0.18,0.14271749755620725,12.3,43,1,2475,29
sweep-29,64,0,0,0,34.46005066899852,1633,16.416,0.26099999999999995,0.16911045943304007,12.3,43,1,2475,29
sweep-29,64,0,0,0,34.4960458939986,1638,13.680000000000001,0.33299999999999996,0.22189638318670576,12.3,42,1,2475,29
sweep-29,64,0,0,0,34.53205243299999,1649,21.888,0.32399999999999995,0.18963831867057673,12.3,42,1,2475,29
sweep-29,64,0,0,0,34.56904575899898,1656,16.416,0.306,0.2316715542521994,12.3,42,1,2475,29
sweep-29,64,0,0,0,34.607043963998876,1671,30.096000000000004,0.19799999999999998,0.12512218963831867,12.3,42,1,2475,29
sweep-29,64,0,0,0,34.64305778099879,1681,19.152,0.18,0.13294232649071358,12.3,42,1,2475,29
sweep-29,64,0,0,0,34.68009512499884,1691,24.624000000000002,0.18,0.10557184750733138,12.3,42,1,2475,29
sweep-29,64,0,0,0,34.716072238999914,1698,16.416,0.22499999999999998,0.15347018572825025,12.3,42,1,2475,29
sweep-29,64,0,0,0,34.752072888999464,1704,13.680000000000001,0.31949999999999995,0.20625610948191594,12.3,42,1,2475,29
sweep-29,64,0,0,0,34.78807442799916,1713,19.152,0.3105,0.19550342130987292,12.3,42,1,2475,29
sweep-29,64,0,0,0,34.825091975999385,1722,19.152,0.243,0.19550342130987292,12.3,42,1,2475,29
sweep-29,64,0,0,0,34.86307662599938,1735,24.624000000000002,0.22949999999999998,0.15249266862170088,12.3,42,1,2475,29
sweep-29,64,0,0,0,34.89910679499917,1745,19.152,0.1755,0.14858260019550343,12.3,42,1,2475,29
sweep-29,64,0,0,0,34.93610724999962,1755,21.888,0.22499999999999998,0.1270772238514174,12.3,42,1,2475,29
sweep-29,64,0,0,0,34.972099863998665,1756,0.0,0.45449999999999996,0.29716520039100686,12.3,42,1,2475,29
sweep-29,64,0,0,0,35.0091274489987,1765,24.624000000000002,0.38249999999999995,0.24633431085043989,12.3,42,1,2475,29
sweep-29,64,0,0,0,35.048127013998965,1776,19.152,0.46349999999999997,0.24242424242424243,12.3,42,1,2475,29
sweep-29,64,0,0,0,35.08813177399861,1790,32.832,0.252,0.15053763440860216,12.3,42,1,2475,29
sweep-29,64,0,0,0,35.124139960998946,1803,27.360000000000003,0.20249999999999999,0.09970674486803519,12.3,42,1,2475,29
sweep-29,64,0,0,0,35.16414092499872,1809,13.680000000000001,0.26549999999999996,0.1906158357771261,12.4,42,1,2475,29
sweep-29,64,0,0,0,35.20113986199976,1819,19.152,0.252,0.16422287390029325,12.4,42,1,2475,29
sweep-29,64,0,0,0,35.237131067999144,1825,13.680000000000001,0.315,0.22189638318670576,12.4,42,1,2475,29
sweep-29,64,0,0,0,35.27614054099831,1836,21.888,0.3015,0.18963831867057673,12.3,42,1,2475,29
sweep-29,64,0,0,0,35.316157855999336,1848,24.624000000000002,0.22049999999999997,0.15249266862170088,12.3,42,1,2475,29
sweep-29,64,0,0,0,35.353158051999344,1858,21.888,0.16199999999999998,0.14271749755620725,12.3,42,1,2475,29
sweep-29,64,0,0,0,35.39219274700008,1868,21.888,0.144,0.14271749755620725,12.3,42,1,2475,29
sweep-29,64,0,0,0,35.43217237799945,1877,19.152,0.22499999999999998,0.14858260019550343,12.3,42,1,2475,29
sweep-29,64,0,0,0,35.46818200999951,1883,13.680000000000001,0.288,0.22189638318670576,12.3,42,1,2475,29
sweep-29,64,0,0,0,35.50518059499882,1894,24.624000000000002,0.26099999999999995,0.1681329423264907,12.4,42,1,2475,29
sweep-29,64,0,0,0,35.54320657699827,1902,19.152,0.243,0.19550342130987292,12.4,42,1,2475,29
sweep-29,64,0,0,0,35.58018679199995,1914,24.624000000000002,0.20249999999999999,0.15249266862170088,12.4,42,1,2475,29
sweep-29,64,0,0,0,35.61720450699977,1923,19.152,0.2385,0.16422287390029325,12.1,42,1,2475,29
sweep-29,64,0,0,0,35.65319582399934,1932,21.888,0.243,0.15835777126099707,12.1,42,1,2475,29
sweep-29,64,0,0,0,35.68922538199877,1940,19.152,0.26099999999999995,0.16422287390029325,12.1,42,1,2475,29
sweep-29,64,0,0,0,35.72520880999946,1947,16.416,0.288,0.21603128054740958,12.3,42,1,2475,29
sweep-29,64,0,0,0,35.76123853399986,1957,21.888,0.252,0.1739980449657869,12.3,42,1,2475,29
sweep-29,64,0,0,0,35.79922014699878,1966,16.416,0.2565,0.20039100684261973,12.3,42,1,2475,29
sweep-29,64,0,0,0,35.83621358399978,1979,27.360000000000003,0.20249999999999999,0.11534701857282502,12.3,42,1,2475,29
sweep-29,64,0,0,0,35.87225312299961,1986,16.416,0.24749999999999997,0.16911045943304007,12.3,42,1,2475,29
sweep-29,64,0,0,0,35.90923204199862,1996,24.624000000000002,0.2385,0.13685239491691104,12.3,42,1,2475,29
sweep-29,64,0,0,0,35.94524124799864,2003,16.416,0.306,0.18475073313782991,12.1,42,1,2475,29
sweep-29,64,0,0,0,35.98423062799884,2012,21.888,0.2565,0.18963831867057673,12.1,42,1,2475,29
sweep-29,64,0,0,0,36.02025035299994,2022,19.152,0.306,0.1798631476050831,12.1,42,1,2475,29
sweep-29,64,0,0,0,36.05725790099859,2031,21.888,0.22049999999999997,0.1739980449657869,12.1,42,1,2475,29
sweep-29,64,0,0,0,36.094262374999744,2042,21.888,0.19349999999999998,0.14271749755620725,12.3,42,1,2475,29
sweep-29,64,0,0,0,36.13127507099853,2051,16.416,0.23399999999999999,0.18475073313782991,12.3,42,1,2475,29
sweep-29,64,0,0,0,36.16828463799902,2061,21.888,0.22949999999999998,0.15835777126099707,12.3,42,1,2475,29
sweep-29,64,0,0,0,36.20427288099927,2068,16.416,0.27899999999999997,0.20039100684261973,12.3,42,1,2475,29
sweep-29,64,0,0,0,36.243303297998864,2079,24.624000000000002,0.22949999999999998,0.1681329423264907,12.3,42,1,2475,29
sweep-29,64,0,0,0,36.28031541999917,2087,16.416,0.252,0.20039100684261973,12.3,42,1,2475,29
sweep-29,64,0,0,0,36.3182683849991,2098,24.624000000000002,0.23399999999999999,0.15249266862170088,12.1,42,1,2475,29
sweep-29,64,0,0,0,36.354312441999355,2107,19.152,0.252,0.16422287390029325,12.1,42,1,2475,29
sweep-29,64,0,0,0,36.39130691599894,2115,19.152,0.26549999999999996,0.1798631476050831,12.1,42,1,2475,29
sweep-29,64,0,0,0,36.42732862199955,2125,21.888,0.3015,0.15835777126099707,12.3,42,1,2475,29
sweep-29,64,0,0,0,36.4663099469999,2134,21.888,0.2565,0.1739980449657869,12.3,42,1,2475,29
sweep-29,64,0,0,0,36.50532060599835,2144,19.152,0.2925,0.1798631476050831,12.3,42,1,2475,29
sweep-29,64,0,0,0,36.543328087998816,2153,21.888,0.26549999999999996,0.1739980449657869,12.3,42,1,2475,29
sweep-29,64,0,0,0,36.59331732499959,2166,19.152,0.26099999999999995,0.16422287390029325,12.3,43,1,2475,29
sweep-29,64,0,0,0,36.629323364999436,2174,19.152,0.26099999999999995,0.19550342130987292,12.3,43,1,2475,29
sweep-29,64,0,0,0,36.665336755999306,2184,21.888,0.252,0.15835777126099707,12.3,43,1,2475,29
sweep-29,64,0,0,0,36.7023552849987,2191,13.680000000000001,0.27899999999999997,0.22189638318670576,12.3,42,1,2475,29
sweep-29,64,0,0,0,36.739340314999936,2203,24.624000000000002,0.26549999999999996,0.15249266862170088,12.3,42,1,2475,29
sweep-29,64,0,0,0,36.776344640999014,2210,16.416,0.3105,0.20039100684261973,12.1,42,1,2475,29
sweep-29,64,0,0,0,36.812364549999984,2221,24.624000000000002,0.27449999999999997,0.15249266862170088,12.1,42,1,2475,29
sweep-29,64,0,0,0,36.848354626999935,2229,19.152,0.24749999999999997,0.1798631476050831,12.1,42,1,2475,29
sweep-29,64,0,0,0,36.88734908099832,2239,21.888,0.23399999999999999,0.1739980449657869,12.3,42,1,2475,29
sweep-29,64,0,0,0,36.92336189799971,2248,19.152,0.3015,0.1798631476050831,12.3,42,1,2475,29
sweep-29,64,0,0,0,36.96038251999926,2256,19.152,0.26999999999999996,0.19550342130987292,12.3,42,1,2475,29
sweep-29,64,0,0,0,36.99937832699834,2267,19.152,0.252,0.1798631476050831,12.3,42,1,2475,29
sweep-29,64,0,0,0,37.035380143999646,2275,16.416,0.2835,0.20039100684261973,12.3,42,1,2475,29
sweep-29,64,0,0,0,37.072390265999275,2286,21.888,0.21599999999999997,0.15835777126099707,12.3,42,1,2475,29
sweep-29,64,0,0,0,37.10841697199976,2294,16.416,0.2925,0.18475073313782991,12.3,42,1,2475,29
sweep-29,64,0,0,0,37.14740659299969,2304,21.888,0.2385,0.1739980449657869,12.3,42,1,2475,29
sweep-29,64,0,0,0,37.184401807999166,2311,19.152,0.2925,0.19550342130987292,12.3,42,1,2475,29
sweep-29,64,0,0,0,37.22040918099992,2321,24.624000000000002,0.26549999999999996,0.1681329423264907,12.3,42,1,2475,29
sweep-29,64,0,0,0,37.257497691000026,2330,19.152,0.26099999999999995,0.1798631476050831,12.3,42,1,2475,29
sweep-29,64,0,0,0,37.29543310000008,2339,19.152,0.22499999999999998,0.1798631476050831,12.3,42,1,2475,29
sweep-29,64,0,0,0,37.33242809299918,2349,19.152,0.252,0.1798631476050831,12.3,42,1,2475,29
sweep-29,64,0,0,0,37.36943336299919,2357,19.152,0.297,0.19550342130987292,12.3,42,1,2475,29
sweep-29,64,0,0,0,37.408461761999206,2368,21.888,0.252,0.15835777126099707,12.3,42,1,2475,29
sweep-29,64,0,0,0,37.44446170899937,2376,19.152,0.252,0.19550342130987292,12.3,42,1,2475,29
sweep-29,64,0,0,0,37.48146831199847,2386,21.888,0.26999999999999996,0.1739980449657869,12.3,42,1,2475,29
sweep-29,64,0,0,0,37.51945668400003,2394,16.416,0.252,0.20039100684261973,12.3,42,1,2475,28
sweep-29,64,0,0,0,37.5594600179993,2406,24.624000000000002,0.207,0.13685239491691104,12.3,42,1,2475,26
sweep-29,64,0,0,0,37.59950636999929,2414,16.416,0.26099999999999995,0.16911045943304007,12.3,42,1,2475,24
sweep-29,64,0,0,0,37.6375083899984,2421,16.416,0.22499999999999998,0.16911045943304007,12.3,42,1,2475,22
sweep-29,64,0,0,0,37.67349885499971,2428,13.680000000000001,0.243,0.17497556207233628,12.3,42,1,2475,20
sweep-29,64,0,0,0,37.712528975998794,2434,13.680000000000001,0.243,0.17497556207233628,12.3,42,1,2475,18
sweep-29,64,0,0,0,37.74953935799931,2439,10.944,0.26549999999999996,0.18084066471163246,12.3,42,1,2475,16
sweep-29,64,0,0,0,37.788494904998515,2446,13.680000000000001,0.1755,0.15933528836754643,12.3,42,1,2475,14
sweep-29,64,0,0,0,37.82950280299883,2451,8.208,0.19349999999999998,0.15542521994134897,12.3,42,1,2475,12
sweep-29,64,0,0,0,37.86553137899864,2452,0.0,0.3015,0.20332355816226785,12.3,42,1,2475,10
sweep-29,64,0,0,0,37.905519823998475,2451,0.0,0.36,0.26588465298142716,12.3,42,1,591,3
sweep-29,64,0,0,0,37.94483327599846,2454,5.472,0.32399999999999995,0.2238514173998045,12.3,42,1,591,5
sweep-29,64,0,0,0,37.98053987399908,2457,5.472,0.153,0.16129032258064516,12.3,42,1,591,7
sweep-29,64,0,0,0,38.02054279999902,2460,8.208,0.0315,0.06158357771260997,12.3,42,1,591,9
sweep-29,64,0,0,0,38.06169134499942,2460,0.0,0.0,0.03128054740957967,12.1,42,1,591,11
sweep-29,64,0,0,0,38.10153303199877,2460,0.0,0.0,0.03128054740957967,12.1,42,1,591,13
sweep-29,64,0,0,0,38.14558954899985,2459,0.0,-0.0765,0.093841642228739,12.1,42,1,591,15
sweep-29,64,0,0,0,38.18155469999874,2459,0.0,-0.243,0.17204301075268819,12.3,42,1,591,17
sweep-29,64,0,0,0,38.22257318999982,2458,0.0,-0.38699999999999996,0.26588465298142716,12.3,42,1,591,19
sweep-29,64,0,0,0,38.26257978299873,2453,-10.944,-0.4725,0.2590420332355816,12.3,42,1,591,21
sweep-29,64,0,0,0,38.302561968999726,2444,-19.152,-0.2835,0.22678396871945258,12.3,42,1,591,23
sweep-29,64,0,0,0,38.39057753999987,2419,-16.416,-0.09899999999999999,0.12218963831867058,12.2,42,1,591,27
sweep-29,64,0,0,0,38.42658317199857,2411,-16.416,-0.19799999999999998,0.1378299120234604,12.2,42,1,591,29
sweep-29,64,0,0,0,38.469582550998894,2406,-8.208,-0.33299999999999996,0.23362658846529813,12.2,42,1,591,29
sweep-29,64,0,0,0,38.505592737999905,2397,-19.152,-0.33749999999999997,0.21114369501466276,12.2,42,1,591,29
sweep-29,64,0,0,0,38.54258595299871,2387,-21.888,-0.26999999999999996,0.18963831867057673,12.1,42,1,591,29
sweep-29,64,0,0,0,38.58060104699871,2375,-27.360000000000003,-0.19349999999999998,0.1466275659824047,12.1,42,1,591,29
sweep-29,64,0,0,0,38.61761103999925,2363,-21.888,-0.16199999999999998,0.11143695014662756,12.1,42,1,591,29
sweep-29,64,0,0,0,38.65461117999985,2357,-13.680000000000001,-0.21599999999999997,0.17497556207233628,12.3,42,1,591,29
sweep-29,64,0,0,0,38.690622589998384,2348,-19.152,-0.22499999999999998,0.16422287390029325,12.3,42,1,591,29
sweep-29,64,0,0,0,38.728611442998954,2339,-19.152,-0.2565,0.1798631476050831,12.3,42,1,591,29
sweep-29,64,0,0,0,38.76962354499847,2329,-19.152,-0.21599999999999997,0.15835777126099707,12.3,42,1,591,29
sweep-29,64,0,0,0,38.808640313998694,2316,-24.624000000000002,-0.16649999999999998,0.12121212121212122,12.3,42,1,591,29
sweep-29,64,0,0,0,38.846632556998884,2306,-21.888,-0.1575,0.11143695014662756,12.3,42,1,591,29
sweep-29,64,0,0,0,38.88465370599988,2302,-8.208,-0.2115,0.20234604105571846,12.3,42,1,591,29
sweep-29,64,0,0,0,38.92166010599976,2293,-19.152,-0.33299999999999996,0.19550342130987292,12.3,42,1,591,29
sweep-29,64,0,0,0,38.95867296899996,2285,-19.152,-0.2835,0.21114369501466276,12.3,42,1,591,29
sweep-29,64,0,0,0,38.996677654999075,2273,-27.360000000000003,-0.18,0.1466275659824047,12.3,42,1,591,29
sweep-29,64,0,0,0,39.03367720299866,2261,-24.624000000000002,-0.126,0.12121212121212122,12.3,42,1,591,29
sweep-29,64,0,0,0,39.07266812099988,2249,-21.888,-0.11699999999999999,0.09579667644183773,12.3,42,1,591,29
sweep-29,64,0,0,0,39.11266993599929,2244,-8.208,-0.306,0.20234604105571846,12.3,42,1,591,29
sweep-29,64,0,0,0,39.153701186000035,2236,-19.152,-0.33299999999999996,0.21114369501466276,12.3,42,1,591,29
sweep-29,64,0,0,0,39.192698103999646,2227,-19.152,-0.369,0.21114369501466276,12.3,42,1,591,29
sweep-29,64,0,0,0,39.230701937998674,2216,-27.360000000000003,-0.207,0.17790811339198437,12.3,42,1,591,29
sweep-29,64,0,0,0,39.26669803299956,2203,-27.360000000000003,-0.1485,0.11534701857282502,12.3,42,1,591,29
sweep-29,64,0,0,0,39.302703479999764,2194,-19.152,-0.1215,0.11730205278592376,12.3,42,1,591,29
sweep-29,64,0,0,0,39.34071020400006,2185,-16.416,-0.18899999999999997,0.1378299120234604,12.3,42,1,591,29
sweep-29,64,0,0,0,39.377715621998505,2181,-8.208,-0.33749999999999997,0.23362658846529813,12.3,42,1,591,29
sweep-29,64,0,0,0,39.41371897599856,2172,-21.888,-0.33749999999999997,0.20527859237536658,12.3,42,1,591,29
sweep-29,64,0,0,0,39.44973305199892,2163,-19.152,-0.31949999999999995,0.21114369501466276,12.1,42,1,591,29
sweep-29,64,0,0,0,39.48674461899827,2151,-27.360000000000003,-0.1845,0.1466275659824047,12.1,42,1,591,29
sweep-29,64,0,0,0,39.523746444998324,2139,-24.624000000000002,-0.13049999999999998,0.12121212121212122,12.1,42,1,591,29
sweep-29,64,0,0,0,39.56073021499833,2131,-16.416,-0.1575,0.15347018572825025,12.3,42,1,591,29
sweep-29,64,0,0,0,39.596743328998855,2121,-21.888,-0.17099999999999999,0.1270772238514174,12.3,42,1,591,29
sweep-29,64,0,0,0,39.63274997899862,2117,-8.208,-0.27449999999999997,0.23362658846529813,12.3,42,1,591,29
sweep-29,64,0,0,0,39.66875183299999,2108,-19.152,-0.288,0.21114369501466276,12.3,42,1,591,29
sweep-29,64,0,0,0,39.707757935999325,2097,-21.888,-0.26549999999999996,0.1739980449657869,12.3,42,1,591,29
sweep-29,64,0,0,0,39.74376127100004,2086,-24.624000000000002,-0.16649999999999998,0.13685239491691104,12.3,42,1,591,29
sweep-29,64,0,0,0,39.78077044899874,2076,-19.152,-0.144,0.13294232649071358,12.3,42,1,591,29
sweep-29,64,0,0,0,39.8187877649998,2067,-19.152,-0.22049999999999997,0.14858260019550343,12.2,42,1,591,29
sweep-29,64,0,0,0,39.85578323899972,2058,-19.152,-0.207,0.14858260019550343,12.2,42,1,591,29
sweep-29,64,0,0,0,39.892794416999095,2050,-19.152,-0.22499999999999998,0.16422287390029325,12.2,42,1,591,29
sweep-29,64,0,0,0,39.92878473399833,2040,-19.152,-0.2115,0.1798631476050831,12.3,42,1,591,29
sweep-29,64,0,0,0,39.96779933699872,2029,-21.888,-0.19799999999999998,0.15835777126099707,12.3,42,1,591,29
sweep-29,64,0,0,0,40.00781729999835,2017,-21.888,-0.17099999999999999,0.11143695014662756,12.3,42,1,591,29
sweep-29,64,0,0,0,40.04782109699954,2010,-13.680000000000001,-0.23399999999999999,0.17497556207233628,12.3,42,1,591,29
sweep-29,64,0,0,0,40.085824893998506,2002,-19.152,-0.26999999999999996,0.1798631476050831,12.3,42,1,591,29
sweep-29,64,0,0,0,40.12181976699867,1994,-16.416,-0.288,0.21603128054740958,12.3,42,1,591,29
sweep-29,64,0,0,0,40.15981737999937,1983,-24.624000000000002,-0.2115,0.1681329423264907,12.3,42,1,591,29
sweep-29,64,0,0,0,40.197855250999055,1972,-21.888,-0.1575,0.12121212121212122,12.3,42,1,591,29
sweep-29,64,0,0,0,40.23485883600006,1960,-24.624000000000002,-0.1485,0.10557184750733138,12.3,42,1,591,29
sweep-29,64,0,0,0,40.270853856998656,1955,-8.208,-0.2565,0.20234604105571846,12.3,42,1,591,29
sweep-29,64,0,0,0,40.308863950998784,1946,-19.152,-0.306,0.1798631476050831,12.3,42,1,591,29
sweep-29,64,0,0,0,40.34486736100007,1939,-13.680000000000001,-0.3735,0.22189638318670576,12.3,42,1,591,29
sweep-29,64,0,0,0,40.382876120998844,1929,-24.624000000000002,-0.2835,0.18377321603128055,12.3,42,1,591,29
sweep-29,64,0,0,0,40.418875030998606,1918,-21.888,-0.2115,0.15835777126099707,12.3,42,1,591,29
sweep-29,64,0,0,0,40.45487753299858,1906,-27.360000000000003,-0.13499999999999998,0.09970674486803519,12.3,42,1,591,29
sweep-29,64,0,0,0,40.4928916079989,1897,-19.152,-0.17099999999999999,0.13294232649071358,12.3,42,1,591,29
sweep-29,64,0,0,0,40.52988793399891,1892,-10.944,-0.288,0.21212121212121213,12.3,42,1,591,29
sweep-29,64,0,0,0,40.56588843699865,1883,-21.888,-0.3465,0.18963831867057673,12.3,42,1,591,29
sweep-29,64,0,0,0,40.60188910599936,1877,-13.680000000000001,-0.3645,0.25317693059628543,12.3,42,1,591,29
sweep-29,64,0,0,0,40.638889875999666,1865,-24.624000000000002,-0.24749999999999997,0.18377321603128055,12.3,42,1,591,29
sweep-29,64,0,0,0,40.674908525999854,1853,-24.624000000000002,-0.17099999999999999,0.13685239491691104,12.3,42,1,591,29
sweep-29,64,0,0,0,40.710916602,1842,-24.624000000000002,-0.144,0.10557184750733138,12.3,42,1,591,29
sweep-29,64,0,0,0,40.74893067799894,1834,-13.680000000000001,-0.19349999999999998,0.1436950146627566,12.3,42,1,591,29
sweep-29,64,0,0,0,40.78891973399914,1827,-16.416,-0.3105,0.18475073313782991,12.3,42,1,591,29
sweep-29,64,0,0,0,40.82493188399894,1820,-13.680000000000001,-0.4095,0.2375366568914956,12.3,42,1,591,29
sweep-29,64,0,0,0,40.86493184799838,1811,-19.152,-0.315,0.24242424242424243,12.1,42,1,591,29
sweep-29,64,0,0,0,40.90495766299864,1797,-27.360000000000003,-0.22049999999999997,0.16226783968719452,12.1,42,1,591,29
sweep-29,64,0,0,0,40.94494829299947,1784,-24.624000000000002,-0.13499999999999998,0.12121212121212122,12.1,42,1,591,29
sweep-29,64,0,0,0,40.98496768199948,1773,-19.152,-0.16199999999999998,0.11730205278592376,12.3,42,1,591,29
sweep-29,64,0,0,0,41.02296584999931,1769,-10.944,-0.252,0.21212121212121213,12.3,42,1,591,29
sweep-29,64,0,0,0,41.059047073998954,1760,-21.888,-0.3105,0.18963831867057673,12.3,42,1,591,29
sweep-29,64,0,0,0,41.09505000199897,1755,-10.944,-0.4095,0.27468230694037143,12.3,42,1,591,29
sweep-29,64,0,0,0,41.13297118899936,1742,-27.360000000000003,-0.27899999999999997,0.17790811339198437,12.3,42,1,591,29
sweep-29,64,0,0,0,41.17303672599883,1730,-21.888,-0.21599999999999997,0.15835777126099707,12.3,42,1,591,29
sweep-29,64,0,0,0,41.2090444509995,1716,-27.360000000000003,-0.126,0.09970674486803519,12.1,42,1,591,29
sweep-29,64,0,0,0,41.24904726599925,1709,-10.944,-0.26099999999999995,0.1652003910068426,12.1,42,1,591,29
sweep-29,64,0,0,0,41.28905050699905,1701,-19.152,-0.32849999999999996,0.1798631476050831,12.1,42,1,591,29
sweep-29,64,0,0,0,41.32904865599994,1694,-13.680000000000001,-0.38249999999999995,0.2375366568914956,12.3,42,1,591,29
sweep-29,64,0,0,0,41.36903915699986,1683,-24.624000000000002,-0.32399999999999995,0.19941348973607037,12.3,42,1,591,29
sweep-29,64,0,0,0,41.407047805998445,1671,-27.360000000000003,-0.243,0.1466275659824047,12.3,42,1,591,29
sweep-29,64,0,0,0,41.44304706799994,1659,-24.624000000000002,-0.13949999999999999,0.12121212121212122,12.3,42,1,591,29
sweep-29,64,0,0,0,41.47905082899888,1648,-21.888,-0.16649999999999998,0.09579667644183773,12.3,42,1,591,29
sweep-29,64,0,0,0,41.51705292299994,1644,-10.944,-0.2115,0.19648093841642228,12.3,42,1,591,29
sweep-29,64,0,0,0,41.55305649899856,1635,-19.152,-0.3465,0.19550342130987292,12.1,42,1,591,29
sweep-29,64,0,0,0,41.59006634399884,1629,-13.680000000000001,-0.414,0.25317693059628543,12.1,42,1,591,29
sweep-29,64,0,0,0,41.62605558699943,1618,-27.360000000000003,-0.297,0.1935483870967742,12.1,42,1,591,29
sweep-29,64,0,0,0,41.663059430999056,1607,-21.888,-0.243,0.1739980449657869,12.3,42,1,591,29
sweep-29,64,0,0,0,41.699059747999854,1594,-30.096000000000004,-0.153,0.093841642228739,12.3,42,1,591,29
sweep-29,64,0,0,0,41.73506895399987,1586,-16.416,-0.20249999999999999,0.1378299120234604,12.3,42,1,591,29
sweep-29,64,0,0,0,41.77307234399996,1580,-13.680000000000001,-0.27899999999999997,0.1906158357771261,12.3,42,1,591,29
sweep-29,64,0,0,0,41.809071216999655,1571,-19.152,-0.3555,0.19550342130987292,12.3,42,1,591,29
sweep-29,64,0,0,0,41.84608841299996,1565,-16.416,-0.369,0.2316715542521994,12.3,42,1,591,29
sweep-29,64,0,0,0,41.882090285998856,1553,-24.624000000000002,-0.26999999999999996,0.18377321603128055,12.3,42,1,591,29
sweep-29,64,0,0,0,41.919092185999034,1543,-21.888,-0.22949999999999998,0.1739980449657869,12.3,42,1,591,29
sweep-29,64,0,0,0,41.955092446998606,1529,-27.360000000000003,-0.144,0.09970674486803519,12.3,42,1,591,29
sweep-29,64,0,0,0,41.991103875998306,1522,-13.680000000000001,-0.19349999999999998,0.15933528836754643,12.3,42,1,591,29
sweep-29,64,0,0,0,42.029110654999386,1515,-16.416,-0.27449999999999997,0.18475073313782991,12.3,42,1,591,29
sweep-29,64,0,0,0,42.06512947199917,1507,-16.416,-0.34199999999999997,0.20039100684261973,12.3,42,1,591,29
sweep-29,64,0,0,0,42.10215320499992,1500,-16.416,-0.34199999999999997,0.2316715542521994,12.3,42,1,591,29
sweep-29,64,0,0,0,42.138141800000085,1489,-21.888,-0.3015,0.18963831867057673,12.0,42,1,591,29
sweep-29,64,0,0,0,42.175137847998485,1478,-24.624000000000002,-0.1755,0.15249266862170088,12.0,42,1,591,29
sweep-29,64,0,0,0,42.21114036899962,1466,-24.624000000000002,-0.1485,0.12121212121212122,12.0,42,1,591,29
sweep-29,64,0,0,0,42.247138925999025,1459,-13.680000000000001,-0.19349999999999998,0.15933528836754643,12.1,42,1,591,29
sweep-29,64,0,0,0,42.285158760998456,1450,-21.888,-0.243,0.16422287390029325,12.1,42,1,591,29
sweep-29,64,0,0,0,42.3211554669997,1444,-13.680000000000001,-0.3735,0.22189638318670576,12.1,42,1,591,29
sweep-29,64,0,0,0,42.3581693849992,1435,-21.888,-0.33299999999999996,0.20527859237536658,12.3,42,1,591,29
sweep-29,64,0,0,0,42.39416472099947,1425,-21.888,-0.27899999999999997,0.18963831867057673,12.3,42,1,591,29
sweep-29,64,0,0,0,42.43017320499894,1414,-24.624000000000002,-0.19349999999999998,0.15249266862170088,12.3,42,1,591,29
sweep-29,64,0,0,0,42.468183538998346,1402,-21.888,-0.1845,0.1270772238514174,12.1,42,1,591,29
sweep-29,64,0,0,0,42.50519708699903,1393,-19.152,-0.1485,0.14858260019550343,12.1,42,1,591,29
sweep-29,64,0,0,0,42.541186163998645,1385,-16.416,-0.22499999999999998,0.16911045943304007,12.1,42,1,591,29
sweep-29,64,0,0,0,42.5772885539991,1378,-16.416,-0.2565,0.20039100684261973,12.1,42,1,591,29
sweep-29,64,0,0,0,42.61320327899921,1370,-16.416,-0.3015,0.20039100684261973,12.1,42,1,591,29
sweep-29,64,0,0,0,42.6492010589991,1361,-19.152,-0.3105,0.21114369501466276,12.1,42,1,591,29
sweep-29,64,0,0,0,42.68620749599904,1350,-27.360000000000003,-0.26999999999999996,0.16226783968719452,12.1,42,1,591,29
sweep-29,64,0,0,0,42.724226330999954,1341,-21.888,-0.2385,0.1739980449657869,12.3,42,1,591,29
sweep-29,64,0,0,0,42.76022896299946,1329,-24.624000000000002,-0.20249999999999999,0.12121212121212122,12.3,42,1,591,29
sweep-29,64,0,0,0,42.79722325199873,1322,-16.416,-0.2385,0.16911045943304007,12.3,42,1,591,29
sweep-29,64,0,0,0,42.8352485309988,1311,-21.888,-0.20249999999999999,0.14271749755620725,12.3,42,1,591,29
sweep-29,64,0,0,0,42.872247615998276,1304,-13.680000000000001,-0.3015,0.1906158357771261,12.3,42,1,591,29
sweep-29,64,0,0,0,42.912251819998346,1294,-21.888,-0.2565,0.1739980449657869,12.3,42,1,591,29
sweep-29,64,0,0,0,42.95225374599977,1285,-16.416,-0.297,0.20039100684261973,12.3,42,1,591,29
sweep-29,64,0,0,0,42.99225637699965,1274,-21.888,-0.2565,0.1739980449657869,12.3,42,1,591,29
sweep-29,64,0,0,0,43.029256961999636,1265,-19.152,-0.297,0.1798631476050831,12.3,42,1,591,29
sweep-29,64,0,0,0,43.06525803799923,1256,-19.152,-0.22049999999999997,0.1798631476050831,12.3,42,1,591,29
sweep-29,64,0,0,0,43.10127522499897,1245,-21.888,-0.18899999999999997,0.14271749755620725,12.3,42,1,591,29
sweep-29,64,0,0,0,43.139275244999226,1237,-19.152,-0.22049999999999997,0.16422287390029325,12.3,42,1,591,29
sweep-29,64,0,0,0,43.17527513599998,1227,-21.888,-0.23399999999999999,0.14271749755620725,12.3,42,1,591,29
sweep-29,64,0,0,0,43.21230799899968,1220,-16.416,-0.2565,0.20039100684261973,12.3,42,1,591,29
sweep-29,64,0,0,0,43.248288723998485,1210,-21.888,-0.24749999999999997,0.1739980449657869,12.3,42,1,591,29
sweep-29,64,0,0,0,43.28429061499992,1202,-16.416,-0.297,0.18475073313782991,12.3,42,1,591,29
sweep-29,64,0,0,0,43.32030111699896,1192,-24.624000000000002,-0.21599999999999997,0.15249266862170088,12.3,42,1,591,29
sweep-29,64,0,0,0,43.356312489999254,1183,-19.152,-0.26999999999999996,0.1798631476050831,12.3,42,1,591,29
sweep-29,64,0,0,0,43.39432154699898,1174,-19.152,-0.243,0.1798631476050831,12.3,42,1,591,29
sweep-29,64,0,0,0,43.43031854899891,1165,-19.152,-0.22949999999999998,0.1798631476050831,12.3,42,1,591,29
sweep-29,64,0,0,0,43.46731465299854,1157,-16.416,-0.27449999999999997,0.20039100684261973,12.3,42,1,591,29
sweep-29,64,0,0,0,43.503341820998685,1146,-21.888,-0.26549999999999996,0.15835777126099707,12.3,42,1,591,29
sweep-29,64,0,0,0,43.53934384199965,1138,-19.152,-0.2925,0.1798631476050831,12.5,42,1,591,29
sweep-29,64,0,0,0,43.577337250999335,1128,-21.888,-0.22499999999999998,0.15835777126099707,12.5,42,1,591,29
sweep-29,64,0,0,0,43.61336923399904,1120,-16.416,-0.2565,0.20039100684261973,12.5,42,1,591,29
sweep-29,64,0,0,0,43.65135727300003,1110,-21.888,-0.24749999999999997,0.1739980449657869,12.3,42,1,591,29
sweep-29,64,0,0,0,43.690387671998906,1101,-19.152,-0.26099999999999995,0.1798631476050831,12.3,42,1,591,29
sweep-29,64,0,0,0,43.72637348899843,1091,-21.888,-0.22049999999999997,0.1739980449657869,12.3,42,1,591,29
sweep-29,64,0,0,0,43.7663651189996,1081,-19.152,-0.26549999999999996,0.1798631476050831,12.3,42,1,591,29
sweep-29,64,0,0,0,43.80636845299887,1071,-21.888,-0.22949999999999998,0.1739980449657869,12.3,42,1,591,29
sweep-29,64,0,0,0,43.94038378099867,1038,-16.416,-0.26549999999999996,0.18475073313782991,12.1,42,1,591,29
sweep-29,64,0,0,0,43.97639337599867,1029,-21.888,-0.22049999999999997,0.1739980449657869,12.1,42,1,591,29
sweep-29,64,0,0,0,44.016389542999605,1019,-16.416,-0.2835,0.18475073313782991,12.1,42,1,591,29
sweep-29,64,0,0,0,44.0534297209997,1011,-16.416,-0.24749999999999997,0.20039100684261973,12.1,42,1,591,29
sweep-29,64,0,0,0,44.0924261199998,1000,-21.888,-0.22499999999999998,0.1739980449657869,12.1,42,1,591,29
sweep-29,64,0,0,0,44.12942051999926,992,-16.416,-0.24749999999999997,0.20039100684261973,12.3,42,1,591,29
sweep-29,64,0,0,0,44.165449799998896,982,-21.888,-0.2565,0.1739980449657869,12.3,42,1,591,29
sweep-29,64,0,0,0,44.20416201599983,974,-13.680000000000001,-0.297,0.20625610948191594,12.3,42,1,591,29
sweep-29,64,0,0,0,44.23946183999942,963,-21.888,-0.22949999999999998,0.1739980449657869,12.3,42,1,591,29
sweep-29,64,0,0,0,44.277444637999,955,-19.152,-0.315,0.1798631476050831,12.3,42,1,591,29
sweep-29,64,0,0,0,44.31351639899913,946,-21.888,-0.252,0.1739980449657869,12.3,42,1,591,29
sweep-29,64,0,0,0,44.35045837399957,937,-19.152,-0.3105,0.1798631476050831,12.3,42,1,591,29
sweep-29,64,0,0,0,44.38844861599864,928,-19.152,-0.24749999999999997,0.1798631476050831,12.3,42,1,591,29
sweep-29,64,0,0,0,44.42446024799938,918,-21.888,-0.26999999999999996,0.1739980449657869,12.3,42,1,591,29
sweep-29,64,0,0,0,44.46150962899992,911,-16.416,-0.252,0.20039100684261973,12.3,42,1,591,29
sweep-29,64,0,0,0,44.49950140799956,899,-24.624000000000002,-0.23399999999999999,0.15249266862170088,12.3,42,1,591,29
sweep-29,64,0,0,0,44.53649410399885,891,-16.416,-0.27899999999999997,0.20039100684261973,12.3,42,1,591,29
sweep-29,64,0,0,0,44.57351317099892,881,-24.624000000000002,-0.22949999999999998,0.15249266862170088,12.3,42,1,591,29
sweep-29,64,0,0,0,44.61250451399974,873,-13.680000000000001,-0.297,0.20625610948191594,12.3,42,1,591,29
sweep-29,64,0,0,0,44.649522395999156,863,-21.888,-0.2565,0.18963831867057673,12.3,42,1,591,29
sweep-29,64,0,0,0,44.68551661999845,855,-16.416,-0.306,0.20039100684261973,12.3,42,1,591,29
sweep-29,64,0,0,0,44.7235372139985,845,-21.888,-0.306,0.18963831867057673,12.3,42,1,591,29
sweep-29,64,0,0,0,44.76052326199897,835,-19.152,-0.306,0.1798631476050831,12.3,42,1,591,29
sweep-29,64,0,0,0,44.79753929199978,827,-19.152,-0.27449999999999997,0.19550342130987292,12.3,42,1,591,29
sweep-29,64,0,0,0,44.83352688699961,816,-21.888,-0.2565,0.15835777126099707,12.3,42,1,591,29
sweep-29,64,0,0,0,44.872531414999685,807,-19.152,-0.27899999999999997,0.1798631476050831,12.3,42,1,591,29
sweep-29,64,0,0,0,44.912537026999416,796,-21.888,-0.26549999999999996,0.15835777126099707,12.3,42,1,591,29
sweep-29,64,0,0,0,44.94954359299845,788,-19.152,-0.288,0.1798631476050831,12.5,42,1,591,29
sweep-29,64,0,0,0,44.98755785399953,778,-24.624000000000002,-0.26099999999999995,0.1681329423264907,12.5,42,1,591,29
sweep-29,64,0,0,0,45.02455966099842,770,-16.416,-0.31949999999999995,0.20039100684261973,12.5,42,1,591,29
sweep-29,64,0,0,0,45.06155600599959,760,-21.888,-0.21599999999999997,0.1739980449657869,12.3,42,1,591,29
sweep-29,64,0,0,0,45.09957917399879,751,-16.416,-0.306,0.18475073313782991,12.3,42,1,591,29
sweep-29,64,0,0,0,45.13656903699848,742,-19.152,-0.24749999999999997,0.19550342130987292,12.3,42,1,591,29
sweep-29,64,0,0,0,45.172582575998604,733,-21.888,-0.26099999999999995,0.1739980449657869,12.3,42,1,591,29
sweep-29,64,0,0,0,45.21159840099972,725,-16.416,-0.24749999999999997,0.20039100684261973,12.3,42,1,591,29
sweep-29,64,0,0,0,45.24761643999955,714,-21.888,-0.26099999999999995,0.1739980449657869,12.3,42,1,591,29
sweep-29,64,0,0,0,45.284609135998835,706,-19.152,-0.2925,0.1798631476050831,12.1,42,1,591,29
sweep-29,64,0,0,0,45.3216214439999,697,-21.888,-0.26099999999999995,0.15835777126099707,12.1,42,1,591,29
sweep-29,64,0,0,0,45.35861860299883,688,-19.152,-0.32849999999999996,0.1798631476050831,12.1,42,1,591,29
sweep-29,64,0,0,0,45.39461582699914,680,-21.888,-0.24749999999999997,0.18963831867057673,12.3,42,1,591,29
sweep-29,64,0,0,0,45.430601884998396,670,-19.152,-0.27899999999999997,0.1798631476050831,12.3,42,1,591,27
sweep-29,64,0,0,0,45.46961028399892,661,-19.152,-0.252,0.1798631476050831,12.3,42,1,591,25
sweep-29,64,0,0,0,45.50962985899969,650,-21.888,-0.22949999999999998,0.14271749755620725,12.3,42,1,591,23
sweep-29,64,0,0,0,45.550658126998314,643,-16.416,-0.1845,0.16911045943304007,12.3,42,1,591,21
sweep-29,64,0,0,0,45.590646090999144,635,-13.680000000000001,-0.21599999999999997,0.15933528836754643,12.3,42,1,591,19
sweep-29,64,0,0,0,45.6306331099986,629,-10.944,-0.22049999999999997,0.1652003910068426,12.2,42,1,591,17
sweep-29,64,0,0,0,45.67063588799829,623,-13.680000000000001,-0.243,0.15933528836754643,12.2,42,1,591,15
sweep-29,64,0,0,0,45.71063577699897,618,-10.944,-0.20249999999999999,0.1652003910068426,12.2,42,1,591,13
sweep-29,64,0,0,0,45.751667563999945,613,-10.944,-0.1755,0.1495601173020528,12.3,42,1,591,11
sweep-29,64,0,0,0,45.791676397999254,609,-8.208,-0.18,0.15542521994134897,12.3,42,1,591,9
sweep-29,64,0,0,0,45.83167334299833,606,-5.472,-0.19349999999999998,0.16129032258064516,12.3,42,1,591,7
sweep-29,64,0,0,0,45.871696490999966,606,0.0,-0.3015,0.20332355816226785,12.3,42,1,2475,2
sweep-58,64,0,0,0,0.009015394000016386,607,0.0,0.0,0.0,12.3,42,1,607,1
sweep-58,64,0,0,0,0.04802890400060278,607,0.0,0.0,0.0,12.3,42,1,607,1
sweep-58,64,0,0,0,0.08402857300097821,607,0.0,0.0,0.0,12.3,42,1,607,1
sweep-58,64,0,0,0,0.12705287800054066,607,0.0,0.0,0.0,12.3,42,1,2475,3
sweep-58,64,0,0,0,0.1660449620012514,607,0.0,0.0,0.015640273704789834,12.3,42,1,2475,5
sweep-58,64,0,0,0,0.2020463530006964,607,0.0,0.013499999999999998,0.0469208211143695,12.3,42,1,2475,7
sweep-58,64,0,0,0,0.2422217780003848,607,0.0,0.05399999999999999,0.093841642228739,12.3,42,1,2475,9
sweep-58,64,0,0,0,0.28812436900079774,607,0.0,0.16199999999999998,0.14076246334310852,12.3,42,1,2475,11
sweep-58,64,0,0,0,0.3281924250004522,607,0.0,0.3015,0.20332355816226785,12.3,42,1,2475,13
sweep-58,64,0,0,0,0.368198776999634,609,5.472,0.351,0.23949169110459434,12.3,42,1,2475,15
sweep-58,64,0,0,0,0.4080888150001556,617,16.416,0.207,0.16911045943304007,12.3,42,1,2475,17
sweep-58,64,0,0,0,0.4503339420007251,625,13.680000000000001,0.13949999999999999,0.1436950146627566,12.3,42,1,2475,19
sweep-58,64,0,0,0,0.4890884920005192,631,8.208,0.26549999999999996,0.1710654936461388,12.3,42,1,2475,21
sweep-58,64,0,0,0,0.5290927330006525,632,0.0,0.40049999999999997,0.28152492668621704,12.3,44,1,2475,23
sweep-58,64,0,0,0,0.5690942520013778,642,24.624000000000002,0.31949999999999995,0.19941348973607037,12.3,44,1,2475,25
sweep-58,64,0,0,0,0.6090991040000517,650,13.680000000000001,0.32399999999999995,0.2375366568914956,12.1,44,1,2475,27
sweep-58,64,0,0,0,0.6491421230002743,666,32.832,0.144,0.08797653958944282,12.1,42,1,2475,29
sweep-58,64,0,0,0,0.6881416699998226,674,13.680000000000001,0.26549999999999996,0.15933528836754643,12.1,42,1,2475,31
sweep-58,64,0,0,0,0.7241310800000065,683,21.888,0.18899999999999997,0.15835777126099707,12.3,42,1,2475,33
sweep-58,64,0,0,0,0.7641465990000142,695,19.152,0.23399999999999999,0.16422287390029325,12.3,42,1,2475,35
sweep-58,64,0,0,0,0.8021561740006291,704,21.888,0.2835,0.18963831867057673,12.3,42,1,2475,36
sweep-58,64,0,0,0,0.839156019001166,715,27.360000000000003,0.2385,0.16226783968719452,12.3,42,1,2475,38
sweep-58,64,0,0,0,0.8781564729997626,731,30.096000000000004,0.16649999999999998,0.12512218963831867,12.3,42,1,2475,40
sweep-58,64,0,0,0,0.918163899999854,741,19.152,0.24749999999999997,0.19550342130987292,12.3,42,1,2475,42
sweep-58,64,0,0,0,0.9581748440014053,758,32.832,0.19349999999999998,0.11925708699902249,12.3,42,1,2475,44
sweep-58,64,0,0,0,0.998169364000205,770,24.624000000000002,0.3105,0.17790811339198437,12.3,42,1,2475,46
sweep-58,64,0,0,0,1.0351736709999386,785,35.568000000000005,0.24749999999999997,0.16129032258064516,12.3,42,1,2475,48
sweep-58,64,0,0,0,1.0721938670012605,801,32.832,0.2385,0.16617790811339198,12.1,42,1,2475,50
sweep-58,64,0,0,0,1.1121972010005265,820,38.304,0.19799999999999998,0.1241446725317693,12.1,42,1,2475,52
sweep-58,64,0,0,0,1.1521870530013985,836,30.096000000000004,0.22049999999999997,0.17204301075268819,12.1,42,1,2475,54
sweep-58,64,0,0,0,1.1922008680012368,854,35.568000000000005,0.27899999999999997,0.16129032258064516,12.3,42,1,2475,56
sweep-58,64,0,0,0,1.232227906000844,874,41.040000000000006,0.288,0.1652003910068426,12.3,42,1,2475,58
sweep-58,64,0,0,0,1.2694424520013854,892,41.040000000000006,0.27449999999999997,0.1652003910068426,12.3,42,1,2475,58
sweep-58,64,0,0,0,1.3052217710010154,912,43.776,0.22949999999999998,0.12805474095796676,12.3,42,1,2475,58
sweep-58,64,0,0,0,1.3442057629999908,932,43.776,0.2385,0.11241446725317693,12.3,42,1,2475,58
sweep-58,64,0,0,0,1.3802254130005167,947,30.096000000000004,0.288,0.20332355816226785,12.3,42,1,2475,58
sweep-58,64,0,0,0,1.4172369980005897,964,41.040000000000006,0.288,0.18084066471163246,12.2,42,1,2475,58
sweep-58,64,0,0,0,1.4552320370003144,982,35.568000000000005,0.369,0.20821114369501467,12.2,42,1,2475,58
sweep-58,64,0,0,0,1.4922319180004706,1002,43.776,0.24749999999999997,0.15933528836754643,12.2,42,1,2475,58
sweep-58,64,0,0,0,1.5282464940009959,1022,43.776,0.19349999999999998,0.12805474095796676,12.4,42,1,2475,58
sweep-58,64,0,0,0,1.5642499969999335,1039,35.568000000000005,0.3465,0.16129032258064516,12.4,42,1,2475,58
sweep-58,64,0,0,0,1.6032704139997804,1056,35.568000000000005,0.315,0.20821114369501467,12.4,42,1,2475,58
sweep-58,64,0,0,0,1.642270776001169,1076,38.304,0.39599999999999996,0.20234604105571846,12.3,42,1,2475,58
sweep-58,64,0,0,0,1.6822666650004976,1095,38.304,0.315,0.20234604105571846,12.3,42,1,2475,58
sweep-58,64,0,0,0,1.7202783150005416,1117,46.512,0.26999999999999996,0.1378299120234604,12.3,42,1,2475,58
sweep-58,64,0,0,0,1.7562867430006008,1137,43.776,0.2385,0.11241446725317693,12.2,42,1,2475,58
sweep-58,64,0,0,0,1.7923082260003866,1150,30.096000000000004,0.3105,0.20332355816226785,12.2,42,1,2475,58
sweep-58,64,0,0,0,1.830332505000115,1170,41.040000000000006,0.297,0.1652003910068426,12.2,42,1,2475,58
sweep-58,64,0,0,0,1.867331331000969,1187,35.568000000000005,0.43649999999999994,0.20821114369501467,12.2,42,1,2475,58
sweep-58,64,0,0,0,1.9034723690001556,1206,46.512,0.2565,0.16911045943304007,12.2,42,1,2475,58
sweep-58,64,0,0,0,1.9423169000001508,1228,43.776,0.2115,0.12805474095796676,12.2,43,1,2475,58
sweep-58,64,0,0,0,1.978323328001352,1246,38.304,0.23399999999999999,0.13978494623655913,12.2,43,1,2475,58
sweep-58,64,0,0,0,2.015333430999817,1261,32.832,0.31949999999999995,0.19745845552297164,12.3,43,1,2475,58
sweep-58,64,0,0,0,2.0533284510001977,1282,43.776,0.33749999999999997,0.1436950146627566,12.3,42,1,2475,58
sweep-58,64,0,0,0,2.090332722000312,1298,35.568000000000005,0.3735,0.20821114369501467,12.3,42,1,2475,58
sweep-58,64,0,0,0,2.126343205000012,1317,43.776,0.306,0.17497556207233628,12.3,42,1,2475,58
sweep-58,64,0,0,0,2.162334374001148,1337,43.776,0.22049999999999997,0.1436950146627566,12.3,42,1,2475,58
sweep-58,64,0,0,0,2.2003705610004545,1358,41.040000000000006,0.22499999999999998,0.13391984359726294,12.3,42,1,2475,58
sweep-58,64,0,0,0,2.2403734130002704,1376,38.304,0.26099999999999995,0.1710654936461388,12.3,42,1,2475,58
sweep-58,64,0,0,0,2.2803653760001907,1394,35.568000000000005,0.3735,0.19257086999022482,12.3,43,1,2475,58
sweep-58,64,0,0,0,2.320396969000285,1414,38.304,0.39149999999999996,0.20234604105571846,12.3,43,1,2475,58
sweep-58,64,0,0,0,2.3583855079996283,1434,43.776,0.252,0.15933528836754643,12.3,43,1,2475,58
sweep-58,64,0,0,0,2.3973987030003627,1456,46.512,0.18,0.12218963831867058,12.3,43,1,2475,58
sweep-58,64,0,0,0,2.4344035659996734,1475,41.040000000000006,0.22949999999999998,0.11827956989247312,12.3,43,1,2475,58
sweep-58,64,0,0,0,2.4703755310001725,1489,32.832,0.315,0.19745845552297164,12.3,43,1,2475,58
sweep-58,64,0,0,0,2.5083939579999424,1507,38.304,0.3645,0.20234604105571846,12.3,42,1,2475,58
sweep-58,64,0,0,0,2.545414932001222,1525,38.304,0.414,0.2238514173998045,12.3,42,1,2475,58
sweep-58,64,0,0,0,2.5843988320011704,1548,43.776,0.288,0.17497556207233628,12.3,42,1,2475,58
sweep-58,64,0,0,0,2.6244074429996544,1569,41.040000000000006,0.26549999999999996,0.1495601173020528,12.3,43,1,2475,58
sweep-58,64,0,0,0,2.6643932959996164,1591,43.776,0.207,0.11241446725317693,12.3,43,1,2475,58
sweep-58,64,0,0,0,2.704420296000535,1610,38.304,0.23399999999999999,0.13978494623655913,12.3,43,1,2475,58
sweep-58,64,0,0,0,2.742420853001022,1626,35.568000000000005,0.32399999999999995,0.16129032258064516,12.3,43,1,2475,58
sweep-58,64,0,0,0,2.7784326510009123,1643,38.304,0.39599999999999996,0.20234604105571846,12.3,43,1,2475,58
sweep-58,64,0,0,0,2.8144430610009294,1660,38.304,0.3645,0.20234604105571846,12.3,43,1,2475,58
sweep-58,64,0,0,0,2.852428580999913,1681,41.040000000000006,0.3105,0.18084066471163246,12.3,43,1,2475,58
sweep-58,64,0,0,0,2.8924350810011674,1702,41.040000000000006,0.22499999999999998,0.1652003910068426,12.3,42,1,2475,58
sweep-58,64,0,0,0,2.928463305999685,1722,41.040000000000006,0.22499999999999998,0.1495601173020528,12.3,42,1,2475,58
sweep-58,64,0,0,0,2.9684813060011948,1743,38.304,0.23399999999999999,0.15542521994134897,12.3,42,1,2475,58
sweep-58,64,0,0,0,3.008476676999635,1761,38.304,0.306,0.18670576735092864,12.3,43,1,2475,58
sweep-58,64,0,0,0,3.0484769550002966,1780,38.304,0.31949999999999995,0.20234604105571846,12.3,43,1,2475,58
sweep-58,64,0,0,0,3.0885030290010036,1800,41.040000000000006,0.32399999999999995,0.19648093841642228,12.3,43,1,2475,58
sweep-58,64,0,0,0,3.126500993999798,1819,43.776,0.3015,0.17497556207233628,12.3,43,1,2475,58
sweep-58,64,0,0,0,3.1625025700013794,1837,38.304,0.2925,0.18670576735092864,12.4,43,1,2475,58
sweep-58,64,0,0,0,3.1985212939998746,1856,41.040000000000006,0.315,0.1495601173020528,12.4,43,1,2475,58
sweep-58,64,0,0,0,3.2365243140011444,1874,38.304,0.3105,0.1652003910068426,12.4,42,1,2475,58
sweep-58,64,0,0,0,3.27650281500064,1893,38.304,0.33299999999999996,0.1710654936461388,12.3,42,1,2475,58
sweep-58,64,0,0,0,3.3125154839999595,1912,38.304,0.33749999999999997,0.18670576735092864,12.3,42,1,2475,58
sweep-58,64,0,0,0,3.3525425770003494,1932,41.040000000000006,0.33749999999999997,0.18084066471163246,12.3,42,1,2475,58
sweep-58,64,0,0,0,3.3925385590009682,1952,41.040000000000006,0.3105,0.18084066471163246,12.3,42,1,2475,58
sweep-58,64,0,0,0,3.432531041000402,1973,41.040000000000006,0.3105,0.1652003910068426,12.3,42,1,2475,58
sweep-58,64,0,0,0,3.4725359479998588,1993,41.040000000000006,0.3015,0.1652003910068426,12.3,43,1,2475,58
sweep-58,64,0,0,0,3.510532135000176,2010,38.304,0.3105,0.1710654936461388,12.1,43,1,2475,58
sweep-58,64,0,0,0,3.546553082000173,2028,38.304,0.315,0.18670576735092864,12.1,43,1,2475,58
sweep-58,64,0,0,0,3.5825482140007807,2045,38.304,0.33299999999999996,0.20234604105571846,12.1,42,1,2475,58
sweep-58,64,0,0,0,3.6205584930012265,2066,43.776,0.3015,0.15933528836754643,12.1,42,1,2475,58
sweep-58,64,0,0,0,3.6565491430010297,2084,41.040000000000006,0.2925,0.18084066471163246,12.1,42,1,2475,58
sweep-58,64,0,0,0,3.6935546170007,2102,41.040000000000006,0.33299999999999996,0.18084066471163246,12.1,43,1,2475,58
sweep-58,64,0,0,0,3.7295623230002093,2121,41.040000000000006,0.297,0.1652003910068426,12.1,43,1,2475,58
sweep-58,64,0,0,0,3.765569659000903,2138,38.304,0.351,0.18670576735092864,12.3,43,1,2475,58
sweep-58,64,0,0,0,3.8036016969999764,2157,38.304,0.315,0.18670576735092864,12.3,43,1,2475,58
sweep-58,64,0,0,0,3.840600004001317,2175,38.304,0.32849999999999996,0.18670576735092864,12.3,43,1,2475,58
sweep-58,64,0,0,0,3.8765973580011632,2193,38.304,0.34199999999999997,0.18670576735092864,12.3,43,1,2475,58
sweep-58,64,0,0,0,3.916597248000471,2213,38.304,0.32399999999999995,0.18670576735092864,12.3,43,1,2475,56
sweep-58,64,0,0,0,3.9526099350005097,2231,38.304,0.2565,0.18670576735092864,12.3,43,1,2475,54
sweep-58,64,0,0,0,3.9916179640003975,2250,35.568000000000005,0.27899999999999997,0.176930596285435,12.1,43,1,2475,52
sweep-58,64,0,0,0,4.031609890000254,2267,35.568000000000005,0.2835,0.176930596285435,12.1,43,1,2475,50
sweep-58,64,0,0,0,4.072620511000423,2285,35.568000000000005,0.27899999999999997,0.16129032258064516,12.1,43,1,2475,48
sweep-58,64,0,0,0,4.10961541100005,2299,30.096000000000004,0.2925,0.187683284457478,12.3,43,1,2475,46
sweep-58,64,0,0,0,4.145633690000977,2313,30.096000000000004,0.27899999999999997,0.187683284457478,12.3,43,1,2475,44
sweep-58,64,0,0,0,4.186626607001017,2329,32.832,0.315,0.15053763440860216,12.3,43,1,2475,42
sweep-58,64,0,0,0,4.225643265001054,2343,30.096000000000004,0.288,0.17204301075268819,12.3,43,1,2475,40
sweep-58,64,0,0,0,4.2656503210000665,2357,27.360000000000003,0.23399999999999999,0.16226783968719452,12.3,43,1,2475,38
sweep-58,64,0,0,0,4.310653996000838,2371,27.360000000000003,0.2565,0.16226783968719452,12.3,43,1,2475,36
sweep-58,64,0,0,0,4.350638089001222,2383,24.624000000000002,0.26549999999999996,0.1681329423264907,12.1,43,1,2475,34
sweep-58,64,0,0,0,4.390642274000129,2394,21.888,0.23399999999999999,0.18963831867057673,12.1,43,1,2475,32
sweep-58,64,0,0,0,4.430672886001048,2406,24.624000000000002,0.22949999999999998,0.15249266862170088,12.1,43,1,2475,30
sweep-58,64,0,0,0,4.466676109999753,2415,19.152,0.243,0.1798631476050831,12.1,43,1,2475,28
sweep-58,64,0,0,0,4.506691796001178,2426,21.888,0.243,0.15835777126099707,12.1,43,1,2475,26
sweep-58,64,0,0,0,4.546699259000889,2434,16.416,0.26999999999999996,0.16911045943304007,12.3,43,1,2475,24
sweep-58,64,0,0,0,4.586690778000047,2442,19.152,0.22499999999999998,0.16422287390029325,12.3,43,1,2475,22
sweep-58,64,0,0,0,4.626693555999736,2450,13.680000000000001,0.23399999999999999,0.15933528836754643,12.3,43,1,2475,20
sweep-58,64,0,0,0,4.667701768999905,2456,10.944,0.19799999999999998,0.1652003910068426,12.2,43,1,2475,18
sweep-58,64,0,0,0,4.708691538000494,2462,13.680000000000001,0.11699999999999999,0.12805474095796676,12.2,43,1,2475,16
sweep-58,64,0,0,0,4.748722334001286,2467,8.208,0.0765,0.09286412512218964,12.2,43,1,2475,14
sweep-58,64,0,0,0,4.7887055200008035,2469,0.0,0.05399999999999999,0.093841642228739,12.3,43,1,591,1
sweep-58,64,0,0,0,4.831748268999945,2468,0.0,0.058499999999999996,0.093841642228739,12.3,43,1,591,3
sweep-58,64,0,0,0,4.871725435999906,2466,0.0,0.08099999999999999,0.10948191593352884,12.3,43,1,591,5
sweep-58,64,0,0,0,4.911737140000696,2465,0.0,0.036,0.093841642228739,12.3,43,1,591,7
sweep-58,64,0,0,0,4.951779511000495,2466,0.0,0.0,0.03128054740957967,12.3,43,1,591,9
sweep-58,64,0,0,0,4.988753151999845,2465,0.0,0.0,0.0,12.3,43,1,591,11
sweep-58,64,0,0,0,5.025736921999851,2465,0.0,-0.036,0.06256109481915934,12.3,43,1,591,13
sweep-58,64,0,0,0,5.064750933001051,2465,0.0,-0.17099999999999999,0.14076246334310852,12.3,43,1,591,15
sweep-58,64,0,0,0,5.100741176000156,2465,0.0,-0.2565,0.21896383186705767,12.3,43,1,591,17
sweep-58,64,0,0,0,5.139750297001228,2461,-8.208,-0.369,0.23362658846529813,12.4,43,1,591,19
sweep-58,64,0,0,0,5.179750149000029,2455,-10.944,-0.33299999999999996,0.2434017595307918,12.4,43,1,591,21
sweep-58,64,0,0,0,5.22077936200003,2446,-19.152,-0.297,0.19550342130987292,12.4,43,1,591,23
sweep-58,64,0,0,0,5.260795121001138,2435,-21.888,-0.20249999999999999,0.14271749755620725,12.3,43,1,591,25
sweep-58,64,0,0,0,5.3007722519996605,2425,-19.152,-0.1575,0.13294232649071358,12.3,43,1,591,27
sweep-58,64,0,0,0,5.33979137300048,2418,-13.680000000000001,-0.27899999999999997,0.17497556207233628,12.3,43,1,591,29
sweep-58,64,0,0,0,5.380788104999738,2410,-16.416,-0.315,0.21603128054740958,12.3,43,1,591,31
sweep-58,64,0,0,0,5.420788846000505,2399,-21.888,-0.27899999999999997,0.18963831867057673,12.3,43,1,591,33
sweep-58,64,0,0,0,5.464795937001327,2386,-24.624000000000002,-0.21599999999999997,0.18377321603128055,12.3,43,1,591,35
sweep-58,64,0,0,0,5.500865124000484,2371,-30.096000000000004,-0.16649999999999998,0.10948191593352884,12.3,43,1,591,37
sweep-58,64,0,0,0,5.540884142999857,2359,-21.888,-0.18899999999999997,0.14271749755620725,12.3,43,1,591,39
sweep-58,64,0,0,0,5.580887439000435,2348,-24.624000000000002,-0.2925,0.18377321603128055,12.3,43,1,591,41
sweep-58,64,0,0,0,5.620902051001394,2336,-24.624000000000002,-0.297,0.21505376344086022,12.3,43,1,591,43
sweep-58,64,0,0,0,5.66087753300053,2320,-30.096000000000004,-0.315,0.187683284457478,12.3,43,1,591,45
sweep-58,64,0,0,0,5.701878505000423,2303,-35.568000000000005,-0.23399999999999999,0.14565004887585534,12.3,43,1,591,47
sweep-58,64,0,0,0,5.741896024001107,2285,-38.304,-0.21599999999999997,0.10850439882697947,12.1,43,1,591,49
sweep-58,64,0,0,0,5.781894784000542,2269,-32.832,-0.243,0.1348973607038123,12.1,43,1,591,51
sweep-58,64,0,0,0,5.8219311730008485,2253,-32.832,-0.2835,0.16617790811339198,12.1,43,1,591,53
sweep-58,64,0,0,0,5.861926098999902,2237,-32.832,-0.33299999999999996,0.2130987292277615,12.3,43,1,591,55
sweep-58,64,0,0,0,5.902910423999856,2218,-38.304,-0.351,0.20234604105571846,12.3,43,1,591,57
sweep-58,64,0,0,0,5.94293536800069,2198,-38.304,-0.33299999999999996,0.18670576735092864,12.3,43,1,591,58
sweep-58,64,0,0,0,5.978927944999668,2178,-43.776,-0.22499999999999998,0.1436950146627566,12.3,43,1,591,58
sweep-58,64,0,0,0,6.0168945389996225,2158,-43.776,-0.18,0.11241446725317693,12.3,43,1,591,58
sweep-58,64,0,0,0,6.052932726001018,2140,-38.304,-0.252,0.13978494623655913,12.3,43,1,591,58
sweep-58,64,0,0,0,6.089903719001086,2125,-35.568000000000005,-0.33299999999999996,0.19257086999022482,12.2,43,1,591,58
sweep-58,64,0,0,0,6.125897683999938,2108,-38.304,-0.351,0.20234604105571846,12.2,43,1,591,58
sweep-58,64,0,0,0,6.161904186999891,2091,-38.304,-0.351,0.2179863147605083,12.2,43,1,591,58
sweep-58,64,0,0,0,6.200908511000307,2070,-43.776,-0.27899999999999997,0.17497556207233628,12.1,43,1,591,58
sweep-58,64,0,0,0,6.240913049001392,2048,-41.040000000000006,-0.22949999999999998,0.1495601173020528,12.1,43,1,591,58
sweep-58,64,0,0,0,6.280903827000657,2025,-41.040000000000006,-0.1755,0.11827956989247312,12.1,43,1,591,58
sweep-58,64,0,0,0,6.316926032999618,2010,-30.096000000000004,-0.252,0.187683284457478,12.3,43,1,591,58
sweep-58,64,0,0,0,6.353942433001066,1994,-35.568000000000005,-0.38699999999999996,0.20821114369501467,12.3,43,1,591,58
sweep-58,64,0,0,0,6.391937637999945,1976,-38.304,-0.43199999999999994,0.2179863147605083,12.3,43,1,591,58
sweep-58,64,0,0,0,6.427944770000977,1956,-43.776,-0.33749999999999997,0.1906158357771261,12.3,43,1,591,58
sweep-58,64,0,0,0,6.4679456040012155,1933,-46.512,-0.19799999999999998,0.1378299120234604,12.3,43,1,591,58
sweep-58,64,0,0,0,6.5079648080009065,1912,-41.040000000000006,-0.16649999999999998,0.13391984359726294,12.3,43,1,591,58
sweep-58,64,0,0,0,6.552106046001427,1891,-38.304,-0.24749999999999997,0.13978494623655913,12.3,43,1,591,58
sweep-58,64,0,0,0,6.591980510000212,1875,-32.832,-0.3555,0.2130987292277615,12.3,43,1,591,58
sweep-58,64,0,0,0,6.628963151000789,1858,-38.304,-0.4095,0.2179863147605083,12.3,43,1,591,58
sweep-58,64,0,0,0,6.664974467999855,1840,-41.040000000000006,-0.40499999999999997,0.21212121212121213,12.3,43,1,591,58
sweep-58,64,0,0,0,6.702968802999749,1819,-43.776,-0.32399999999999995,0.17497556207233628,12.3,43,1,591,58
sweep-58,64,0,0,0,6.738981861000866,1798,-43.776,-0.23399999999999999,0.12805474095796676,12.3,43,1,591,58
sweep-58,64,0,0,0,6.775984445999711,1779,-41.040000000000006,-0.19799999999999998,0.11827956989247312,12.3,43,1,591,58
sweep-58,64,0,0,0,6.811995041000046,1763,-32.832,-0.2565,0.18181818181818182,12.3,43,1,591,58
sweep-58,64,0,0,0,6.84799946900057,1747,-35.568000000000005,-0.3645,0.19257086999022482,12.3,43,1,591,58
sweep-58,64,0,0,0,6.8840005270012625,1731,-35.568000000000005,-0.39149999999999996,0.23949169110459434,12.3,43,1,591,58
sweep-58,64,0,0,0,6.92002523300107,1713,-38.304,-0.31949999999999995,0.23362658846529813,12.3,43,1,591,58
sweep-58,64,0,0,0,6.958009789999778,1691,-43.776,-0.252,0.17497556207233628,12.3,43,1,591,58
sweep-58,64,0,0,0,6.994041866000771,1671,-41.040000000000006,-0.2565,0.1495601173020528,12.1,43,1,591,58
sweep-58,64,0,0,0,7.031048079999891,1650,-41.040000000000006,-0.22049999999999997,0.11827956989247312,12.1,43,1,591,58
sweep-58,64,0,0,0,7.067042398000922,1634,-32.832,-0.306,0.18181818181818182,12.1,43,1,591,58
sweep-58,64,0,0,0,7.107054361000337,1615,-38.304,-0.3555,0.18670576735092864,12.1,43,1,591,58
sweep-58,64,0,0,0,7.147056249999878,1598,-32.832,-0.38249999999999995,0.24437927663734116,12.1,43,1,591,58
sweep-58,64,0,0,0,7.187042417999692,1577,-43.776,-0.34199999999999997,0.1906158357771261,12.1,43,1,591,58
sweep-58,64,0,0,0,7.224065336000422,1558,-41.040000000000006,-0.3465,0.18084066471163246,12.1,43,1,591,58
sweep-58,64,0,0,0,7.286071049000384,1523,-43.776,-0.207,0.12805474095796676,12.3,43,1,591,58
sweep-58,64,0,0,0,7.322083977000148,1504,-38.304,-0.252,0.1241446725317693,12.3,43,1,591,58
sweep-58,64,0,0,0,7.358095794001201,1488,-35.568000000000005,-0.288,0.16129032258064516,12.3,43,1,591,58
sweep-58,64,0,0,0,7.394098054999631,1472,-35.568000000000005,-0.32849999999999996,0.19257086999022482,12.3,43,1,591,58
sweep-58,64,0,0,0,7.430088242999773,1456,-35.568000000000005,-0.4185,0.2238514173998045,12.3,43,1,591,58
sweep-58,64,0,0,0,7.467106531999889,1437,-41.040000000000006,-0.38249999999999995,0.21212121212121213,12.3,43,1,591,58
sweep-58,64,0,0,0,7.5041019870004675,1417,-41.040000000000006,-0.34199999999999997,0.18084066471163246,12.3,43,1,591,58
sweep-58,64,0,0,0,7.540103008001097,1397,-43.776,-0.22949999999999998,0.15933528836754643,12.3,43,1,591,58
sweep-58,64,0,0,0,7.576119213999846,1378,-41.040000000000006,-0.19349999999999998,0.1495601173020528,12.3,43,1,591,58
sweep-58,64,0,0,0,7.615118982999775,1358,-38.304,-0.22949999999999998,0.15542521994134897,12.3,43,1,591,58
sweep-58,64,0,0,0,7.654122104000635,1339,-38.304,-0.252,0.1710654936461388,12.3,43,1,591,58
sweep-58,64,0,0,0,7.692133735001335,1322,-38.304,-0.306,0.1710654936461388,12.3,43,1,591,58
sweep-58,64,0,0,0,7.730141811000067,1304,-38.304,-0.315,0.18670576735092864,12.3,43,1,591,58
sweep-58,64,0,0,0,7.767140674000984,1286,-38.304,-0.3465,0.20234604105571846,12.3,43,1,591,58
sweep-58,64,0,0,0,7.804162555001312,1267,-41.040000000000006,-0.315,0.18084066471163246,12.3,43,1,591,58
sweep-58,64,0,0,0,7.8421597050000855,1247,-41.040000000000006,-0.31949999999999995,0.1652003910068426,12.3,43,1,591,58
sweep-58,64,0,0,0,7.879157864001172,1228,-38.304,-0.26549999999999996,0.1710654936461388,12.3,43,1,591,58
sweep-58,64,0,0,0,7.916157818999636,1210,-38.304,-0.3105,0.1710654936461388,12.3,43,1,591,58
sweep-58,64,0,0,0,7.952182173001347,1192,-38.304,-0.288,0.1710654936461388,12.3,43,1,591,58
sweep-58,64,0,0,0,7.988170120001087,1175,-38.304,-0.27899999999999997,0.18670576735092864,12.3,43,1,591,58
sweep-58,64,0,0,0,8.02518252000118,1157,-41.040000000000006,-0.297,0.18084066471163246,12.3,43,1,591,58
sweep-58,64,0,0,0,8.062169402001018,1138,-41.040000000000006,-0.3105,0.18084066471163246,12.1,43,1,591,58
sweep-58,64,0,0,0,8.098184514999957,1120,-41.040000000000006,-0.33749999999999997,0.18084066471163246,12.1,43,1,591,58
sweep-58,64,0,0,0,8.134188035999614,1101,-41.040000000000006,-0.2835,0.1652003910068426,12.1,43,1,591,58
sweep-58,64,0,0,0,8.173212972000329,1081,-38.304,-0.288,0.1710654936461388,12.3,43,1,591,58
sweep-58,64,0,0,0,8.21421009200094,1061,-38.304,-0.32849999999999996,0.1710654936461388,12.3,43,1,591,58
sweep-58,64,0,0,0,8.253210120999938,1042,-38.304,-0.351,0.18670576735092864,12.3,43,1,591,58
sweep-58,64,0,0,0,8.293223436001426,1023,-38.304,-0.36,0.20234604105571846,12.3,43,1,591,58
sweep-58,64,0,0,0,8.331217752000157,1005,-38.304,-0.38699999999999996,0.20234604105571846,12.3,43,1,591,58
sweep-58,64,0,0,0,8.368242243999703,986,-41.040000000000006,-0.34199999999999997,0.18084066471163246,12.3,43,1,591,58
sweep-58,64,0,0,0,8.40522670000064,967,-41.040000000000006,-0.2835,0.18084066471163246,12.1,43,1,591,58
sweep-58,64,0,0,0,8.44124199900034,950,-41.040000000000006,-0.315,0.1652003910068426,12.1,43,1,591,58
sweep-58,64,0,0,0,8.47725016700133,933,-38.304,-0.2835,0.20234604105571846,12.1,43,1,591,58
sweep-58,64,0,0,0,8.516248455000095,912,-41.040000000000006,-0.32849999999999996,0.1652003910068426,12.2,43,1,591,58
sweep-58,64,0,0,0,8.555248855000173,893,-38.304,-0.3105,0.18670576735092864,12.2,43,1,591,58
sweep-58,64,0,0,0,8.595303243000672,873,-38.304,-0.3105,0.18670576735092864,12.2,43,1,591,58
sweep-58,64,0,0,0,8.637303891000556,854,-38.304,-0.315,0.18084066471163246,12.3,43,1,591,56
sweep-58,64,0,0,0,8.673278357000527,835,-41.040000000000006,-0.2835,0.1652003910068426,12.3,43,1,591,54
sweep-58,64,0,0,0,8.712281793001239,817,-38.304,-0.26099999999999995,0.15542521994134897,12.3,43,1,591,52
sweep-58,64,0,0,0,8.748287110000092,799,-38.304,-0.2565,0.15542521994134897,12.3,43,1,591,50
sweep-58,64,0,0,0,8.78830405500048,782,-35.568000000000005,-0.243,0.16129032258064516,12.3,43,1,591,48
sweep-58,64,0,0,0,8.82829022199985,765,-35.568000000000005,-0.243,0.14565004887585534,12.3,43,1,591,46
sweep-58,64,0,0,0,8.869301657001415,750,-32.832,-0.297,0.16617790811339198,12.3,43,1,591,44
sweep-58,64,0,0,0,8.909303102000194,736,-30.096000000000004,-0.27449999999999997,0.17204301075268819,12.3,43,1,591,42
sweep-58,64,0,0,0,8.946326741999655,723,-27.360000000000003,-0.3015,0.17790811339198437,12.3,43,1,591,41
sweep-58,64,0,0,0,8.985332067000854,709,-30.096000000000004,-0.243,0.15640273704789834,12.3,43,1,591,39
sweep-58,64,0,0,0,9.022322097000142,697,-27.360000000000003,-0.243,0.16226783968719452,12.3,43,1,591,37
sweep-58,64,0,0,0,9.058322673001385,687,-21.888,-0.27449999999999997,0.18963831867057673,12.3,43,1,591,35
sweep-58,64,0,0,0,9.097339257001295,674,-27.360000000000003,-0.22499999999999998,0.1466275659824047,12.3,43,1,591,33
sweep-58,64,0,0,0,9.133342815001015,665,-19.152,-0.252,0.19550342130987292,12.3,43,1,591,31
sweep-58,64,0,0,0,9.173351945000832,653,-21.888,-0.26099999999999995,0.15835777126099707,12.3,43,1,591,29
sweep-58,64,0,0,0,9.213356149000901,644,-16.416,-0.24749999999999997,0.18475073313782991,12.3,43,1,591,27
sweep-58,64,0,0,0,9.249365114999819,635,-19.152,-0.19799999999999998,0.16422287390029325,12.3,43,1,591,25
sweep-58,64,0,0,0,9.285358283999813,627,-16.416,-0.22949999999999998,0.16911045943304007,12.3,42,1,591,23
sweep-58,64,0,0,0,9.324373257000843,619,-16.416,-0.19799999999999998,0.16911045943304007,12.3,42,1,591,21
sweep-58,64,0,0,0,9.363372989000709,612,-13.680000000000001,-0.24749999999999997,0.15933528836754643,12.3,42,1,591,19
sweep-58,64,0,0,0,9.403384766999807,606,-10.944,-0.1485,0.1495601173020528,12.3,43,1,591,17
sweep-58,64,0,0,0,9.444374591001178,602,-5.472,-0.17099999999999999,0.14565004887585534,12.3,43,1,591,15
sweep-58,64,0,0,0,9.489394895001169,601,0.0,-0.144,0.15640273704789834,12.3,43,1,2475,3
sweep-58,64,0,0,0,9.529395266001302,603,0.0,-0.17099999999999999,0.15640273704789834,12.3,43,1,2475,5
sweep-58,64,0,0,0,9.5694031740004,605,5.472,-0.17099999999999999,0.1827956989247312,12.3,43,1,2475,7
sweep-58,64,0,0,0,9.609411045001252,605,0.0,-0.10799999999999998,0.12512218963831867,12.3,43,1,2475,9
sweep-58,64,0,0,0,9.64843873999962,604,0.0,-0.0045,0.06256109481915934,12.3,43,1,2475,11
sweep-58,64,0,0,0,9.684422483000162,604,0.0,0.0,0.0,12.3,43,1,2475,13
sweep-58,64,0,0,0,9.72143129000142,604,0.0,0.036,0.06256109481915934,12.3,43,1,2475,14
sweep-58,64,0,0,0,9.75743740300095,604,0.0,0.17099999999999999,0.12512218963831867,12.3,43,1,2475,16
sweep-58,64,0,0,0,9.796430653999778,604,0.0,0.40049999999999997,0.21896383186705767,12.3,43,1,2475,18
sweep-58,64,0,0,0,9.836453784000696,607,8.208,0.38249999999999995,0.24926686217008798,12.3,43,1,2475,20
sweep-58,64,0,0,0,9.8764581000014,616,19.152,0.26099999999999995,0.21114369501466276,12.3,43,1,2475,22
sweep-58,64,0,0,0,9.916470619000393,627,21.888,0.207,0.14271749755620725,12.3,43,1,2475,24
sweep-58,64,0,0,0,9.953471167000316,637,21.888,0.13049999999999998,0.11143695014662756,12.3,43,1,2475,26
sweep-58,64,0,0,0,9.992469009999695,645,16.416,0.13949999999999999,0.1378299120234604,12.3,43,1,2475,28
sweep-58,64,0,0,0,10.028467587000705,649,5.472,0.34199999999999997,0.23949169110459434,12.3,43,1,2475,30
sweep-58,64,0,0,0,10.068471569000394,660,27.360000000000003,0.288,0.17790811339198437,12.3,43,1,2475,32
sweep-58,64,0,0,0,10.108479254000486,670,16.416,0.31949999999999995,0.2316715542521994,12.3,43,1,2475,34
sweep-58,64,0,0,0,10.146489755001312,684,32.832,0.19349999999999998,0.1348973607038123,12.3,43,1,2475,36
sweep-58,64,0,0,0,10.18248973899972,696,19.152,0.23399999999999999,0.16422287390029325,12.3,43,1,2475,38
sweep-58,64,0,0,0,10.22148643500077,708,30.096000000000004,0.20249999999999999,0.14076246334310852,12.3,43,1,2475,40
sweep-58,64,0,0,0,10.261499528000058,721,21.888,0.315,0.1739980449657869,12.3,43,1,2475,42
sweep-58,64,0,0,0,10.301507232001313,734,30.096000000000004,0.252,0.17204301075268819,12.3,43,1,2475,44
sweep-58,64,0,0,0,10.341515214000538,750,35.568000000000005,0.243,0.14565004887585534,12.3,43,1,2475,46
sweep-58,64,0,0,0,10.382524389000537,766,32.832,0.18899999999999997,0.1348973607038123,12.3,43,1,2475,48
sweep-58,64,0,0,0,10.422518260000288,781,24.624000000000002,0.27449999999999997,0.18377321603128055,12.3,43,1,2475,50
sweep-58,64,0,0,0,10.46252953899966,798,38.304,0.243,0.15542521994134897,12.3,43,1,2475,52
sweep-58,64,0,0,0,10.502541169000324,815,32.832,0.36,0.20332355816226785,12.1,43,1,2475,54
sweep-58,64,0,0,0,10.543548215000556,835,43.776,0.2115,0.1436950146627566,12.1,43,1,2475,56
sweep-58,64,0,0,0,10.583560863000457,855,38.304,0.2565,0.15542521994134897,12.1,43,1,2475,58
sweep-58,64,0,0,0,10.626564149000842,877,41.040000000000006,0.21599999999999997,0.11827956989247312,12.3,43,1,2475,58
sweep-58,64,0,0,0,10.663573863999773,892,30.096000000000004,0.33749999999999997,0.20332355816226785,12.3,43,1,2475,58
sweep-58,64,0,0,0,10.700604597001075,911,43.776,0.3015,0.15933528836754643,12.3,43,1,2475,58
sweep-58,64,0,0,0,10.736590137001258,928,35.568000000000005,0.369,0.19257086999022482,12.3,43,1,2475,58
sweep-58,64,0,0,0,10.775578740000128,950,46.512,0.2565,0.1378299120234604,12.3,43,1,2475,58
sweep-58,64,0,0,0,10.815577147001022,972,46.512,0.22049999999999997,0.09090909090909091,12.3,43,1,2475,58
sweep-58,64,0,0,0,10.85558272200069,988,30.096000000000004,0.3105,0.187683284457478,12.3,43,1,2475,58
sweep-58,64,0,0,0,10.893586538000818,1007,46.512,0.252,0.1378299120234604,12.3,43,1,2475,58
sweep-58,64,0,0,0,10.931620002000273,1023,32.832,0.38699999999999996,0.2130987292277615,12.3,43,1,2475,58
sweep-58,64,0,0,0,10.968620902000112,1043,43.776,0.297,0.15933528836754643,12.1,43,1,2475,58
sweep-58,64,0,0,0,11.004622866999853,1062,43.776,0.21599999999999997,0.1436950146627566,12.1,43,1,2475,58
sweep-58,64,0,0,0,11.042626406000636,1083,41.040000000000006,0.23399999999999999,0.11827956989247312,12.1,43,1,2475,58
sweep-58,64,0,0,0,11.078618519000884,1100,35.568000000000005,0.26549999999999996,0.16129032258064516,12.3,43,1,2475,58
sweep-58,64,0,0,0,11.116633335001097,1118,41.040000000000006,0.297,0.1495601173020528,12.3,43,1,2475,58
sweep-58,64,0,0,0,11.155641233999631,1135,35.568000000000005,0.32849999999999996,0.19257086999022482,12.3,43,1,2475,58
sweep-58,64,0,0,0,11.19165014400096,1154,41.040000000000006,0.306,0.18084066471163246,12.3,43,1,2475,58
sweep-58,64,0,0,0,11.22864872900027,1173,41.040000000000006,0.2565,0.1652003910068426,12.3,43,1,2475,58
sweep-58,64,0,0,0,11.266656490000969,1195,46.512,0.18,0.10654936461388075,12.3,43,1,2475,58
sweep-58,64,0,0,0,11.303660297000533,1211,30.096000000000004,0.26549999999999996,0.187683284457478,12.3,43,1,2475,58
sweep-58,64,0,0,0,11.34085158400012,1228,38.304,0.26999999999999996,0.18670576735092864,12.3,43,1,2475,58
sweep-58,64,0,0,0,11.376665866000621,1246,38.304,0.315,0.18670576735092864,12.3,43,1,2475,58
sweep-58,64,0,0,0,11.415663932000825,1265,41.040000000000006,0.252,0.19648093841642228,12.3,43,1,2475,58
sweep-58,64,0,0,0,11.455674931999965,1288,46.512,0.207,0.1378299120234604,12.3,43,1,2475,58
sweep-58,64,0,0,0,11.49567837700124,1309,43.776,0.19349999999999998,0.12805474095796676,12.3,43,1,2475,58
sweep-58,64,0,0,0,11.533687434000967,1326,35.568000000000005,0.288,0.14565004887585534,12.3,43,1,2475,58
sweep-58,64,0,0,0,11.571694731001116,1341,32.832,0.4095,0.2130987292277615,12.3,43,1,2475,58
sweep-58,64,0,0,0,11.608699465001337,1360,41.040000000000006,0.3735,0.19648093841642228,12.3,43,1,2475,58
sweep-58,64,0,0,0,11.645715198001199,1377,35.568000000000005,0.423,0.23949169110459434,12.3,43,1,2475,58
sweep-58,64,0,0,0,11.683704514000055,1400,49.248000000000005,0.26099999999999995,0.13196480938416422,12.3,43,1,2475,58
sweep-58,64,0,0,0,11.719711220001045,1422,46.512,0.1755,0.10654936461388075,12.3,43,1,2475,58
sweep-58,64,0,0,0,11.756718324000758,1437,30.096000000000004,0.26999999999999996,0.17204301075268819,12.3,43,1,2475,58
sweep-58,64,0,0,0,11.794728120999935,1455,41.040000000000006,0.33299999999999996,0.1652003910068426,12.3,43,1,2475,58
sweep-58,64,0,0,0,11.831729669000197,1472,35.568000000000005,0.39599999999999996,0.2238514173998045,12.3,43,1,2475,58
sweep-58,64,0,0,0,11.868743458000608,1489,38.304,0.369,0.23362658846529813,12.3,43,1,2475,58
sweep-58,64,0,0,0,11.90675188500063,1511,46.512,0.26549999999999996,0.15347018572825025,12.1,43,1,2475,58
sweep-58,64,0,0,0,11.943756896000195,1532,46.512,0.19349999999999998,0.12218963831867058,12.1,43,1,2475,58
sweep-58,64,0,0,0,11.980756463000944,1552,41.040000000000006,0.252,0.11827956989247312,12.1,43,1,2475,58
sweep-58,64,0,0,0,12.016763076000643,1565,24.624000000000002,0.36,0.23069403714565004,12.1,43,1,2475,58
sweep-58,64,0,0,0,12.05577393800013,1586,43.776,0.3735,0.17497556207233628,12.1,43,1,2475,58
sweep-58,64,0,0,0,12.095784457000264,1603,35.568000000000005,0.44549999999999995,0.23949169110459434,12.1,43,1,2475,58
sweep-58,64,0,0,0,12.13578716200027,1627,49.248000000000005,0.2835,0.14760508308895406,12.3,43,1,2475,58
sweep-58,64,0,0,0,12.173783385000206,1647,43.776,0.22949999999999998,0.12805474095796676,12.3,43,1,2475,58
sweep-58,64,0,0,0,12.209800960999928,1668,43.776,0.243,0.11241446725317693,12.3,43,1,2475,58
sweep-58,64,0,0,0,12.246803750000254,1681,27.360000000000003,0.369,0.22482893450635386,12.1,43,1,2475,58
sweep-58,64,0,0,0,12.282815012000356,1698,38.304,0.39599999999999996,0.2179863147605083,12.1,43,1,2475,58
sweep-58,64,0,0,0,12.318806569999651,1714,38.304,0.4725,0.23362658846529813,12.1,43,1,2475,58
sweep-58,64,0,0,0,12.356834756001263,1736,46.512,0.33299999999999996,0.20039100684261973,12.1,43,1,2475,58
sweep-58,64,0,0,0,12.392838554000264,1759,49.248000000000005,0.22049999999999997,0.11632453567937438,12.1,43,1,2475,58
sweep-58,64,0,0,0,12.432863907000865,1780,43.776,0.252,0.11241446725317693,12.1,43,1,2475,58
sweep-58,64,0,0,0,12.46984552899994,1793,30.096000000000004,0.3465,0.21896383186705767,12.3,43,1,2475,58
sweep-58,64,0,0,0,12.507851141001083,1811,41.040000000000006,0.3645,0.19648093841642228,12.3,43,1,2475,58
sweep-58,64,0,0,0,12.544864708001114,1828,35.568000000000005,0.4725,0.23949169110459434,12.3,43,1,2475,58
sweep-58,64,0,0,0,12.580848839999817,1848,46.512,0.3735,0.18475073313782991,12.3,43,1,2475,58
sweep-58,64,0,0,0,12.61986677599998,1870,43.776,0.26099999999999995,0.1436950146627566,12.3,43,1,2475,58
sweep-58,64,0,0,0,12.655853889000355,1891,46.512,0.22499999999999998,0.10654936461388075,12.3,43,1,2475,58
sweep-58,64,0,0,0,12.695863723000002,1910,35.568000000000005,0.3105,0.14565004887585534,12.3,43,1,2475,58
sweep-58,64,0,0,0,12.73589000100037,1924,30.096000000000004,0.39149999999999996,0.25024437927663734,12.1,43,1,2475,58
sweep-58,64,0,0,0,12.776879418001045,1944,35.568000000000005,0.44099999999999995,0.23949169110459434,12.1,43,1,2475,58
sweep-58,64,0,0,0,12.81391979900036,1962,41.040000000000006,0.39599999999999996,0.22776148582600195,12.1,43,1,2475,58
sweep-58,64,0,0,0,12.84989256100016,1984,46.512,0.22949999999999998,0.16911045943304007,12.3,43,1,2475,58
sweep-58,64,0,0,0,12.887904655000966,2004,41.040000000000006,0.22949999999999998,0.1495601173020528,12.3,43,1,2475,58
sweep-58,64,0,0,0,12.925920600000609,2024,41.040000000000006,0.20249999999999999,0.13391984359726294,12.3,43,1,2475,58
sweep-58,64,0,0,0,12.96190704699984,2040,32.832,0.2925,0.18181818181818182,12.3,43,1,2475,58
sweep-58,64,0,0,0,12.998920169000485,2057,35.568000000000005,0.3735,0.20821114369501467,12.3,43,1,2475,58
sweep-58,64,0,0,0,13.036932819000867,2075,38.304,0.43649999999999994,0.2179863147605083,12.3,43,1,2475,58
sweep-58,64,0,0,0,13.072935764999784,2095,43.776,0.3735,0.1906158357771261,12.2,43,1,2475,58
sweep-58,64,0,0,0,13.109946073000174,2114,43.776,0.2835,0.15933528836754643,12.2,43,1,2475,58
sweep-58,64,0,0,0,13.147958093000852,2134,41.040000000000006,0.23399999999999999,0.1495601173020528,12.2,43,1,2475,58
sweep-58,64,0,0,0,13.183945632001269,2152,38.304,0.2385,0.1710654936461388,12.2,43,1,2475,58
sweep-58,64,0,0,0,13.220976624001196,2169,35.568000000000005,0.306,0.19257086999022482,12.2,43,1,2475,58
sweep-58,64,0,0,0,13.258975829001429,2187,38.304,0.3555,0.20234604105571846,12.2,43,1,2475,58
sweep-58,64,0,0,0,13.29598685900055,2206,38.304,0.36,0.20234604105571846,12.3,43,1,2475,57
sweep-58,64,0,0,0,13.336972831000821,2226,38.304,0.31949999999999995,0.18670576735092864,12.3,43,1,2475,55
sweep-58,64,0,0,0,13.376996258000872,2246,41.040000000000006,0.26999999999999996,0.1495601173020528,12.3,43,1,2475,53
sweep-58,64,0,0,0,13.412998425999831,2263,38.304,0.24749999999999997,0.13978494623655913,12.3,43,1,2475,51
sweep-58,64,0,0,0,13.448997188001158,2278,32.832,0.2565,0.16617790811339198,12.3,43,1,2475,49
sweep-58,64,0,0,0,13.48499793100018,2293,32.832,0.26099999999999995,0.16617790811339198,12.3,43,1,2475,47
sweep-58,64,0,0,0,13.52499302400065,2307,32.832,0.3015,0.16617790811339198,12.3,43,1,2475,45
sweep-58,64,0,0,0,13.560994415000096,2321,30.096000000000004,0.33299999999999996,0.187683284457478,12.3,43,1,2475,43
sweep-58,64,0,0,0,13.600003777000893,2336,30.096000000000004,0.27449999999999997,0.17204301075268819,12.3,43,1,2475,41
sweep-58,64,0,0,0,13.640030907001346,2351,30.096000000000004,0.24749999999999997,0.15640273704789834,12.3,43,1,2475,39
sweep-58,64,0,0,0,13.680024334000336,2365,24.624000000000002,0.26549999999999996,0.1681329423264907,12.3,43,1,2475,37
sweep-58,64,0,0,0,13.720030649001274,2376,21.888,0.23399999999999999,0.18963831867057673,12.3,43,1,2475,35
sweep-58,64,0,0,0,13.76002053800039,2389,24.624000000000002,0.252,0.1681329423264907,12.3,43,1,2475,33
sweep-58,64,0,0,0,13.80004409400135,2400,21.888,0.22949999999999998,0.1739980449657869,12.3,43,1,2475,31
sweep-58,64,0,0,0,13.841037418000269,2411,21.888,0.22949999999999998,0.1739980449657869,12.3,43,1,2475,29
sweep-58,64,0,0,0,13.879023790001156,2420,19.152,0.24749999999999997,0.16422287390029325,12.3,43,1,2475,28
sweep-58,64,0,0,0,13.918041245000495,2430,21.888,0.243,0.14271749755620725,12.3,43,1,2475,26
sweep-58,64,0,0,0,13.958098873999916,2437,13.680000000000001,0.2565,0.1906158357771261,12.3,43,1,2475,24
sweep-58,64,0,0,0,13.998060616000657,2447,19.152,0.2115,0.14858260019550343,12.3,43,1,2475,22
sweep-58,64,0,0,0,14.03806259799967,2453,13.680000000000001,0.2385,0.15933528836754643,12.3,43,1,2475,20
sweep-58,64,0,0,0,14.0770775710007,2459,13.680000000000001,0.17099999999999999,0.1436950146627566,12.3,43,1,2475,18
sweep-58,64,0,0,0,14.117094885999904,2464,10.944,0.09899999999999999,0.13391984359726294,12.3,43,1,2475,16
sweep-58,64,0,0,0,14.157083850001072,2468,5.472,0.05399999999999999,0.09872922776148582,12.3,43,1,2475,14
sweep-58,64,0,0,0,14.195092166000904,2469,0.0,0.05399999999999999,0.093841642228739,12.3,43,1,591,2
sweep-58,64,0,0,0,14.232109010001295,2468,0.0,0.05399999999999999,0.093841642228739,12.3,43,1,591,4
sweep-58,64,0,0,0,14.26810278999983,2466,-5.472,0.05399999999999999,0.10459433040078202,12.3,43,1,591,6
sweep-58,64,0,0,0,14.309098298999743,2465,0.0,0.018,0.07820136852394917,12.3,43,1,591,8
sweep-58,64,0,0,0,14.348119217000203,2466,0.0,0.0,0.015640273704789834,12.3,43,1,591,10
sweep-58,64,0,0,0,14.388125014000252,2466,0.0,-0.0045,0.03128054740957967,12.3,43,1,591,12
sweep-58,64,0,0,0,14.428119033000257,2466,0.0,-0.09899999999999999,0.10948191593352884,12.3,43,1,591,14
sweep-58,64,0,0,0,14.469124023000404,2466,0.0,-0.24749999999999997,0.187683284457478,12.3,43,1,591,16
sweep-58,64,0,0,0,14.508129126001222,2463,-5.472,-0.3015,0.20821114369501467,12.3,43,1,591,18
sweep-58,64,0,0,0,14.553168354999798,2457,-13.680000000000001,-0.3735,0.20625610948191594,12.3,43,1,591,20
sweep-58,64,0,0,0,14.594141106001189,2451,-10.944,-0.33749999999999997,0.2434017595307918,12.3,43,1,591,22
sweep-58,64,0,0,0,14.634143438999672,2440,-21.888,-0.22499999999999998,0.15835777126099707,12.3,43,1,591,24
sweep-58,64,0,0,0,14.6741445509997,2429,-19.152,-0.144,0.13294232649071358,12.3,43,1,591,26
sweep-58,64,0,0,0,14.71415503299977,2421,-13.680000000000001,-0.18899999999999997,0.15933528836754643,12.3,43,1,591,28
sweep-58,64,0,0,0,14.750206368000363,2414,-16.416,-0.3015,0.18475073313782991,12.3,43,1,591,30
sweep-58,64,0,0,0,14.795208653000373,2403,-21.888,-0.2835,0.18963831867057673,12.3,43,1,591,32
sweep-58,64,0,0,0,14.835918462000336,2391,-24.624000000000002,-0.22049999999999997,0.1681329423264907,12.1,43,1,591,34
sweep-58,64,0,0,0,14.872203924000132,2379,-24.624000000000002,-0.19799999999999998,0.15249266862170088,12.1,43,1,591,36
sweep-58,64,0,0,0,14.911201823000738,2364,-27.360000000000003,-0.18899999999999997,0.11534701857282502,12.1,43,1,591,38
sweep-58,64,0,0,0,14.951257916000031,2353,-21.888,-0.27449999999999997,0.15835777126099707,12.1,43,1,591,40
sweep-58,64,0,0,0,14.995236896000279,2341,-24.624000000000002,-0.288,0.19941348973607037,12.1,43,1,591,42
sweep-58,64,0,0,0,15.035242545000074,2327,-27.360000000000003,-0.297,0.20918866080156404,12.3,43,1,591,44
sweep-58,64,0,0,0,15.075213509000605,2310,-35.568000000000005,-0.2565,0.16129032258064516,12.3,43,1,591,46
sweep-58,64,0,0,0,15.115230657000211,2293,-35.568000000000005,-0.207,0.1300097751710655,12.3,43,1,591,48
sweep-58,64,0,0,0,15.155224565000026,2276,-32.832,-0.22049999999999997,0.1348973607038123,12.2,43,1,591,50
sweep-58,64,0,0,0,15.195230436000202,2260,-32.832,-0.19799999999999998,0.16617790811339198,12.2,43,1,591,52
sweep-58,64,0,0,0,15.235245288000442,2243,-32.832,-0.2925,0.18181818181818182,12.2,43,1,591,54
sweep-58,64,0,0,0,15.272308317000352,2226,-35.568000000000005,-0.315,0.19257086999022482,12.3,43,1,591,56
sweep-58,64,0,0,0,15.30925410600139,2209,-41.040000000000006,-0.315,0.18084066471163246,12.3,43,1,591,58
sweep-58,64,0,0,0,15.345269997000287,2189,-43.776,-0.2565,0.15933528836754643,12.3,43,1,591,58
sweep-58,64,0,0,0,15.384269378000681,2168,-41.040000000000006,-0.23399999999999999,0.1495601173020528,12.3,43,1,591,58
sweep-58,64,0,0,0,15.424256786000115,2147,-41.040000000000006,-0.2115,0.11827956989247312,12.3,43,1,591,58
sweep-58,64,0,0,0,15.464260804999867,2129,-32.832,-0.243,0.16617790811339198,12.3,43,1,591,58
sweep-58,64,0,0,0,15.501269909000257,2113,-35.568000000000005,-0.3465,0.19257086999022482,12.3,43,1,591,58
sweep-58,64,0,0,0,15.54029019600057,2094,-38.304,-0.40049999999999997,0.18670576735092864,12.3,43,1,591,58
sweep-58,64,0,0,0,15.576284050999675,2076,-38.304,-0.315,0.20234604105571846,12.3,43,1,591,58
sweep-58,64,0,0,0,15.613305265000236,2056,-41.040000000000006,-0.252,0.1652003910068426,12.3,43,1,591,58
sweep-58,64,0,0,0,15.651353987999755,2034,-43.776,-0.207,0.12805474095796676,12.3,43,1,591,58
sweep-58,64,0,0,0,15.691384748000928,2014,-41.040000000000006,-0.207,0.13391984359726294,12.3,43,1,591,58
sweep-58,64,0,0,0,15.729364230999636,1998,-32.832,-0.3015,0.19745845552297164,12.3,43,1,591,58
sweep-58,64,0,0,0,15.76838348199999,1979,-38.304,-0.3645,0.20234604105571846,12.4,43,1,591,58
sweep-58,64,0,0,0,15.807375492000574,1960,-38.304,-0.33749999999999997,0.2179863147605083,12.4,43,1,591,58
sweep-58,64,0,0,0,15.847387622001406,1938,-43.776,-0.27449999999999997,0.17497556207233628,12.1,43,1,591,58
sweep-58,64,0,0,0,15.885378271001173,1918,-43.776,-0.26999999999999996,0.12805474095796676,12.1,43,1,591,58
sweep-58,64,0,0,0,15.924373300000298,1897,-43.776,-0.207,0.11241446725317693,12.1,43,1,591,58
sweep-58,64,0,0,0,15.960406543001227,1882,-30.096000000000004,-0.2925,0.187683284457478,12.1,43,1,591,58
sweep-58,64,0,0,0,15.997394832000282,1865,-38.304,-0.3645,0.18670576735092864,12.3,43,1,591,58
sweep-58,64,0,0,0,16.035389611000937,1848,-35.568000000000005,-0.43649999999999994,0.2238514173998045,12.3,43,1,591,58
sweep-58,64,0,0,0,16.0723964179997,1829,-38.304,-0.33299999999999996,0.2179863147605083,12.3,43,1,591,58
sweep-58,64,0,0,0,16.112379641001098,1806,-43.776,-0.297,0.15933528836754643,12.3,43,1,591,58
sweep-58,64,0,0,0,16.149403930001426,1787,-43.776,-0.2385,0.1436950146627566,12.3,43,1,591,58
sweep-58,64,0,0,0,16.185377802999938,1768,-43.776,-0.18,0.12805474095796676,12.3,43,1,591,58
sweep-58,64,0,0,0,16.22138787900076,1751,-35.568000000000005,-0.2565,0.14565004887585534,12.2,43,1,591,58
sweep-58,64,0,0,0,16.259403529000338,1735,-32.832,-0.36,0.19745845552297164,12.2,43,1,591,58
sweep-58,64,0,0,0,16.295410845999868,1716,-38.304,-0.4275,0.20234604105571846,12.2,43,1,591,58
sweep-58,64,0,0,0,16.333474254000976,1699,-38.304,-0.3735,0.23362658846529813,12.3,43,1,591,58
sweep-58,64,0,0,0,16.369427126999653,1678,-43.776,-0.315,0.17497556207233628,12.3,43,1,591,58
sweep-58,64,0,0,0,16.408424840999942,1656,-41.040000000000006,-0.26099999999999995,0.1652003910068426,12.3,43,1,591,58
sweep-58,64,0,0,0,16.448430804000964,1634,-43.776,-0.23399999999999999,0.11241446725317693,12.3,43,1,591,58
sweep-58,64,0,0,0,16.488445712000612,1616,-35.568000000000005,-0.3105,0.16129032258064516,12.3,43,1,591,58
sweep-58,64,0,0,0,16.525467667001067,1600,-38.304,-0.351,0.18670576735092864,12.3,43,1,591,58
sweep-58,64,0,0,0,16.563461039000686,1583,-35.568000000000005,-0.38249999999999995,0.2238514173998045,12.3,43,1,591,58
sweep-58,64,0,0,0,16.600496476001354,1564,-38.304,-0.34199999999999997,0.2179863147605083,12.3,43,1,591,58
sweep-58,64,0,0,0,16.637448043000404,1545,-41.040000000000006,-0.3105,0.19648093841642228,12.3,43,1,591,58
sweep-58,64,0,0,0,16.6754679149999,1524,-41.040000000000006,-0.24749999999999997,0.18084066471163246,12.3,43,1,591,58
sweep-58,64,0,0,0,16.71246359200086,1503,-43.776,-0.20249999999999999,0.1436950146627566,12.3,43,1,591,58
sweep-58,64,0,0,0,16.751482990999648,1482,-41.040000000000006,-0.23399999999999999,0.13391984359726294,12.3,43,1,591,58
sweep-58,64,0,0,0,16.792507371001193,1464,-35.568000000000005,-0.252,0.16129032258064516,12.3,43,1,591,58
sweep-58,64,0,0,0,16.83149323300131,1446,-38.304,-0.33749999999999997,0.18670576735092864,12.3,43,1,591,58
sweep-58,64,0,0,0,16.871504492000895,1426,-41.040000000000006,-0.34199999999999997,0.18084066471163246,12.3,43,1,591,58
sweep-58,64,0,0,0,16.910552743000153,1408,-38.304,-0.306,0.20234604105571846,12.3,43,1,591,58
sweep-58,64,0,0,0,16.948504171001332,1387,-43.776,-0.2835,0.15933528836754643,12.3,43,1,591,58
sweep-58,64,0,0,0,16.984533505999934,1368,-41.040000000000006,-0.297,0.1652003910068426,12.3,43,1,591,58
sweep-58,64,0,0,0,17.021538758001043,1350,-38.304,-0.243,0.1710654936461388,12.3,43,1,591,58
sweep-58,64,0,0,0,17.059510556000532,1331,-38.304,-0.2925,0.1710654936461388,12.3,43,1,591,58
sweep-58,64,0,0,0,17.096529919001114,1313,-35.568000000000005,-0.351,0.19257086999022482,12.3,43,1,591,58
sweep-58,64,0,0,0,17.136542899999768,1293,-38.304,-0.38699999999999996,0.18670576735092864,12.1,43,1,591,58
sweep-58,64,0,0,0,17.176521770999898,1273,-41.040000000000006,-0.33749999999999997,0.18084066471163246,12.1,43,1,591,58
sweep-58,64,0,0,0,17.21651908700005,1253,-41.040000000000006,-0.33299999999999996,0.18084066471163246,12.1,43,1,591,58
sweep-58,64,0,0,0,17.2555314300007,1233,-41.040000000000006,-0.34199999999999997,0.18084066471163246,12.1,43,1,591,58
sweep-58,64,0,0,0,17.293557172000874,1215,-41.040000000000006,-0.252,0.18670576735092864,12.1,43,1,591,58
sweep-58,64,0,0,0,17.33155650700064,1195,-41.040000000000006,-0.2565,0.1495601173020528,12.1,43,1,591,58
sweep-58,64,0,0,0,17.36855629599995,1177,-38.304,-0.26999999999999996,0.1710654936461388,12.3,43,1,591,58
sweep-58,64,0,0,0,17.405573399000787,1160,-38.304,-0.3465,0.18670576735092864,12.3,43,1,591,58
sweep-58,64,0,0,0,17.44357369700083,1141,-41.040000000000006,-0.351,0.18084066471163246,12.3,43,1,591,58
sweep-58,64,0,0,0,17.48057057799997,1122,-41.040000000000006,-0.315,0.18084066471163246,12.2,43,1,591,58
sweep-58,64,0,0,0,17.51657748800062,1105,-38.304,-0.34199999999999997,0.18084066471163246,12.2,43,1,591,58
sweep-58,64,0,0,0,17.555587701999684,1085,-38.304,-0.306,0.18670576735092864,12.2,43,1,591,58
sweep-58,64,0,0,0,17.591640241000277,1066,-41.040000000000006,-0.315,0.1652003910068426,12.2,43,1,591,58
sweep-58,64,0,0,0,17.62860388199988,1049,-38.304,-0.34199999999999997,0.18670576735092864,12.3,43,1,591,58
sweep-58,64,0,0,0,17.66562435600099,1031,-38.304,-0.36,0.20234604105571846,12.3,43,1,591,58
sweep-58,64,0,0,0,17.70260105200032,1012,-38.304,-0.32399999999999995,0.20234604105571846,12.3,43,1,591,58
sweep-58,64,0,0,0,17.738625924999724,994,-41.040000000000006,-0.306,0.18084066471163246,12.3,43,1,591,58
sweep-58,64,0,0,0,17.777619657001196,975,-38.304,-0.32399999999999995,0.18670576735092864,12.3,43,1,591,58
sweep-58,64,0,0,0,17.81361293700138,957,-41.040000000000006,-0.306,0.18084066471163246,12.3,43,1,591,58
sweep-58,64,0,0,0,17.852619929000866,937,-38.304,-0.288,0.18670576735092864,12.3,43,1,591,58
sweep-58,64,0,0,0,17.890646466999897,919,-38.304,-0.32849999999999996,0.1710654936461388,12.3,43,1,591,58
sweep-58,64,0,0,0,17.928644802001145,900,-41.040000000000006,-0.3645,0.1652003910068426,12.3,43,1,591,58
sweep-58,64,0,0,0,17.965671552999993,882,-35.568000000000005,-0.3465,0.19257086999022482,12.3,43,1,591,58
sweep-58,64,0,0,0,18.002650583001014,864,-38.304,-0.3735,0.20234604105571846,12.3,43,1,591,57
sweep-58,64,0,0,0,18.04166955599976,845,-38.304,-0.33299999999999996,0.18670576735092864,12.3,43,1,591,55
sweep-58,64,0,0,0,18.077641448000577,826,-38.304,-0.2925,0.18670576735092864,12.4,43,1,591,53
sweep-58,64,0,0,0,18.11867364200043,806,-38.304,-0.22949999999999998,0.15542521994134897,12.4,43,1,591,51
sweep-58,64,0,0,0,18.158797678001065,788,-38.304,-0.26999999999999996,0.13978494623655913,12.4,43,1,591,49
sweep-58,64,0,0,0,18.19767061499988,772,-35.568000000000005,-0.26999999999999996,0.16129032258064516,12.4,43,1,591,47
sweep-58,64,0,0,0,18.237688523000543,756,-30.096000000000004,-0.288,0.17204301075268819,12.4,43,1,591,45
sweep-58,64,0,0,0,18.277692153000316,742,-27.360000000000003,-0.2835,0.1935483870967742,12.4,43,1,591,43
sweep-58,64,0,0,0,18.318690440000864,727,-30.096000000000004,-0.26099999999999995,0.17204301075268819,12.3,43,1,591,41
sweep-58,64,0,0,0,18.35870673700083,712,-30.096000000000004,-0.243,0.15640273704789834,12.3,43,1,591,39
sweep-58,64,0,0,0,18.398717645000943,700,-24.624000000000002,-0.2565,0.1681329423264907,12.3,43,1,591,37
sweep-58,64,0,0,0,18.438723590001246,686,-24.624000000000002,-0.2385,0.15249266862170088,12.3,43,1,591,35
sweep-58,64,0,0,0,18.47975165400021,674,-24.624000000000002,-0.22049999999999997,0.15249266862170088,12.3,43,1,591,33
sweep-58,64,0,0,0,18.52373806000105,663,-19.152,-0.2565,0.1798631476050831,12.3,43,1,591,31
sweep-58,64,0,0,0,18.559737285000665,653,-21.888,-0.22049999999999997,0.1739980449657869,12.1,43,1,591,29
sweep-58,64,0,0,0,18.596743314001287,645,-16.416,-0.243,0.18475073313782991,12.1,43,1,591,27
sweep-58,64,0,0,0,18.63273898300031,635,-21.888,-0.22499999999999998,0.15835777126099707,12.1,43,1,591,25
sweep-58,64,0,0,0,18.67173854900102,627,-13.680000000000001,-0.22499999999999998,0.1906158357771261,12.3,43,1,591,23
sweep-58,64,0,0,0,18.71173849400111,618,-19.152,-0.19349999999999998,0.16422287390029325,12.3,43,1,591,21
sweep-58,64,0,0,0,18.751788198000213,611,-13.680000000000001,-0.2115,0.15933528836754643,12.3,43,1,591,19
sweep-58,64,0,0,0,18.791770865000217,605,-10.944,-0.18,0.1495601173020528,12.3,43,1,591,17
sweep-58,64,0,0,0,18.832779152000512,602,0.0,-0.1575,0.17204301075268819,12.3,43,1,591,15
sweep-58,64,0,0,0,18.878774353999688,601,0.0,-0.1575,0.15640273704789834,12.3,43,1,2475,3
sweep-58,64,0,0,0,18.917790123001396,603,5.472,-0.1575,0.16715542521994134,12.3,43,1,2475,5
sweep-58,64,0,0,0,18.958919224000056,604,0.0,-0.126,0.15640273704789834,12.3,43,1,2475,7
sweep-58,64,0,0,0,18.99881437300064,605,0.0,-0.0765,0.12512218963831867,12.3,43,1,2475,9
sweep-58,64,0,0,0,19.034822208999685,604,0.0,-0.0045,0.06256109481915934,12.3,43,1,2475,11
sweep-58,64,0,0,0,19.074797432000196,604,0.0,0.0,0.0,12.3,43,1,2475,13
sweep-58,64,0,0,0,19.1148123210005,604,0.0,0.0315,0.06256109481915934,12.3,43,1,2475,15
sweep-58,64,0,0,0,19.151837739000257,604,0.0,0.1575,0.14076246334310852,12.3,43,1,2475,16
sweep-58,64,0,0,0,19.187816130999636,604,0.0,0.33749999999999997,0.21896383186705767,12.3,43,1,2475,18
sweep-58,64,0,0,0,19.223832687999675,606,5.472,0.44549999999999995,0.270772238514174,12.3,43,1,2475,20
sweep-58,64,0,0,0,19.262825957999667,615,19.152,0.2925,0.21114369501466276,12.3,43,1,2475,22
sweep-58,64,0,0,0,19.298842886000784,625,21.888,0.2115,0.15835777126099707,12.3,43,1,2475,24
sweep-58,64,0,0,0,19.33885212700079,637,21.888,0.126,0.09579667644183773,12.3,43,1,2475,26
sweep-58,64,0,0,0,19.38395531900096,644,13.680000000000001,0.22949999999999998,0.15933528836754643,12.3,43,1,2475,28
sweep-58,64,0,0,0,19.42290408900044,651,13.680000000000001,0.26999999999999996,0.20625610948191594,12.3,43,1,2475,30
sweep-58,64,0,0,0,19.45896544199968,661,24.624000000000002,0.297,0.1681329423264907,12.3,43,1,2475,32
sweep-58,64,0,0,0,19.502890682000725,672,19.152,0.26999999999999996,0.19550342130987292,12.3,43,1,2475,34
sweep-58,64,0,0,0,19.54499123700043,689,32.832,0.11699999999999999,0.10361681329423265,12.3,43,1,2475,36
sweep-58,64,0,0,0,19.583934321000925,696,10.944,0.26099999999999995,0.22776148582600195,12.3,43,1,2475,38
sweep-58,64,0,0,0,19.6288434220005,714,35.568000000000005,0.18,0.11436950146627566,12.3,43,1,2475,40
sweep-58,64,0,0,0,19.665893285000493,723,19.152,0.32849999999999996,0.21114369501466276,12.3,43,1,2475,42
sweep-58,64,0,0,0,19.703894989999753,736,32.832,0.27449999999999997,0.16617790811339198,12.3,43,1,2475,44
sweep-58,64,0,0,0,19.74489212899971,754,35.568000000000005,0.19349999999999998,0.1300097751710655,12.3,43,1,2475,46
sweep-58,64,0,0,0,19.784889685000962,771,35.568000000000005,0.1575,0.11436950146627566,12.3,43,1,2475,48
sweep-58,64,0,0,0,19.823951509000835,785,24.624000000000002,0.2835,0.18377321603128055,12.4,43,1,2475,50
sweep-58,64,0,0,0,19.86393921400122,802,38.304,0.3465,0.15542521994134897,12.4,43,1,2475,52
sweep-58,64,0,0,0,19.900935484,817,30.096000000000004,0.33749999999999997,0.20332355816226785,12.4,43,1,2475,54
sweep-58,64,0,0,0,19.937948587999927,836,43.776,0.21599999999999997,0.1436950146627566,12.3,43,1,2475,56
sweep-58,64,0,0,0,19.97794632899968,856,38.304,0.22049999999999997,0.15542521994134897,12.3,43,1,2475,58
sweep-58,64,0,0,0,20.013932867999756,876,41.040000000000006,0.21599999999999997,0.11827956989247312,12.3,43,1,2475,58
sweep-58,64,0,0,0,20.04993950000062,888,27.360000000000003,0.39599999999999996,0.20918866080156404,12.3,43,1,2475,58
sweep-58,64,0,0,0,20.08796105700094,910,46.512,0.3015,0.1378299120234604,12.3,43,1,2475,58
sweep-58,64,0,0,0,20.12396868900032,926,32.832,0.38249999999999995,0.2130987292277615,12.3,43,1,2475,58
sweep-58,64,0,0,0,20.16395363400079,948,43.776,0.26099999999999995,0.15933528836754643,12.3,43,1,2475,58
sweep-58,64,0,0,0,20.20397313400099,971,46.512,0.17099999999999999,0.09090909090909091,12.3,43,1,2475,58
sweep-58,64,0,0,0,20.243969412000297,987,30.096000000000004,0.2925,0.187683284457478,12.3,43,1,2475,58
sweep-58,64,0,0,0,20.284000431000095,1008,46.512,0.2835,0.1378299120234604,12.4,43,1,2475,58
sweep-58,64,0,0,0,20.32198239600075,1023,32.832,0.3645,0.2130987292277615,12.4,43,1,2475,58
sweep-58,64,0,0,0,20.357987823999792,1042,43.776,0.2835,0.17497556207233628,12.4,43,1,2475,58
sweep-58,64,0,0,0,20.39398316000006,1063,49.248000000000005,0.22049999999999997,0.11632453567937438,12.3,43,1,2475,58
sweep-58,64,0,0,0,20.431987383000887,1083,43.776,0.2385,0.0967741935483871,12.3,43,1,2475,58
sweep-58,64,0,0,0,20.468026477999956,1099,35.568000000000005,0.2925,0.16129032258064516,12.3,43,1,2475,58
sweep-58,64,0,0,0,20.50501234100011,1117,41.040000000000006,0.27899999999999997,0.1495601173020528,12.3,43,1,2475,58
sweep-58,64,0,0,0,20.54102788000091,1133,35.568000000000005,0.3465,0.19257086999022482,12.3,43,1,2475,58
sweep-58,64,0,0,0,20.577015975000904,1151,41.040000000000006,0.3015,0.18084066471163246,12.3,43,1,2475,58
sweep-58,64,0,0,0,20.613025736000054,1171,43.776,0.243,0.1436950146627566,12.3,43,1,2475,58
sweep-58,64,0,0,0,20.649033478999627,1190,43.776,0.1845,0.12805474095796676,12.1,43,1,2475,58
sweep-58,64,0,0,0,20.687025036000705,1208,35.568000000000005,0.2565,0.16129032258064516,12.1,43,1,2475,58
sweep-58,64,0,0,0,20.7230619460006,1223,32.832,0.27449999999999997,0.2130987292277615,12.1,43,1,2475,58
sweep-58,64,0,0,0,20.760065753000163,1243,41.040000000000006,0.33299999999999996,0.1652003910068426,12.1,43,1,2475,58
sweep-58,64,0,0,0,20.79805118100012,1259,35.568000000000005,0.36,0.2238514173998045,12.1,43,1,2475,58
sweep-58,64,0,0,0,20.83504980300131,1281,46.512,0.288,0.1378299120234604,12.1,43,1,2475,58
sweep-58,64,0,0,0,20.871076527000696,1300,41.040000000000006,0.19799999999999998,0.13391984359726294,12.3,43,1,2475,58
sweep-58,64,0,0,0,20.909080676001395,1319,35.568000000000005,0.2565,0.14565004887585534,12.3,43,1,2475,58
sweep-58,64,0,0,0,20.945079753000755,1336,35.568000000000005,0.2385,0.176930596285435,12.3,43,1,2475,58
sweep-58,64,0,0,0,20.983093884000482,1353,35.568000000000005,0.31949999999999995,0.19257086999022482,12.1,43,1,2475,58
sweep-58,64,0,0,0,21.022112616001323,1371,38.304,0.34199999999999997,0.20234604105571846,12.1,43,1,2475,58
sweep-58,64,0,0,0,21.058113248000154,1392,46.512,0.252,0.15347018572825025,12.1,43,1,2475,58
sweep-58,64,0,0,0,21.09711511000023,1414,43.776,0.23399999999999999,0.12805474095796676,12.1,43,1,2475,58
sweep-58,64,0,0,0,21.13411610300136,1433,43.776,0.2115,0.11241446725317693,12.1,43,1,2475,58
sweep-58,64,0,0,0,21.17011682700104,1450,35.568000000000005,0.3015,0.16129032258064516,12.1,43,1,2475,58
sweep-58,64,0,0,0,21.207132301000456,1466,38.304,0.33299999999999996,0.1710654936461388,12.3,43,1,2475,58
sweep-58,64,0,0,0,21.2461159780014,1484,38.304,0.369,0.20234604105571846,12.3,43,1,2475,58
sweep-58,64,0,0,0,21.28212096199968,1503,41.040000000000006,0.32399999999999995,0.18084066471163246,12.3,43,1,2475,58
sweep-58,64,0,0,0,21.31912258400007,1522,41.040000000000006,0.27449999999999997,0.1652003910068426,12.3,43,1,2475,58
sweep-58,64,0,0,0,21.357149696001215,1544,41.040000000000006,0.22049999999999997,0.13391984359726294,12.3,43,1,2475,58
sweep-58,64,0,0,0,21.393169586999647,1563,38.304,0.2385,0.13978494623655913,12.3,43,1,2475,58
sweep-58,64,0,0,0,21.430151061000288,1579,38.304,0.252,0.15542521994134897,12.3,43,1,2475,58
sweep-58,64,0,0,0,21.46815417400103,1596,35.568000000000005,0.3555,0.19257086999022482,12.3,43,1,2475,58
sweep-58,64,0,0,0,21.504144565000388,1614,38.304,0.33749999999999997,0.20234604105571846,12.3,43,1,2475,58
sweep-58,64,0,0,0,21.541162539000652,1632,41.040000000000006,0.33299999999999996,0.19648093841642228,12.3,43,1,2475,58
sweep-58,64,0,0,0,21.580354417999843,1653,43.776,0.3105,0.15933528836754643,12.3,43,1,2475,58
sweep-58,64,0,0,0,21.617160949001118,1674,41.040000000000006,0.252,0.1495601173020528,12.3,43,1,2475,58
sweep-58,64,0,0,0,21.656193311000607,1694,38.304,0.26549999999999996,0.15542521994134897,12.3,43,1,2475,58
sweep-58,64,0,0,0,21.696191293000084,1713,35.568000000000005,0.33299999999999996,0.176930596285435,12.3,43,1,2475,58
sweep-58,64,0,0,0,21.73619771900121,1733,41.040000000000006,0.3555,0.18084066471163246,12.3,43,1,2475,58
sweep-58,64,0,0,0,21.773274915000002,1749,35.568000000000005,0.3735,0.20821114369501467,12.3,43,1,2475,58
sweep-58,64,0,0,0,21.809182750999753,1768,41.040000000000006,0.351,0.18084066471163246,12.3,43,1,2475,58
sweep-58,64,0,0,0,21.845190587000616,1787,41.040000000000006,0.3015,0.1652003910068426,12.3,43,1,2475,58
sweep-58,64,0,0,0,21.919201702001374,1824,41.040000000000006,0.297,0.1652003910068426,12.3,43,1,2475,58
sweep-58,64,0,0,0,21.95622861999982,1842,41.040000000000006,0.297,0.1652003910068426,12.3,43,1,2475,58
sweep-58,64,0,0,0,21.992221455000617,1860,41.040000000000006,0.306,0.1652003910068426,12.3,43,1,2475,58
sweep-58,64,0,0,0,22.028234328001417,1877,38.304,0.31949999999999995,0.18670576735092864,12.3,43,1,2475,58
sweep-58,64,0,0,0,22.06422523800029,1896,41.040000000000006,0.34199999999999997,0.1652003910068426,12.3,43,1,2475,58
sweep-58,64,0,0,0,22.1002408330005,1913,41.040000000000006,0.34199999999999997,0.18084066471163246,12.3,43,1,2475,58
sweep-58,64,0,0,0,22.138227186000222,1933,41.040000000000006,0.3465,0.1652003910068426,12.3,43,1,2475,58
sweep-58,64,0,0,0,22.174248669000008,1951,41.040000000000006,0.315,0.1652003910068426,12.3,43,1,2475,58
sweep-58,64,0,0,0,22.211244494999846,1969,38.304,0.32399999999999995,0.1710654936461388,12.3,43,1,2475,58
sweep-58,64,0,0,0,22.247248924000814,1987,38.304,0.32399999999999995,0.18670576735092864,12.3,43,1,2475,58
sweep-58,64,0,0,0,22.28426510099962,2004,38.304,0.2925,0.18670576735092864,12.3,43,1,2475,58
sweep-58,64,0,0,0,22.320263585001157,2023,41.040000000000006,0.297,0.18084066471163246,12.3,43,1,2475,58
sweep-58,64,0,0,0,22.360275029999684,2043,38.304,0.31949999999999995,0.18670576735092864,12.3,43,1,2475,58
sweep-58,64,0,0,0,22.39629793899985,2062,41.040000000000006,0.297,0.18084066471163246,12.3,43,1,2475,58
sweep-58,64,0,0,0,22.433296635999795,2080,38.304,0.34199999999999997,0.18670576735092864,12.3,43,1,2475,58
sweep-58,64,0,0,0,22.470300573000713,2100,41.040000000000006,0.33299999999999996,0.1652003910068426,12.3,43,1,2475,58
sweep-58,64,0,0,0,22.51029612900129,2120,41.040000000000006,0.33299999999999996,0.1652003910068426,12.3,43,1,2475,58
sweep-58,64,0,0,0,22.55029687000024,2140,41.040000000000006,0.33749999999999997,0.1652003910068426,12.3,43,1,2475,58
sweep-58,64,0,0,0,22.59029807400111,2159,38.304,0.3465,0.18670576735092864,12.3,43,1,2475,58
sweep-58,64,0,0,0,22.627300621999893,2176,38.304,0.34199999999999997,0.18670576735092864,12.3,43,1,2475,58
sweep-58,64,0,0,0,22.663317754000673,2195,38.304,0.351,0.18670576735092864,12.3,43,1,2475,58
sweep-58,64,0,0,0,22.700328135000746,2213,38.304,0.32399999999999995,0.18670576735092864,12.3,43,1,2475,56
sweep-58,64,0,0,0,22.739320757000314,2231,38.304,0.26099999999999995,0.18670576735092864,12.4,43,1,2475,54
sweep-58,64,0,0,0,22.779329701999814,2250,35.568000000000005,0.27449999999999997,0.176930596285435,12.4,43,1,2475,52
sweep-58,64,0,0,0,22.81932951700037,2268,35.568000000000005,0.26549999999999996,0.176930596285435,12.4,43,1,2475,50
sweep-58,64,0,0,0,22.855333964000238,2285,35.568000000000005,0.2925,0.16129032258064516,12.4,43,1,2475,48
sweep-58,64,0,0,0,22.89434227000129,2301,30.096000000000004,0.33749999999999997,0.17204301075268819,12.4,43,1,2475,46
sweep-58,64,0,0,0,22.93434352999975,2315,30.096000000000004,0.3015,0.187683284457478,12.4,43,1,2475,44
sweep-58,64,0,0,0,22.97435778900035,2330,27.360000000000003,0.26099999999999995,0.1935483870967742,12.3,43,1,2475,42
sweep-58,64,0,0,0,23.0143765490011,2345,27.360000000000003,0.2835,0.17790811339198437,12.3,43,1,2475,40
sweep-58,64,0,0,0,23.055361744000038,2359,27.360000000000003,0.26099999999999995,0.16226783968719452,12.3,43,1,2475,38
sweep-58,64,0,0,0,23.099386705000143,2373,24.624000000000002,0.243,0.1681329423264907,12.3,43,1,2475,36
sweep-58,64,0,0,0,23.139379354000994,2385,24.624000000000002,0.23399999999999999,0.1681329423264907,12.3,43,1,2475,34
sweep-58,64,0,0,0,23.175374522999846,2396,21.888,0.23399999999999999,0.1739980449657869,12.3,43,1,2475,32
sweep-58,64,0,0,0,23.212383108000722,2406,24.624000000000002,0.26099999999999995,0.15249266862170088,12.0,43,1,2475,30
sweep-58,64,0,0,0,23.25140147000093,2415,19.152,0.252,0.1798631476050831,12.0,43,1,2475,28
sweep-58,64,0,0,0,23.29140084000028,2426,21.888,0.2385,0.14271749755620725,12.0,43,1,2475,26
sweep-58,64,0,0,0,23.330419813000844,2434,16.416,0.243,0.16911045943304007,12.3,43,1,2475,24
sweep-58,64,0,0,0,23.36649022200072,2442,16.416,0.19349999999999998,0.16911045943304007,12.3,43,1,2475,22
sweep-58,64,0,0,0,23.406452575000003,2450,13.680000000000001,0.20249999999999999,0.15933528836754643,12.3,43,1,2475,20
sweep-58,64,0,0,0,23.44643057600115,2455,10.944,0.19799999999999998,0.18084066471163246,12.3,43,1,2475,18
sweep-58,64,0,0,0,23.486416984000243,2462,13.680000000000001,0.144,0.12805474095796676,12.3,43,1,2475,16
sweep-58,64,0,0,0,23.526460114000656,2467,8.208,0.08099999999999999,0.09286412512218964,12.3,43,1,2475,14
sweep-58,64,0,0,0,23.566440984999645,2469,0.0,0.05399999999999999,0.093841642228739,12.1,43,1,2475,12
sweep-58,64,0,0,0,23.611450918000628,2468,0.0,0.05399999999999999,0.093841642228739,12.1,43,1,591,3
sweep-58,64,0,0,0,23.651453141001184,2467,0.0,0.08099999999999999,0.093841642228739,12.1,43,1,591,5
sweep-58,64,0,0,0,23.687459032000334,2465,0.0,0.058499999999999996,0.093841642228739,12.3,43,1,591,7
sweep-58,64,0,0,0,23.732453243001146,2466,0.0,0.0045,0.0469208211143695,12.3,43,1,591,9
sweep-58,64,0,0,0,23.772465836000265,2466,0.0,0.0,0.015640273704789834,12.3,43,1,591,11
sweep-58,64,0,0,0,23.81250344700129,2465,0.0,-0.036,0.06256109481915934,12.3,43,1,591,13
sweep-58,64,0,0,0,23.848497635000967,2465,0.0,-0.13949999999999999,0.12512218963831867,12.3,43,1,591,15
sweep-58,64,0,0,0,23.88848728300036,2464,0.0,-0.297,0.20332355816226785,12.1,43,1,591,17
sweep-58,64,0,0,0,23.928490821001105,2460,-10.944,-0.33749999999999997,0.21212121212121213,12.1,43,1,591,19
sweep-58,64,0,0,0,23.968531395001264,2455,-10.944,-0.3555,0.22776148582600195,12.1,43,1,591,21
sweep-58,64,0,0,0,24.008512043999872,2446,-19.152,-0.288,0.19550342130987292,12.1,43,1,591,23
sweep-58,64,0,0,0,24.04852876699988,2435,-21.888,-0.18,0.14271749755620725,12.1,43,1,591,25
sweep-58,64,0,0,0,24.088514025999757,2424,-19.152,-0.153,0.11730205278592376,12.1,43,1,591,27
sweep-58,64,0,0,0,24.1285153050012,2418,-10.944,-0.27449999999999997,0.18084066471163246,12.3,43,1,591,29
sweep-58,64,0,0,0,24.168519250000827,2410,-19.152,-0.32399999999999995,0.1798631476050831,12.3,43,1,591,31
sweep-58,64,0,0,0,24.20853291700041,2399,-21.888,-0.2835,0.18963831867057673,12.3,43,1,591,33
sweep-58,64,0,0,0,24.249534778000452,2386,-24.624000000000002,-0.2115,0.1739980449657869,12.3,43,1,591,35
sweep-58,64,0,0,0,24.289532204000352,2372,-27.360000000000003,-0.16649999999999998,0.13098729227761485,12.3,43,1,591,37
sweep-58,64,0,0,0,24.329539464000845,2359,-24.624000000000002,-0.18899999999999997,0.13685239491691104,12.3,43,1,591,39
sweep-58,64,0,0,0,24.369538298000407,2348,-21.888,-0.23399999999999999,0.18963831867057673,12.3,43,1,591,41
sweep-58,64,0,0,0,24.41055156600123,2335,-24.624000000000002,-0.306,0.19941348973607037,12.3,43,1,591,43
sweep-58,64,0,0,0,24.45055158499963,2320,-30.096000000000004,-0.3105,0.187683284457478,12.3,43,1,591,45
sweep-58,64,0,0,0,24.49055334500008,2304,-32.832,-0.26549999999999996,0.16617790811339198,12.3,43,1,591,47
sweep-58,64,0,0,0,24.530565475000913,2285,-38.304,-0.2115,0.10850439882697947,12.3,43,1,591,49
sweep-58,64,0,0,0,24.57057775300018,2270,-32.832,-0.243,0.15053763440860216,12.3,43,1,591,51
sweep-58,64,0,0,0,24.610644549000426,2253,-32.832,-0.3015,0.16617790811339198,12.3,43,1,591,53
sweep-58,64,0,0,0,24.65059416100121,2236,-35.568000000000005,-0.3015,0.176930596285435,12.3,43,1,591,55
sweep-58,64,0,0,0,24.687596265001048,2220,-35.568000000000005,-0.33299999999999996,0.19257086999022482,12.3,43,1,591,57
sweep-58,64,0,0,0,24.72359043400138,2202,-38.304,-0.26999999999999996,0.18670576735092864,12.3,43,1,591,58
sweep-58,64,0,0,0,24.7596073800014,2182,-43.776,-0.22949999999999998,0.1436950146627566,12.3,43,1,591,58
sweep-58,64,0,0,0,24.79860065000139,2162,-41.040000000000006,-0.207,0.13391984359726294,12.3,43,1,591,58
sweep-58,64,0,0,0,24.83463167100126,2142,-43.776,-0.2115,0.11241446725317693,12.3,43,1,591,58
sweep-58,64,0,0,0,24.87162475600053,2127,-32.832,-0.2835,0.16617790811339198,12.3,43,1,591,58
sweep-58,64,0,0,0,24.909628405001058,2109,-38.304,-0.31949999999999995,0.1710654936461388,12.3,43,1,591,58
sweep-58,64,0,0,0,24.946640287000264,2091,-38.304,-0.369,0.18670576735092864,12.1,43,1,591,58
sweep-58,64,0,0,0,24.98364987199966,2074,-38.304,-0.32849999999999996,0.20234604105571846,12.1,43,1,591,58
sweep-58,64,0,0,0,25.019644985000923,2052,-46.512,-0.26549999999999996,0.1378299120234604,12.1,43,1,591,58
sweep-58,64,0,0,0,25.055680543000562,2033,-43.776,-0.20249999999999999,0.12805474095796676,12.3,43,1,591,58
sweep-58,64,0,0,0,25.092683072,2014,-41.040000000000006,-0.24749999999999997,0.13391984359726294,12.3,43,1,591,58
sweep-58,64,0,0,0,25.12967860200115,1998,-32.832,-0.3015,0.19745845552297164,12.3,43,1,591,58
sweep-58,64,0,0,0,25.166703372000484,1981,-38.304,-0.351,0.20234604105571846,12.3,43,1,591,58
sweep-58,64,0,0,0,25.20269602300141,1963,-38.304,-0.38249999999999995,0.20234604105571846,12.3,43,1,591,58
sweep-58,64,0,0,0,25.24067758000092,1942,-43.776,-0.27899999999999997,0.15933528836754643,12.3,43,1,591,58
sweep-58,64,0,0,0,25.280680821000715,1921,-43.776,-0.26549999999999996,0.1436950146627566,12.3,43,1,591,58
sweep-58,64,0,0,0,25.320699654001146,1899,-43.776,-0.21599999999999997,0.11241446725317693,12.3,43,1,591,58
sweep-58,64,0,0,0,25.36070752500018,1882,-30.096000000000004,-0.27899999999999997,0.187683284457478,12.3,43,1,591,58
sweep-58,64,0,0,0,25.39870099000109,1865,-38.304,-0.33299999999999996,0.18670576735092864,12.3,43,1,591,58
sweep-58,64,0,0,0,25.436701454000286,1848,-35.568000000000005,-0.3735,0.2238514173998045,12.3,43,1,591,58
sweep-58,64,0,0,0,25.472709753001254,1829,-38.304,-0.351,0.20234604105571846,12.3,43,1,591,58
sweep-58,64,0,0,0,25.509712023000247,1809,-43.776,-0.3465,0.15933528836754643,12.3,43,1,591,58
sweep-58,64,0,0,0,25.54771791300118,1789,-43.776,-0.22049999999999997,0.1436950146627566,12.3,43,1,591,58
sweep-58,64,0,0,0,25.584718054000405,1768,-43.776,-0.22499999999999998,0.11241446725317693,12.3,43,1,591,58
sweep-58,64,0,0,0,25.623732822999955,1749,-38.304,-0.26999999999999996,0.13978494623655913,12.3,43,1,591,58
sweep-58,64,0,0,0,25.66372958300053,1732,-35.568000000000005,-0.3465,0.19257086999022482,12.3,43,1,591,58
sweep-58,64,0,0,0,25.70373213899984,1713,-35.568000000000005,-0.39599999999999996,0.2238514173998045,12.3,43,1,591,58
sweep-58,64,0,0,0,25.74174449200109,1695,-41.040000000000006,-0.34199999999999997,0.21212121212121213,12.3,43,1,591,58
sweep-58,64,0,0,0,25.780746336000448,1674,-43.776,-0.3105,0.17497556207233628,12.3,43,1,591,58
sweep-58,64,0,0,0,25.816761412001142,1652,-46.512,-0.23399999999999999,0.1378299120234604,12.3,43,1,591,58
sweep-58,64,0,0,0,25.853770626999903,1633,-41.040000000000006,-0.19799999999999998,0.11827956989247312,12.3,43,1,591,58
sweep-58,64,0,0,0,25.891771497999798,1617,-32.832,-0.306,0.18181818181818182,12.5,43,1,591,58
sweep-58,64,0,0,0,25.931781425000736,1598,-38.304,-0.31949999999999995,0.18670576735092864,12.5,43,1,591,58
sweep-58,64,0,0,0,25.968788325000787,1580,-38.304,-0.45449999999999996,0.20234604105571846,12.5,43,1,591,58
sweep-58,64,0,0,0,26.007788187000187,1560,-41.040000000000006,-0.369,0.19648093841642228,12.3,43,1,591,58
sweep-58,64,0,0,0,26.04877852900063,1538,-43.776,-0.33299999999999996,0.15933528836754643,12.3,43,1,591,58
sweep-58,64,0,0,0,26.08779520600001,1516,-43.776,-0.252,0.1436950146627566,12.3,43,1,591,58
sweep-58,64,0,0,0,26.125876725000126,1497,-43.776,-0.207,0.12805474095796676,12.3,43,1,591,58
sweep-58,64,0,0,0,26.16488443900016,1478,-38.304,-0.243,0.13978494623655913,12.3,43,1,591,58
sweep-58,64,0,0,0,26.200880812000833,1462,-35.568000000000005,-0.26549999999999996,0.1710654936461388,12.3,43,1,591,58
sweep-58,64,0,0,0,26.237880360000418,1445,-35.568000000000005,-0.306,0.20821114369501467,12.1,43,1,591,58
sweep-58,64,0,0,0,26.27587426900027,1427,-38.304,-0.3735,0.2179863147605083,12.1,43,1,591,58
sweep-58,64,0,0,0,26.315869027999724,1405,-41.040000000000006,-0.3555,0.19648093841642228,12.1,43,1,591,58
sweep-58,64,0,0,0,26.35188238200135,1385,-41.040000000000006,-0.26999999999999996,0.18084066471163246,12.1,43,1,591,58
sweep-58,64,0,0,0,26.391888957001356,1364,-41.040000000000006,-0.252,0.1495601173020528,12.1,43,1,591,58
sweep-58,64,0,0,0,26.43188882800132,1343,-41.040000000000006,-0.2835,0.13391984359726294,12.1,43,1,591,58
sweep-58,64,0,0,0,26.471890532000543,1324,-41.040000000000006,-0.31949999999999995,0.1495601173020528,12.3,43,1,591,58
sweep-58,64,0,0,0,26.509890052000628,1308,-35.568000000000005,-0.3105,0.19257086999022482,12.3,43,1,591,58
sweep-58,64,0,0,0,26.54791488600131,1289,-38.304,-0.36,0.18670576735092864,12.3,43,1,591,58
sweep-58,64,0,0,0,26.584894360999897,1271,-38.304,-0.32849999999999996,0.20234604105571846,12.3,43,1,591,58
sweep-58,64,0,0,0,26.621897111999715,1252,-41.040000000000006,-0.3015,0.18084066471163246,12.3,43,1,591,58
sweep-58,64,0,0,0,26.659895577000498,1233,-38.304,-0.306,0.18670576735092864,12.3,43,1,591,58
sweep-58,64,0,0,0,26.699895985000694,1212,-41.040000000000006,-0.2385,0.1652003910068426,12.1,43,1,591,58
sweep-58,64,0,0,0,26.736906922000344,1193,-38.304,-0.26099999999999995,0.1710654936461388,12.1,43,1,591,58
sweep-58,64,0,0,0,26.775897802001055,1174,-35.568000000000005,-0.306,0.19257086999022482,12.1,43,1,591,58
sweep-58,64,0,0,0,26.815908579999814,1154,-38.304,-0.31949999999999995,0.18670576735092864,12.3,43,1,591,58
sweep-58,64,0,0,0,26.855911470000137,1135,-38.304,-0.36,0.20234604105571846,12.3,43,1,591,58
sweep-58,64,0,0,0,26.893921971000964,1117,-41.040000000000006,-0.3015,0.18084066471163246,12.3,43,1,591,58
sweep-58,64,0,0,0,26.932931852001275,1097,-41.040000000000006,-0.3015,0.18084066471163246,12.3,43,1,591,58
sweep-58,64,0,0,0,26.97194676900108,1077,-41.040000000000006,-0.306,0.1652003910068426,12.3,43,1,591,58
sweep-58,64,0,0,0,27.008957947000454,1059,-38.304,-0.297,0.18670576735092864,12.3,43,1,591,58
sweep-58,64,0,0,0,27.04495017100089,1041,-38.304,-0.33299999999999996,0.1710654936461388,12.3,43,1,591,58
sweep-58,64,0,0,0,27.083941052000228,1022,-41.040000000000006,-0.32399999999999995,0.18084066471163246,12.3,43,1,591,58
sweep-58,64,0,0,0,27.120950026001083,1003,-38.304,-0.33749999999999997,0.18670576735092864,12.3,43,1,591,58
sweep-58,64,0,0,0,27.159991702001207,983,-38.304,-0.34199999999999997,0.18670576735092864,12.3,43,1,591,58
sweep-58,64,0,0,0,27.201014897000277,963,-41.040000000000006,-0.3465,0.18084066471163246,12.3,43,1,591,58
sweep-58,64,0,0,0,27.244993451000482,943,-38.304,-0.3555,0.18670576735092864,12.3,43,1,591,58
sweep-58,64,0,0,0,27.28098262000094,924,-38.304,-0.315,0.18670576735092864,12.1,43,1,591,58
sweep-58,64,0,0,0,27.318977177001216,906,-38.304,-0.32399999999999995,0.18670576735092864,12.1,43,1,591,58
sweep-58,64,0,0,0,27.357993206000174,887,-38.304,-0.306,0.18670576735092864,12.1,43,1,591,58
sweep-58,64,0,0,0,27.394987809000668,868,-38.304,-0.32399999999999995,0.20234604105571846,12.3,43,1,591,57
sweep-58,64,0,0,0,27.43500175400004,848,-38.304,-0.2835,0.18670576735092864,12.3,43,1,591,55
sweep-58,64,0,0,0,27.474995735999983,828,-41.040000000000006,-0.26549999999999996,0.1652003910068426,12.3,43,1,591,53
sweep-58,64,0,0,0,27.51401296900076,809,-38.304,-0.2565,0.15542521994134897,12.3,43,1,591,51
sweep-58,64,0,0,0,27.554034061000493,792,-32.832,-0.2385,0.16617790811339198,12.3,43,1,591,49
sweep-58,64,0,0,0,27.59401845100001,775,-30.096000000000004,-0.27899999999999997,0.17204301075268819,12.3,43,1,591,47
sweep-58,64,0,0,0,27.635035422999863,759,-30.096000000000004,-0.297,0.17204301075268819,12.2,43,1,591,45
sweep-58,64,0,0,0,27.67602872899988,743,-30.096000000000004,-0.3015,0.17204301075268819,12.2,43,1,591,43
sweep-58,64,0,0,0,27.71503416500127,729,-30.096000000000004,-0.23399999999999999,0.17204301075268819,12.2,43,1,591,41
sweep-58,64,0,0,0,27.755036702001235,715,-27.360000000000003,-0.26099999999999995,0.17790811339198437,12.3,43,1,591,39
sweep-58,64,0,0,0,27.795080350000717,702,-27.360000000000003,-0.24749999999999997,0.16226783968719452,12.3,43,1,591,37
sweep-58,64,0,0,0,27.83608302600078,688,-27.360000000000003,-0.2565,0.1466275659824047,12.3,43,1,591,35
sweep-58,64,0,0,0,27.87706098000126,677,-24.624000000000002,-0.21599999999999997,0.1681329423264907,12.3,43,1,591,33
sweep-58,64,0,0,0,27.91705479600023,666,-19.152,-0.26099999999999995,0.1798631476050831,12.3,43,1,591,31
sweep-58,64,0,0,0,27.957094629000494,655,-21.888,-0.2385,0.1739980449657869,12.3,43,1,591,29
sweep-58,64,0,0,0,27.997089833001155,645,-19.152,-0.2565,0.16422287390029325,12.3,43,1,591,27
sweep-58,64,0,0,0,28.037091944999702,635,-21.888,-0.22949999999999998,0.15835777126099707,12.3,43,1,591,25
sweep-58,64,0,0,0,28.07710381600009,627,-16.416,-0.26099999999999995,0.16911045943304007,12.3,43,1,591,23
sweep-58,64,0,0,0,28.117104798000582,619,-16.416,-0.19799999999999998,0.16911045943304007,12.3,43,1,591,21
sweep-58,64,0,0,0,28.157100280001032,611,-16.416,-0.2115,0.15347018572825025,12.3,43,1,591,19
sweep-58,64,0,0,0,28.197087577000275,606,-10.944,-0.1485,0.1652003910068426,12.3,43,1,591,17
sweep-58,64,0,0,0,28.23711542900128,602,-5.472,-0.18899999999999997,0.16129032258064516,12.3,43,1,591,15
sweep-58,64,0,0,0,28.282110899001054,602,0.0,-0.126,0.17204301075268819,12.3,43,1,2475,3
sweep-116,64,0,0,0,0.009005746000184445,604,0.0,0.0,0.0,12.3,43,1,604,1
sweep-116,64,0,0,0,0.047006394999698387,604,0.0,0.0,0.0,12.3,43,1,604,1
sweep-116,64,0,0,0,0.08301930499874288,604,0.0,0.0,0.0,12.3,43,1,604,1
sweep-116,64,0,0,0,0.1270082659993932,604,0.0,0.0,0.0,12.3,43,1,2475,3
sweep-116,64,0,0,0,0.16701674799878674,605,0.0,0.0,0.015640273704789834,12.3,43,1,2475,5
sweep-116,64,0,0,0,0.20702210099989315,604,0.0,0.013499999999999998,0.0469208211143695,12.3,43,1,2475,7
sweep-116,64,0,0,0,0.24701421200006735,604,0.0,0.049499999999999995,0.093841642228739,12.3,43,1,2475,9
sweep-116,64,0,0,0,0.2870224159996724,604,0.0,0.1575,0.14076246334310852,12.3,43,1,2475,11
sweep-116,64,0,0,0,0.3230506959989725,604,0.0,0.297,0.20332355816226785,12.3,43,1,2475,13
sweep-116,64,0,0,0,0.36305923399959283,605,0.0,0.3555,0.25024437927663734,12.3,43,1,2475,15
sweep-116,64,0,0,0,0.4030581409988372,611,13.680000000000001,0.2925,0.22189638318670576,12.3,43,1,2475,17
sweep-116,64,0,0,0,0.4400430969999434,620,21.888,0.20249999999999999,0.14271749755620725,12.3,43,1,2475,18
sweep-116,64,0,0,0,0.4780749499986996,629,19.152,0.126,0.10166177908113393,12.3,43,1,2475,20
sweep-116,64,0,0,0,0.5160894700002245,629,0.0,0.39599999999999996,0.25024437927663734,12.3,43,1,2475,22
sweep-116,64,0,0,0,0.5520650839989685,635,16.416,0.3465,0.2316715542521994,12.3,43,1,2475,24
sweep-116,64,0,0,0,0.5920775839986163,645,19.152,0.37799999999999995,0.19550342130987292,12.3,43,1,2475,26
sweep-116,64,0,0,0,0.632072046999383,653,16.416,0.3015,0.21603128054740958,12.3,43,1,2475,28
sweep-116,64,0,0,0,0.671110002000205,670,35.568000000000005,0.1215,0.06744868035190615,12.1,43,1,2475,30
sweep-116,64,0,0,0,0.707101818999945,675,8.208,0.26099999999999995,0.20234604105571846,12.1,43,1,2475,32
sweep-116,64,0,0,0,0.7471068750000995,688,30.096000000000004,0.13949999999999999,0.12512218963831867,12.1,43,1,2475,34
sweep-116,64,0,0,0,0.7871256899998116,696,10.944,0.27899999999999997,0.21212121212121213,12.3,43,1,2475,36
sweep-116,64,0,0,0,0.8270998019997933,708,27.360000000000003,0.2385,0.17790811339198437,12.3,43,1,2475,38
sweep-116,64,0,0,0,0.8641635719995975,721,27.360000000000003,0.23399999999999999,0.1466275659824047,12.3,43,1,2475,39
sweep-116,64,0,0,0,0.9041718309999851,736,30.096000000000004,0.1845,0.12512218963831867,12.3,43,1,2475,42
sweep-116,64,0,0,0,0.9441691279989755,749,30.096000000000004,0.207,0.14076246334310852,12.3,43,1,2475,44
sweep-116,64,0,0,0,0.9841682579990447,761,21.888,0.32849999999999996,0.20527859237536658,12.3,43,1,2475,46
sweep-116,64,0,0,0,1.024322923998625,777,32.832,0.351,0.18181818181818182,12.2,43,1,2475,48
sweep-116,64,0,0,0,1.0601440020000155,792,32.832,0.2835,0.19745845552297164,12.2,43,1,2475,50
sweep-116,64,0,0,0,1.1001495949985838,813,43.776,0.22049999999999997,0.11241446725317693,12.2,43,1,2475,52
sweep-116,64,0,0,0,1.1421420579990809,830,30.096000000000004,0.22499999999999998,0.15640273704789834,12.2,43,1,2475,54
sweep-116,64,0,0,0,1.180147262999526,849,38.304,0.26099999999999995,0.13978494623655913,12.2,43,1,2475,56
sweep-116,64,0,0,0,1.2201733179990697,865,32.832,0.3465,0.19745845552297164,12.2,43,1,2475,58
sweep-116,64,0,0,0,1.2611741979999351,886,41.040000000000006,0.3465,0.1652003910068426,12.3,43,1,2475,60
sweep-116,64,0,0,0,1.3021939659993222,907,41.040000000000006,0.3015,0.18084066471163246,12.3,43,1,2475,62
sweep-116,64,0,0,0,1.3421945779991802,931,49.248000000000005,0.22049999999999997,0.11632453567937438,12.3,43,1,2475,64
sweep-116,64,0,0,0,1.382204522999018,951,38.304,0.32849999999999996,0.1710654936461388,12.3,43,1,2475,66
sweep-116,64,0,0,0,1.4222004679995734,972,43.776,0.315,0.17497556207233628,12.3,43,1,2475,68
sweep-116,64,0,0,0,1.462194190999071,994,43.776,0.351,0.1906158357771261,12.3,43,1,2475,70
sweep-116,64,0,0,0,1.5022063209999033,1018,51.984,0.33299999999999996,0.1739980449657869,12.3,43,1,2475,72
sweep-116,64,0,0,0,1.5421993769996334,1043,51.984,0.243,0.15835777126099707,12.3,43,1,2475,74
sweep-116,64,0,0,0,1.5822265440001502,1071,54.720000000000006,0.243,0.12121212121212122,12.3,43,1,2475,76
sweep-116,64,0,0,0,1.6222269329991832,1096,46.512,0.297,0.16911045943304007,12.3,43,1,2475,78
sweep-116,64,0,0,0,1.6622334519997821,1121,49.248000000000005,0.34199999999999997,0.19452590420332355,12.3,43,1,2475,80
sweep-116,64,0,0,0,1.7022497489997477,1147,49.248000000000005,0.4275,0.2101661779081134,12.3,43,1,2475,82
sweep-116,64,0,0,0,1.7422387309998157,1176,57.456,0.4095,0.1935483870967742,12.3,43,1,2475,84
sweep-116,64,0,0,0,1.7832635550003033,1208,62.928000000000004,0.2925,0.15053763440860216,12.3,43,1,2475,86
sweep-116,64,0,0,0,1.8232571289991029,1238,60.19200000000001,0.297,0.14076246334310852,12.3,43,1,2475,88
sweep-116,64,0,0,0,1.863261758999215,1270,62.928000000000004,0.3015,0.11925708699902249,12.3,43,1,2475,90
sweep-116,64,0,0,0,1.9032678889998351,1297,54.720000000000006,0.351,0.19941348973607037,12.3,43,1,2475,92
sweep-116,64,0,0,0,1.943301925999549,1328,62.928000000000004,0.39599999999999996,0.18181818181818182,12.3,43,1,2475,94
sweep-116,64,0,0,0,1.9843069540002034,1358,60.19200000000001,0.513,0.23460410557184752,12.3,43,1,2475,96
sweep-116,64,0,0,0,2.024300936000145,1392,71.13600000000001,0.39149999999999996,0.18084066471163246,12.3,43,1,2475,98
sweep-116,64,0,0,0,2.064298751998649,1429,71.13600000000001,0.351,0.1495601173020528,12.4,43,1,2475,100
sweep-116,64,0,0,0,2.1043114739986777,1464,71.13600000000001,0.3105,0.13391984359726294,12.4,43,1,2475,102
sweep-116,64,0,0,0,2.1413013370001863,1495,68.4,0.33749999999999997,0.15542521994134897,12.4,43,1,2475,104
sweep-116,64,0,0,0,2.18030801399982,1527,65.664,0.39599999999999996,0.2072336265884653,12.3,43,1,2475,106
sweep-116,64,0,0,0,2.21831518199906,1561,71.13600000000001,0.4815,0.21212121212121213,12.3,43,1,2475,107
sweep-116,64,0,0,0,2.255346156000087,1597,71.13600000000001,0.45899999999999996,0.21212121212121213,12.3,43,1,2475,105
sweep-116,64,0,0,0,2.29533052700026,1637,79.34400000000001,0.36,0.14760508308895406,12.3,43,1,2475,103
sweep-116,64,0,0,0,2.3353414899993368,1675,73.872,0.2925,0.12805474095796676,12.3,43,1,2475,101
sweep-116,64,0,0,0,2.375337342999046,1710,68.4,0.3105,0.13978494623655913,12.3,43,1,2475,99
sweep-116,64,0,0,0,2.4153412689993274,1739,54.720000000000006,0.46799999999999997,0.24633431085043989,12.3,43,1,2475,97
sweep-116,64,0,0,0,2.455336510000052,1773,68.4,0.45449999999999996,0.20234604105571846,12.3,43,1,2475,95
sweep-116,64,0,0,0,2.4963374079998175,1804,60.19200000000001,0.45899999999999996,0.25024437927663734,12.3,43,1,2475,93
sweep-116,64,0,0,0,2.533352864000335,1835,68.4,0.33299999999999996,0.18670576735092864,12.3,43,1,2475,92
sweep-116,64,0,0,0,2.571339846999763,1868,68.4,0.252,0.10850439882697947,12.3,43,1,2475,90
sweep-116,64,0,0,0,2.611356679999517,1900,62.928000000000004,0.26999999999999996,0.11925708699902249,12.3,43,1,2475,88
sweep-116,64,0,0,0,2.6513589959995443,1926,49.248000000000005,0.34199999999999997,0.2101661779081134,12.3,43,1,2475,86
sweep-116,64,0,0,0,2.6913579779993597,1954,57.456,0.45449999999999996,0.1935483870967742,12.3,43,1,2475,84
sweep-116,64,0,0,0,2.730376764999164,1980,54.720000000000006,0.4815,0.23069403714565004,12.3,43,1,2475,82
sweep-116,64,0,0,0,2.771372237999458,2011,60.19200000000001,0.32399999999999995,0.187683284457478,12.0,43,1,2475,80
sweep-116,64,0,0,0,2.8083894519986643,2040,60.19200000000001,0.26549999999999996,0.14076246334310852,12.0,43,1,2475,78
sweep-116,64,0,0,0,2.8483928969999397,2069,54.720000000000006,0.2385,0.12121212121212122,12.0,43,1,2475,76
sweep-116,64,0,0,0,2.888413730999673,2092,41.040000000000006,0.33299999999999996,0.19648093841642228,12.3,43,1,2475,74
sweep-116,64,0,0,0,2.9284105459992134,2113,43.776,0.5175,0.25317693059628543,12.3,43,1,2475,72
sweep-116,64,0,0,0,2.9684122319995367,2138,49.248000000000005,0.486,0.22580645161290322,12.3,43,1,2475,70
sweep-116,64,0,0,0,3.011422648000007,2166,54.720000000000006,0.288,0.1681329423264907,12.3,43,1,2475,68
sweep-116,64,0,0,0,3.0514442029998463,2193,51.984,0.22049999999999997,0.11143695014662756,12.3,43,1,2475,66
sweep-116,64,0,0,0,3.0914746109992848,2216,46.512,0.2115,0.10654936461388075,12.3,43,1,2475,64
sweep-116,64,0,0,0,3.1324308989987912,2233,30.096000000000004,0.315,0.21896383186705767,12.3,43,1,2475,62
sweep-116,64,0,0,0,3.1724296209995373,2253,38.304,0.4725,0.2179863147605083,12.3,43,1,2475,60
sweep-116,64,0,0,0,3.212443602998974,2273,41.040000000000006,0.38699999999999996,0.22776148582600195,12.0,43,1,2475,58
sweep-116,64,0,0,0,3.2524544179996155,2296,43.776,0.22949999999999998,0.15933528836754643,12.0,43,1,2475,56
sweep-116,64,0,0,0,3.2904679749990464,2316,43.776,0.1845,0.11241446725317693,12.0,43,1,2475,54
sweep-116,64,0,0,0,3.3264866249992338,2334,41.040000000000006,0.19349999999999998,0.08699902248289346,12.3,43,1,2475,52
sweep-116,64,0,0,0,3.365515449999293,2346,24.624000000000002,0.37799999999999995,0.19941348973607037,12.3,43,1,2475,50
sweep-116,64,0,0,0,3.4024930169998697,2360,30.096000000000004,0.4095,0.21896383186705767,12.3,43,1,2475,48
sweep-116,64,0,0,0,3.442498128999432,2376,35.568000000000005,0.3735,0.19257086999022482,12.3,43,1,2475,46
sweep-116,64,0,0,0,3.4784950939992996,2393,38.304,0.252,0.15542521994134897,12.3,43,1,2475,44
sweep-116,64,0,0,0,3.514492928999971,2409,32.832,0.18,0.1348973607038123,12.3,43,1,2475,42
sweep-116,64,0,0,0,3.5535128470000927,2424,27.360000000000003,0.1485,0.11534701857282502,12.3,43,1,2475,40
sweep-116,64,0,0,0,3.5935238469992328,2434,21.888,0.19349999999999998,0.14271749755620725,12.3,43,1,2475,38
sweep-116,64,0,0,0,3.633517791999111,2442,16.416,0.243,0.16911045943304007,12.3,43,1,2475,36
sweep-116,64,0,0,0,3.673533421999309,2450,16.416,0.207,0.16911045943304007,12.3,43,1,2475,34
sweep-116,64,0,0,0,3.713536885999929,2457,13.680000000000001,0.19349999999999998,0.15933528836754643,12.3,43,1,2475,32
sweep-116,64,0,0,0,3.753535034000379,2464,16.416,0.09,0.09090909090909091,12.3,43,1,2475,30
sweep-116,64,0,0,0,3.7935609050000494,2469,8.208,0.0315,0.0772238514173998,12.3,43,1,2475,28
sweep-116,64,0,0,0,3.833551202000308,2471,0.0,0.018,0.06256109481915934,12.3,43,1,591,1
sweep-116,64,0,0,0,3.8775519969985908,2469,-5.472,0.0315,0.08895405669599218,12.3,43,1,591,3
sweep-116,64,0,0,0,3.914558896998642,2467,-5.472,0.05399999999999999,0.10459433040078202,12.3,43,1,591,5
sweep-116,64,0,0,0,3.954569822999474,2465,0.0,0.0315,0.093841642228739,12.3,43,1,591,7
sweep-116,64,0,0,0,3.994593396999335,2465,0.0,0.0,0.0469208211143695,12.3,43,1,591,9
sweep-116,64,0,0,0,4.030595084999732,2466,0.0,0.0,0.015640273704789834,12.4,43,1,591,11
sweep-116,64,0,0,0,4.070589251999991,2466,0.0,-0.049499999999999995,0.07820136852394917,12.4,43,1,591,13
sweep-116,64,0,0,0,4.110582474999319,2465,0.0,-0.126,0.14076246334310852,12.4,43,1,591,15
sweep-116,64,0,0,0,4.15058628999941,2464,0.0,-0.26099999999999995,0.20332355816226785,12.3,43,1,591,17
sweep-116,64,0,0,0,4.19059230899984,2459,-10.944,-0.33749999999999997,0.19648093841642228,12.3,43,1,591,19
sweep-116,64,0,0,0,4.230590383998788,2454,-10.944,-0.31949999999999995,0.22776148582600195,12.3,43,1,591,21
sweep-116,64,0,0,0,4.269610707999163,2446,-16.416,-0.22049999999999997,0.20039100684261973,12.1,43,1,591,23
sweep-116,64,0,0,0,4.305650135998803,2435,-21.888,-0.16649999999999998,0.14271749755620725,12.1,43,1,591,25
sweep-116,64,0,0,0,4.3456280439986585,2425,-16.416,-0.16649999999999998,0.1378299120234604,12.1,43,1,591,27
sweep-116,64,0,0,0,4.385640173999491,2417,-16.416,-0.23399999999999999,0.15347018572825025,12.3,43,1,591,29
sweep-116,64,0,0,0,4.425643581998884,2409,-19.152,-0.288,0.1798631476050831,12.3,43,1,591,31
sweep-116,64,0,0,0,4.4656518419997155,2398,-24.624000000000002,-0.26549999999999996,0.1681329423264907,12.3,43,1,591,33
sweep-116,64,0,0,0,4.505665990000125,2385,-27.360000000000003,-0.24749999999999997,0.1466275659824047,12.3,43,1,591,35
sweep-116,64,0,0,0,4.546659239998917,2371,-30.096000000000004,-0.17099999999999999,0.10948191593352884,12.3,43,1,591,37
sweep-116,64,0,0,0,4.587679119998938,2359,-24.624000000000002,-0.16649999999999998,0.12121212121212122,12.3,43,1,591,39
sweep-116,64,0,0,0,4.626669575000051,2346,-24.624000000000002,-0.243,0.15249266862170088,12.3,43,1,591,41
sweep-116,64,0,0,0,4.666677223000079,2334,-24.624000000000002,-0.315,0.18377321603128055,12.3,43,1,591,43
sweep-116,64,0,0,0,4.706674593999196,2320,-30.096000000000004,-0.315,0.187683284457478,12.3,43,1,591,45
sweep-116,64,0,0,0,4.747667954999997,2304,-32.832,-0.297,0.18181818181818182,12.3,43,1,591,47
sweep-116,64,0,0,0,4.787698770000134,2287,-35.568000000000005,-0.2115,0.14565004887585534,12.3,43,1,591,49
sweep-116,64,0,0,0,4.827693881999949,2268,-35.568000000000005,-0.1845,0.11436950146627566,12.3,43,1,591,51
sweep-116,64,0,0,0,4.867695307999384,2252,-30.096000000000004,-0.22949999999999998,0.15640273704789834,12.3,43,1,591,53
sweep-116,64,0,0,0,4.907714809000026,2236,-30.096000000000004,-0.3105,0.187683284457478,12.3,43,1,591,55
sweep-116,64,0,0,0,4.947722771999906,2219,-32.832,-0.3735,0.2287390029325513,12.3,43,1,591,57
sweep-116,64,0,0,0,4.987709588000143,2199,-41.040000000000006,-0.32399999999999995,0.19648093841642228,12.4,43,1,591,59
sweep-116,64,0,0,0,5.027737402999264,2176,-43.776,-0.3105,0.15933528836754643,12.4,43,1,591,61
sweep-116,64,0,0,0,5.065728145000321,2156,-46.512,-0.22949999999999998,0.1378299120234604,12.4,43,1,591,63
sweep-116,64,0,0,0,5.1017296469999565,2134,-43.776,-0.23399999999999999,0.12805474095796676,12.3,43,1,591,65
sweep-116,64,0,0,0,5.1417597029994795,2114,-38.304,-0.252,0.1710654936461388,12.3,43,1,591,67
sweep-116,64,0,0,0,5.18174040699887,2093,-43.776,-0.39599999999999996,0.1906158357771261,12.3,43,1,591,69
sweep-116,64,0,0,0,5.221744221998961,2071,-43.776,-0.44099999999999995,0.22189638318670576,12.3,43,1,591,71
sweep-116,64,0,0,0,5.261751463998735,2044,-51.984,-0.351,0.18963831867057673,12.3,43,1,591,73
sweep-116,64,0,0,0,5.301757537999947,2018,-51.984,-0.26099999999999995,0.1739980449657869,12.3,43,1,591,75
sweep-116,64,0,0,0,5.341775667999173,1990,-57.456,-0.22949999999999998,0.11534701857282502,12.1,43,1,591,77
sweep-116,64,0,0,0,5.381777779999538,1963,-54.720000000000006,-0.24749999999999997,0.12121212121212122,12.1,43,1,591,79
sweep-116,64,0,0,0,5.421778112999164,1937,-49.248000000000005,-0.315,0.16324535679374388,12.3,43,1,591,81
sweep-116,64,0,0,0,5.462794973998825,1912,-49.248000000000005,-0.40499999999999997,0.2101661779081134,12.3,43,1,591,83
sweep-116,64,0,0,0,5.502796455999487,1884,-54.720000000000006,-0.423,0.21505376344086022,12.3,43,1,591,85
sweep-116,64,0,0,0,5.542779661000168,1855,-60.19200000000001,-0.37799999999999995,0.20332355816226785,12.3,43,1,591,87
sweep-116,64,0,0,0,5.582796790999055,1823,-62.928000000000004,-0.3555,0.18181818181818182,12.3,43,1,591,89
sweep-116,64,0,0,0,5.623809280999922,1789,-65.664,-0.288,0.14467253176930597,12.3,43,1,591,91
sweep-116,64,0,0,0,5.663807188999272,1758,-62.928000000000004,-0.351,0.15053763440860216,12.3,43,1,591,93
sweep-116,64,0,0,0,5.70382402299947,1726,-60.19200000000001,-0.37799999999999995,0.17204301075268819,12.3,43,1,591,95
sweep-116,64,0,0,0,5.743810709000172,1695,-60.19200000000001,-0.39599999999999996,0.20332355816226785,12.3,43,1,591,97
sweep-116,64,0,0,0,5.783851950000098,1662,-62.928000000000004,-0.504,0.2287390029325513,12.3,43,1,591,99
sweep-116,64,0,0,0,5.8238473949986655,1628,-68.4,-0.414,0.20234604105571846,12.3,43,1,591,101
sweep-116,64,0,0,0,5.863856579999265,1593,-68.4,-0.39599999999999996,0.20234604105571846,12.3,43,1,591,103
sweep-116,64,0,0,0,5.903859357998954,1557,-71.13600000000001,-0.46799999999999997,0.19648093841642228,12.1,43,1,591,105
sweep-116,64,0,0,0,5.943863487998897,1519,-71.13600000000001,-0.44099999999999995,0.19648093841642228,12.1,43,1,591,107
sweep-116,64,0,0,0,5.984892959999343,1482,-71.13600000000001,-0.39149999999999996,0.18084066471163246,12.1,43,1,591,106
sweep-116,64,0,0,0,6.024895812999603,1445,-73.872,-0.351,0.17497556207233628,12.3,43,1,591,104
sweep-116,64,0,0,0,6.064884146999248,1409,-73.872,-0.351,0.15933528836754643,12.3,43,1,591,102
sweep-116,64,0,0,0,6.104902090999531,1371,-73.872,-0.369,0.1436950146627566,12.3,43,1,591,100
sweep-116,64,0,0,0,6.145881581998765,1337,-68.4,-0.33299999999999996,0.1710654936461388,12.3,43,1,591,98
sweep-116,64,0,0,0,6.18289468599869,1307,-65.664,-0.33299999999999996,0.1603128054740958,12.3,43,1,591,96
sweep-116,64,0,0,0,6.218912540000019,1276,-65.664,-0.34199999999999997,0.1603128054740958,12.3,43,1,591,94
sweep-116,64,0,0,0,6.256905948999702,1244,-62.928000000000004,-0.34199999999999997,0.16617790811339198,12.1,43,1,591,92
sweep-116,64,0,0,0,6.296917596999265,1214,-60.19200000000001,-0.39149999999999996,0.187683284457478,12.1,43,1,591,90
sweep-116,64,0,0,0,6.337931809999645,1182,-60.19200000000001,-0.36,0.17204301075268819,12.1,43,1,591,88
sweep-116,64,0,0,0,6.378926819999833,1152,-60.19200000000001,-0.3645,0.187683284457478,12.1,43,1,591,86
sweep-116,64,0,0,0,6.418944615999862,1122,-57.456,-0.351,0.17790811339198437,12.1,43,1,591,84
sweep-116,64,0,0,0,6.458941838998726,1092,-57.456,-0.306,0.16226783968719452,12.1,43,1,591,82
sweep-116,64,0,0,0,6.498937375999958,1063,-54.720000000000006,-0.33299999999999996,0.1681329423264907,12.3,43,1,591,80
sweep-116,64,0,0,0,6.539955292999366,1036,-54.720000000000006,-0.32849999999999996,0.1681329423264907,12.3,43,1,591,78
sweep-116,64,0,0,0,6.579941979000068,1009,-54.720000000000006,-0.31949999999999995,0.1681329423264907,12.3,43,1,591,76
sweep-116,64,0,0,0,6.619974848999846,983,-51.984,-0.36,0.1739980449657869,12.3,43,1,591,74
sweep-116,64,0,0,0,6.659968571999343,959,-49.248000000000005,-0.33749999999999997,0.17888563049853373,12.3,43,1,591,72
sweep-116,64,0,0,0,6.699985776000176,934,-49.248000000000005,-0.31949999999999995,0.17888563049853373,12.3,43,1,591,70
sweep-116,64,0,0,0,6.7399780549985735,910,-49.248000000000005,-0.315,0.16324535679374388,12.3,43,1,591,68
sweep-116,64,0,0,0,6.778986527999223,886,-46.512,-0.27899999999999997,0.16911045943304007,12.3,43,1,591,66
sweep-116,64,0,0,0,6.818990527999631,863,-43.776,-0.33299999999999996,0.17497556207233628,12.3,43,1,591,64
sweep-116,64,0,0,0,6.860005945000012,840,-43.776,-0.26999999999999996,0.15933528836754643,12.3,43,1,591,62
sweep-116,64,0,0,0,6.900001037998663,819,-41.040000000000006,-0.33299999999999996,0.1652003910068426,12.3,43,1,591,60
sweep-116,64,0,0,0,6.940011741999115,798,-41.040000000000006,-0.306,0.1652003910068426,12.3,43,1,591,58
sweep-116,64,0,0,0,6.98004294599923,778,-38.304,-0.306,0.1710654936461388,12.3,43,1,591,56
sweep-116,64,0,0,0,7.021044528999482,758,-38.304,-0.2925,0.15542521994134897,12.3,43,1,591,54
sweep-116,64,0,0,0,7.062045372000284,740,-38.304,-0.27449999999999997,0.176930596285435,12.3,43,1,591,52
sweep-116,64,0,0,0,7.102048316999571,723,-35.568000000000005,-0.243,0.16129032258064516,12.3,43,1,591,50
sweep-116,64,0,0,0,7.146067351999591,704,-35.568000000000005,-0.243,0.14565004887585534,12.3,43,1,591,48
sweep-116,64,0,0,0,7.186120444999688,689,-32.832,-0.288,0.16617790811339198,12.4,43,1,591,46
sweep-116,64,0,0,0,7.227083064999533,673,-32.832,-0.22949999999999998,0.16617790811339198,12.4,43,1,591,44
sweep-116,64,0,0,0,7.266071260999524,658,-30.096000000000004,-0.27899999999999997,0.15640273704789834,12.4,43,1,591,42
sweep-116,64,0,0,0,7.302065836998736,645,-27.360000000000003,-0.23399999999999999,0.16226783968719452,12.1,43,1,591,40
sweep-116,64,0,0,0,7.358068034000098,627,-24.624000000000002,-0.16649999999999998,0.12121212121212122,12.1,43,1,591,37
sweep-116,64,0,0,0,7.397240153999519,619,-16.416,-0.13949999999999999,0.15347018572825025,12.1,43,1,591,35
sweep-116,64,0,0,0,7.433569430999341,610,-19.152,-0.1485,0.11730205278592376,12.3,43,1,591,33
sweep-116,64,0,0,0,7.473088843000369,606,-8.208,-0.17099999999999999,0.15542521994134897,12.3,43,1,591,31
sweep-116,64,0,0,0,7.513093472998662,602,-8.208,-0.16199999999999998,0.13978494623655913,12.3,43,1,591,29
sweep-116,64,0,0,0,7.554090890000225,599,0.0,-0.1035,0.14076246334310852,12.3,43,1,591,27
sweep-116,64,0,0,0,7.59409450199928,599,0.0,-0.1035,0.12512218963831867,12.3,43,1,2475,2
sweep-116,64,0,0,0,7.630106040998726,599,0.0,-0.0765,0.10948191593352884,12.3,43,1,2475,4
sweep-116,64,0,0,0,7.670100133998858,600,0.0,-0.0315,0.10948191593352884,12.1,43,1,2475,6
sweep-116,64,0,0,0,7.710117208998781,600,0.0,-0.018,0.06256109481915934,12.1,43,1,2475,8
sweep-116,64,0,0,0,7.7501133939986175,599,0.0,0.0,0.015640273704789834,12.1,43,1,2475,10
sweep-116,64,0,0,0,7.790118209999491,599,0.0,0.013499999999999998,0.0469208211143695,12.3,43,1,2475,12
sweep-116,64,0,0,0,7.83012789500026,599,0.0,0.09899999999999999,0.10948191593352884,12.3,43,1,2475,14
sweep-116,64,0,0,0,7.870128859000033,600,0.0,0.207,0.17204301075268819,12.3,43,1,2475,16
sweep-116,64,0,0,0,7.909138090999477,603,8.208,0.33749999999999997,0.20234604105571846,12.3,43,1,2475,18
sweep-116,64,0,0,0,7.945140685998922,605,5.472,0.44099999999999995,0.270772238514174,12.3,43,1,2475,20
sweep-116,64,0,0,0,7.982205807000355,614,21.888,0.26099999999999995,0.18963831867057673,12.3,43,1,2475,21
sweep-116,64,0,0,0,8.020214678999764,625,21.888,0.1755,0.1270772238514174,12.3,43,1,2475,23
sweep-116,64,0,0,0,8.05822292099947,631,10.944,0.297,0.18084066471163246,12.3,43,1,2475,25
sweep-116,64,0,0,0,8.094233849000375,632,0.0,0.351,0.29716520039100686,12.3,43,1,2475,27
sweep-116,64,0,0,0,8.13421842400021,646,27.360000000000003,0.34199999999999997,0.17790811339198437,12.3,43,1,2475,29
sweep-116,64,0,0,0,8.174235812999541,654,16.416,0.32399999999999995,0.2316715542521994,12.3,43,1,2475,31
sweep-116,64,0,0,0,8.213262174998817,669,30.096000000000004,0.16199999999999998,0.14076246334310852,12.3,43,1,2475,33
sweep-116,64,0,0,0,8.249280140000337,683,27.360000000000003,0.126,0.08406647116324535,12.3,43,1,2475,35
sweep-116,64,0,0,0,8.29324019500018,691,13.680000000000001,0.2835,0.1906158357771261,12.3,43,1,2475,37
sweep-116,64,0,0,0,8.329229789998863,702,24.624000000000002,0.297,0.18377321603128055,12.3,43,1,2475,39
sweep-116,64,0,0,0,8.38223507099974,716,21.888,0.37799999999999995,0.23655913978494625,12.3,43,1,2475,41
sweep-116,64,0,0,0,8.420235702000355,733,35.568000000000005,0.243,0.14565004887585534,12.3,43,1,2475,43
sweep-116,64,0,0,0,8.456242185999145,749,41.040000000000006,0.1575,0.08699902248289346,12.3,43,1,2475,45
sweep-116,64,0,0,0,8.495237843999348,760,19.152,0.21599999999999997,0.19550342130987292,12.3,43,1,2475,47
sweep-116,64,0,0,0,8.535239733999333,780,41.040000000000006,0.16199999999999998,0.10263929618768329,12.3,43,1,2475,49
sweep-116,64,0,0,0,8.57224044800023,792,24.624000000000002,0.306,0.19941348973607037,12.3,43,1,2475,51
sweep-116,64,0,0,0,8.608248876998914,807,35.568000000000005,0.2565,0.176930596285435,12.3,43,1,2475,53
sweep-116,64,0,0,0,8.648249488000147,827,38.304,0.315,0.15542521994134897,12.3,43,1,2475,55
sweep-116,64,0,0,0,8.688250674000301,848,43.776,0.19799999999999998,0.11241446725317693,12.3,43,1,2475,57
sweep-116,64,0,0,0,8.727278775999366,866,35.568000000000005,0.243,0.14565004887585534,12.3,43,1,2475,59
sweep-116,64,0,0,0,8.763269222999952,882,35.568000000000005,0.26549999999999996,0.19257086999022482,12.3,43,1,2475,61
sweep-116,64,0,0,0,8.800279863999094,901,41.040000000000006,0.27449999999999997,0.18084066471163246,12.3,43,1,2475,62
sweep-116,64,0,0,0,8.836269847999574,919,38.304,0.3105,0.20234604105571846,12.3,43,1,2475,64
sweep-116,64,0,0,0,8.87229121999917,941,49.248000000000005,0.22949999999999998,0.14760508308895406,12.3,43,1,2475,66
sweep-116,64,0,0,0,8.912283183999534,964,46.512,0.22499999999999998,0.1378299120234604,12.3,43,1,2475,68
sweep-116,64,0,0,0,8.952284998998948,988,49.248000000000005,0.26549999999999996,0.11632453567937438,12.3,43,1,2475,70
sweep-116,64,0,0,0,8.992294222000055,1009,43.776,0.288,0.17497556207233628,12.3,43,1,2475,72
sweep-116,64,0,0,0,9.031314416999521,1032,46.512,0.3645,0.20039100684261973,12.3,43,1,2475,74
sweep-116,64,0,0,0,9.06730564099962,1055,46.512,0.3735,0.21603128054740958,12.3,43,1,2475,76
sweep-116,64,0,0,0,9.107320344999607,1084,57.456,0.26999999999999996,0.1466275659824047,12.3,43,1,2475,78
sweep-116,64,0,0,0,9.147323660999973,1112,57.456,0.23399999999999999,0.13098729227761485,12.3,43,1,2475,80
sweep-116,64,0,0,0,9.184329153000363,1136,51.984,0.3015,0.14271749755620725,12.3,43,1,2475,82
sweep-116,64,0,0,0,9.224339227999735,1162,51.984,0.3105,0.1739980449657869,12.3,43,1,2475,84
sweep-116,64,0,0,0,9.260344414999054,1187,51.984,0.38249999999999995,0.20527859237536658,12.3,43,1,2475,86
sweep-116,64,0,0,0,9.299355961999026,1216,57.456,0.4725,0.20918866080156404,12.3,43,1,2475,88
sweep-116,64,0,0,0,9.339348333000089,1248,62.928000000000004,0.315,0.16617790811339198,12.3,43,1,2475,90
sweep-116,64,0,0,0,9.37935953699889,1281,62.928000000000004,0.3105,0.15053763440860216,12.3,43,1,2475,92
sweep-116,64,0,0,0,9.420385860999886,1315,65.664,0.243,0.12903225806451613,12.1,43,1,2475,94
sweep-116,64,0,0,0,9.460366657998748,1346,62.928000000000004,0.34199999999999997,0.15053763440860216,12.1,43,1,2475,96
sweep-116,64,0,0,0,9.500379102999432,1376,62.928000000000004,0.40499999999999997,0.18181818181818182,12.3,43,1,2475,98
sweep-116,64,0,0,0,9.540369602998908,1409,62.928000000000004,0.423,0.2130987292277615,12.3,43,1,2475,100
sweep-116,64,0,0,0,9.581398723999882,1445,68.4,0.43649999999999994,0.18670576735092864,12.3,43,1,2475,102
sweep-116,64,0,0,0,9.622400991998802,1480,71.13600000000001,0.39599999999999996,0.19648093841642228,12.3,43,1,2475,104
sweep-116,64,0,0,0,9.659403039999233,1513,73.872,0.369,0.15933528836754643,12.3,43,1,2475,105
sweep-116,64,0,0,0,9.697427744999004,1549,73.872,0.3555,0.15933528836754643,12.3,43,1,2475,107
sweep-116,64,0,0,0,9.738425829000334,1585,71.13600000000001,0.4095,0.19648093841642228,12.1,43,1,2475,106
sweep-116,64,0,0,0,9.774426052999843,1620,71.13600000000001,0.36,0.18084066471163246,12.1,43,1,2475,104
sweep-116,64,0,0,0,9.814433460998771,1656,71.13600000000001,0.37799999999999995,0.18084066471163246,12.1,43,1,2475,102
sweep-116,64,0,0,0,9.854429646999051,1692,68.4,0.36,0.18670576735092864,12.1,43,1,2475,100
sweep-116,64,0,0,0,9.894432703000348,1728,65.664,0.3555,0.17595307917888564,12.1,43,1,2475,98
sweep-116,64,0,0,0,9.934443387999636,1763,65.664,0.315,0.1603128054740958,12.1,43,1,2475,96
sweep-116,64,0,0,0,9.975441767999655,1796,62.928000000000004,0.33749999999999997,0.18181818181818182,12.3,43,1,2475,94
sweep-116,64,0,0,0,10.01545504599926,1827,62.928000000000004,0.36,0.18181818181818182,12.3,43,1,2475,92
sweep-116,64,0,0,0,10.055457601998569,1859,62.928000000000004,0.36,0.16617790811339198,12.3,43,1,2475,90
sweep-116,64,0,0,0,10.095462342998871,1890,60.19200000000001,0.3465,0.17204301075268819,12.5,43,1,2475,88
sweep-116,64,0,0,0,10.135462770000231,1920,60.19200000000001,0.33299999999999996,0.17204301075268819,12.5,43,1,2475,86
sweep-116,64,0,0,0,10.176474390000294,1949,57.456,0.32849999999999996,0.17790811339198437,12.5,45,1,2475,84
sweep-116,64,0,0,0,10.21348540100007,1976,57.456,0.34199999999999997,0.16226783968719452,12.1,45,1,2475,82
sweep-116,64,0,0,0,10.252500354999938,2003,54.720000000000006,0.315,0.1681329423264907,12.1,45,1,2475,80
sweep-116,64,0,0,0,10.288499727999806,2028,54.720000000000006,0.3105,0.1681329423264907,12.1,43,1,2475,78
sweep-116,64,0,0,0,10.32749244200022,2055,51.984,0.369,0.1739980449657869,12.3,43,1,2475,76
sweep-116,64,0,0,0,10.367499793999741,2082,51.984,0.315,0.1739980449657869,12.3,43,1,2475,74
sweep-116,64,0,0,0,10.40752120199977,2107,49.248000000000005,0.297,0.17888563049853373,12.3,43,1,2475,72
sweep-116,64,0,0,0,10.447514554000009,2132,49.248000000000005,0.288,0.16324535679374388,12.3,43,1,2475,70
sweep-116,64,0,0,0,10.487525814000037,2156,46.512,0.32399999999999995,0.18475073313782991,12.3,43,1,2475,68
sweep-116,64,0,0,0,10.527524166000148,2180,46.512,0.3465,0.16911045943304007,12.3,43,1,2475,66
sweep-116,64,0,0,0,10.567536092999944,2203,46.512,0.3015,0.15347018572825025,12.1,43,1,2475,64
sweep-116,64,0,0,0,10.607548333999148,2224,41.040000000000006,0.32849999999999996,0.18084066471163246,12.1,43,1,2475,62
sweep-116,64,0,0,0,10.647546463998879,2245,43.776,0.2835,0.15933528836754643,12.1,43,1,2475,60
sweep-116,64,0,0,0,10.688586194999516,2266,41.040000000000006,0.315,0.1652003910068426,12.3,43,1,2475,58
sweep-116,64,0,0,0,10.725581687998783,2284,41.040000000000006,0.26549999999999996,0.1652003910068426,12.3,43,1,2475,57
sweep-116,64,0,0,0,10.763589004000096,2302,38.304,0.3105,0.1710654936461388,12.3,43,1,2475,55
sweep-116,64,0,0,0,10.80358292999881,2320,35.568000000000005,0.32399999999999995,0.176930596285435,12.3,43,1,2475,53
sweep-116,64,0,0,0,10.840587292999771,2336,35.568000000000005,0.26099999999999995,0.176930596285435,12.3,43,1,2475,51
sweep-116,64,0,0,0,10.876603202999831,2352,32.832,0.24749999999999997,0.16617790811339198,12.3,43,1,2475,49
sweep-116,64,0,0,0,10.915612471999339,2369,35.568000000000005,0.3015,0.16129032258064516,12.1,43,1,2475,47
sweep-116,64,0,0,0,10.951610086000073,2384,32.832,0.3105,0.16617790811339198,12.1,43,1,2475,45
sweep-116,64,0,0,0,10.99060954000015,2399,27.360000000000003,0.252,0.17790811339198437,12.1,43,1,2475,43
sweep-116,64,0,0,0,11.03161023499888,2415,30.096000000000004,0.19799999999999998,0.14076246334310852,12.1,43,1,2475,41
sweep-116,64,0,0,0,11.076653222999084,2429,27.360000000000003,0.19349999999999998,0.13098729227761485,12.1,43,1,2475,39
sweep-116,64,0,0,0,11.112762372998986,2439,21.888,0.16199999999999998,0.14271749755620725,12.1,43,1,2475,37
sweep-116,64,0,0,0,11.1567023159987,2449,19.152,0.1755,0.13294232649071358,12.3,43,1,2475,35
sweep-116,64,0,0,0,11.192684726000152,2455,10.944,0.1755,0.1495601173020528,12.3,43,1,2475,33
sweep-116,64,0,0,0,11.229666125998847,2459,8.208,0.207,0.15542521994134897,12.3,43,1,2475,31
sweep-116,64,0,0,0,11.268692469999223,2464,10.944,0.153,0.11827956989247312,12.3,43,1,2475,29
sweep-116,64,0,0,0,11.308657673998823,2466,5.472,0.09899999999999999,0.1300097751710655,12.3,43,1,2475,27
sweep-116,64,0,0,0,11.346698137998828,2467,0.0,0.1035,0.12512218963831867,12.3,43,1,591,2
sweep-116,64,0,0,0,11.387909848999698,2465,-5.472,0.09899999999999999,0.15151515151515152,12.3,43,1,591,4
sweep-116,64,0,0,0,11.431961606998811,2465,0.0,0.049499999999999995,0.093841642228739,12.3,43,1,591,7
sweep-116,64,0,0,0,11.47782505000032,2465,0.0,0.0045,0.06256109481915934,12.3,43,1,591,9
sweep-116,64,0,0,0,11.513701775998925,2465,0.0,0.0,0.015640273704789834,12.3,43,1,591,11
sweep-116,64,0,0,0,11.5537143319998,2465,0.0,-0.013499999999999998,0.0469208211143695,12.3,43,1,591,13
sweep-116,64,0,0,0,11.593697332000374,2465,0.0,-0.126,0.12512218963831867,12.3,43,1,591,15
sweep-116,64,0,0,0,11.633706517999599,2465,0.0,-0.22949999999999998,0.20332355816226785,12.3,43,1,591,17
sweep-116,64,0,0,0,11.67371335200005,2461,-8.208,-0.3645,0.23362658846529813,12.3,43,1,591,19
sweep-116,64,0,0,0,11.71470771299937,2455,-10.944,-0.32399999999999995,0.22776148582600195,12.3,43,1,591,21
sweep-116,64,0,0,0,11.755712573998608,2446,-19.152,-0.2565,0.19550342130987292,12.3,43,1,591,23
sweep-116,64,0,0,0,11.795731944999716,2435,-21.888,-0.17099999999999999,0.14271749755620725,12.3,43,1,591,25
sweep-116,64,0,0,0,11.835737370998686,2425,-16.416,-0.1485,0.1378299120234604,12.3,43,1,591,27
sweep-116,64,0,0,0,11.874732065998614,2418,-10.944,-0.26099999999999995,0.18084066471163246,12.3,43,1,591,29
sweep-116,64,0,0,0,11.915735704998951,2410,-16.416,-0.288,0.20039100684261973,12.3,43,1,591,31
sweep-116,64,0,0,0,11.955758390999108,2398,-24.624000000000002,-0.26099999999999995,0.18377321603128055,12.3,43,1,591,33
sweep-116,64,0,0,0,11.995762983999157,2386,-24.624000000000002,-0.21599999999999997,0.1681329423264907,12.3,43,1,591,35
sweep-116,64,0,0,0,12.035778243000095,2371,-27.360000000000003,-0.16649999999999998,0.11534701857282502,12.3,43,1,591,37
sweep-116,64,0,0,0,12.075767651000206,2359,-21.888,-0.18899999999999997,0.14271749755620725,12.3,43,1,591,39
sweep-116,64,0,0,0,12.115783299999748,2348,-21.888,-0.26099999999999995,0.18963831867057673,12.3,43,1,591,41
sweep-116,64,0,0,0,12.155788707999818,2335,-24.624000000000002,-0.3105,0.19941348973607037,12.3,43,1,591,43
sweep-116,64,0,0,0,12.19579930100008,2320,-30.096000000000004,-0.26999999999999996,0.187683284457478,12.3,43,1,591,45
sweep-116,64,0,0,0,12.236788606000118,2303,-35.568000000000005,-0.20249999999999999,0.14565004887585534,12.3,43,1,591,47
sweep-116,64,0,0,0,12.276795773999766,2285,-35.568000000000005,-0.22049999999999997,0.11436950146627566,12.3,43,1,591,49
sweep-116,64,0,0,0,12.316811163000239,2268,-35.568000000000005,-0.2385,0.11436950146627566,12.1,43,1,591,51
sweep-116,64,0,0,0,12.356799645000137,2253,-30.096000000000004,-0.2835,0.17204301075268819,12.1,43,1,591,53
sweep-116,64,0,0,0,12.39681581199875,2236,-35.568000000000005,-0.36,0.19257086999022482,12.1,43,1,591,55
sweep-116,64,0,0,0,12.437822357998812,2217,-38.304,-0.3105,0.18670576735092864,12.3,43,1,591,57
sweep-116,64,0,0,0,12.477830783998797,2196,-43.776,-0.2565,0.15933528836754643,12.3,43,1,591,59
sweep-116,64,0,0,0,12.51783091499965,2174,-43.776,-0.22049999999999997,0.12805474095796676,12.3,43,1,591,61
sweep-116,64,0,0,0,12.557830304000163,2153,-41.040000000000006,-0.19349999999999998,0.13391984359726294,12.3,43,1,591,63
sweep-116,64,0,0,0,12.597846675000255,2132,-38.304,-0.24749999999999997,0.15542521994134897,12.3,43,1,591,65
sweep-116,64,0,0,0,12.642848460000096,2110,-41.040000000000006,-0.32399999999999995,0.18084066471163246,12.3,43,1,591,67
sweep-116,64,0,0,0,12.681856211000195,2089,-41.040000000000006,-0.3645,0.21212121212121213,12.2,43,1,591,69
sweep-116,64,0,0,0,12.717859417,2067,-46.512,-0.3555,0.20039100684261973,12.2,43,1,591,71
sweep-116,64,0,0,0,12.755869437000001,2042,-51.984,-0.34199999999999997,0.1739980449657869,12.2,43,1,591,73
sweep-116,64,0,0,0,12.79187119800008,2017,-51.984,-0.2385,0.15835777126099707,12.2,43,1,591,75
sweep-116,64,0,0,0,12.831869883999389,1990,-54.720000000000006,-0.22949999999999998,0.13685239491691104,12.2,43,1,591,77
sweep-116,64,0,0,0,12.871881068998846,1964,-49.248000000000005,-0.288,0.16324535679374388,12.2,43,1,591,79
sweep-116,64,0,0,0,12.911894180999298,1938,-49.248000000000005,-0.34199999999999997,0.17888563049853373,12.3,43,1,591,81
sweep-116,64,0,0,0,12.951890791999176,1911,-54.720000000000006,-0.4185,0.18377321603128055,12.3,43,1,591,83
sweep-116,64,0,0,0,12.992904004999218,1883,-57.456,-0.39599999999999996,0.1935483870967742,12.3,43,1,591,85
sweep-116,64,0,0,0,13.032905394999034,1854,-60.19200000000001,-0.33749999999999997,0.187683284457478,12.3,43,1,591,87
sweep-116,64,0,0,0,13.071901848999914,1823,-62.928000000000004,-0.39599999999999996,0.16617790811339198,12.3,43,1,591,89
sweep-116,64,0,0,0,13.11191825700007,1792,-60.19200000000001,-0.3465,0.187683284457478,12.3,43,1,591,91
sweep-116,64,0,0,0,13.15292569200028,1760,-62.928000000000004,-0.38699999999999996,0.16617790811339198,12.3,43,1,591,93
sweep-116,64,0,0,0,13.192919970999355,1729,-62.928000000000004,-0.37799999999999995,0.18181818181818182,12.3,43,1,591,95
sweep-116,64,0,0,0,13.232958525999493,1696,-65.664,-0.39599999999999996,0.19159335288367546,12.1,43,1,591,97
sweep-116,64,0,0,0,13.272952285999054,1662,-65.664,-0.45899999999999996,0.2072336265884653,12.1,43,1,591,99
sweep-116,64,0,0,0,13.313958720998926,1628,-68.4,-0.423,0.20234604105571846,12.1,43,1,591,101
sweep-116,64,0,0,0,13.353949758999079,1593,-68.4,-0.40049999999999997,0.20234604105571846,12.1,43,1,591,103
sweep-116,64,0,0,0,13.393955925999762,1557,-71.13600000000001,-0.44099999999999995,0.19648093841642228,12.1,43,1,591,105
sweep-116,64,0,0,0,13.433967277998818,1520,-71.13600000000001,-0.4095,0.19648093841642228,12.1,43,1,591,107
sweep-116,64,0,0,0,13.473966890000156,1482,-73.872,-0.39599999999999996,0.17497556207233628,12.3,43,1,591,106
sweep-116,64,0,0,0,13.519049433998589,1443,-73.872,-0.351,0.17497556207233628,12.3,43,1,591,104
sweep-116,64,0,0,0,13.559059488999992,1406,-73.872,-0.351,0.15933528836754643,12.3,43,1,591,102
sweep-116,64,0,0,0,13.601795407999816,1368,-71.13600000000001,-0.3555,0.1495601173020528,12.1,43,1,591,100
sweep-116,64,0,0,0,13.642034590999174,1333,-65.664,-0.306,0.1603128054740958,12.1,43,1,591,98
sweep-116,64,0,0,0,13.682010258999071,1300,-65.664,-0.3105,0.1603128054740958,12.1,43,1,591,96
sweep-116,64,0,0,0,13.722026055000242,1267,-65.664,-0.351,0.1603128054740958,12.2,43,1,591,94
sweep-116,64,0,0,0,13.762009074000161,1236,-60.19200000000001,-0.351,0.187683284457478,12.2,43,1,591,92
sweep-116,64,0,0,0,13.802289035000285,1204,-60.19200000000001,-0.38249999999999995,0.187683284457478,12.2,43,1,591,90
sweep-116,64,0,0,0,13.84205179699893,1174,-60.19200000000001,-0.36,0.187683284457478,12.3,43,1,591,88
sweep-116,64,0,0,0,13.88201566799944,1143,-62.928000000000004,-0.3645,0.16617790811339198,12.3,43,1,591,86
sweep-116,64,0,0,0,13.922025834999658,1113,-60.19200000000001,-0.297,0.15640273704789834,12.3,43,1,591,84
sweep-116,64,0,0,0,13.966051018998769,1081,-57.456,-0.297,0.16226783968719452,12.3,43,1,591,82
sweep-116,64,0,0,0,14.004084594000233,1055,-54.720000000000006,-0.2925,0.1681329423264907,12.3,43,1,591,80
sweep-116,64,0,0,0,14.045056769999064,1027,-54.720000000000006,-0.3465,0.1681329423264907,12.3,43,1,591,78
sweep-116,64,0,0,0,14.08506819699869,1001,-51.984,-0.3465,0.1739980449657869,12.3,43,1,591,76
sweep-116,64,0,0,0,14.125088085998868,975,-51.984,-0.3555,0.1739980449657869,12.3,43,1,591,74
sweep-116,64,0,0,0,14.165160474998629,951,-51.984,-0.297,0.1739980449657869,12.3,43,1,591,72
sweep-116,64,0,0,0,14.20510371599994,926,-49.248000000000005,-0.315,0.17888563049853373,12.3,43,1,591,70
sweep-116,64,0,0,0,14.243086180998944,902,-49.248000000000005,-0.32399999999999995,0.14760508308895406,12.3,43,1,591,68
sweep-116,64,0,0,0,14.282089894999444,878,-49.248000000000005,-0.3015,0.13196480938416422,12.5,43,1,591,66
sweep-116,64,0,0,0,14.322117190999052,856,-46.512,-0.27899999999999997,0.15347018572825025,12.5,43,1,591,64
sweep-116,64,0,0,0,14.362113635999776,835,-43.776,-0.2925,0.17497556207233628,12.5,43,1,591,62
sweep-116,64,0,0,0,14.399115258000165,816,-41.040000000000006,-0.315,0.1652003910068426,12.3,43,1,591,60
sweep-116,64,0,0,0,14.439099888999408,796,-38.304,-0.315,0.18670576735092864,12.3,43,1,591,58
sweep-116,64,0,0,0,14.479152054998849,775,-41.040000000000006,-0.288,0.1652003910068426,12.3,43,1,591,56
sweep-116,64,0,0,0,14.519120703998851,755,-41.040000000000006,-0.26549999999999996,0.1495601173020528,12.3,43,1,591,54
sweep-116,64,0,0,0,14.557128223999825,738,-35.568000000000005,-0.2565,0.16129032258064516,12.3,43,1,591,52
sweep-116,64,0,0,0,14.597156595000342,721,-35.568000000000005,-0.22049999999999997,0.16129032258064516,12.3,43,1,591,50
sweep-116,64,0,0,0,14.637157780000052,704,-32.832,-0.22949999999999998,0.16617790811339198,12.1,43,1,591,48
sweep-116,64,0,0,0,14.677154798999254,688,-35.568000000000005,-0.26549999999999996,0.14565004887585534,12.1,43,1,591,46
sweep-116,64,0,0,0,14.717161780999959,673,-32.832,-0.26099999999999995,0.16617790811339198,12.1,43,1,591,44
sweep-116,64,0,0,0,14.755155930999535,659,-30.096000000000004,-0.24749999999999997,0.17204301075268819,12.3,43,1,591,42
sweep-116,64,0,0,0,14.795160356999986,644,-27.360000000000003,-0.19349999999999998,0.1466275659824047,12.3,43,1,591,40
sweep-116,64,0,0,0,14.838158013999418,631,-24.624000000000002,-0.16199999999999998,0.13685239491691104,12.3,43,1,591,38
sweep-116,64,0,0,0,14.878202070000043,620,-19.152,-0.18899999999999997,0.13294232649071358,12.3,43,1,591,36
sweep-116,64,0,0,0,14.919173061000038,612,-16.416,-0.1575,0.12218963831867058,12.3,43,1,591,34
sweep-116,64,0,0,0,14.95819332999963,607,-8.208,-0.16649999999999998,0.15542521994134897,12.3,43,1,591,32
sweep-116,64,0,0,0,14.998198200999468,603,-8.208,-0.18,0.15542521994134897,12.3,43,1,591,30
sweep-116,64,0,0,0,15.038212737999856,600,-5.472,-0.1035,0.1300097751710655,12.3,43,1,591,28
sweep-116,64,0,0,0,15.081196801998885,598,0.0,-0.0315,0.10948191593352884,12.3,43,1,2475,3
sweep-116,64,0,0,0,15.120218238000234,597,0.0,-0.018,0.07820136852394917,12.3,43,1,2475,5
sweep-116,64,0,0,0,15.156213962998663,597,0.0,0.0,0.0469208211143695,12.3,43,1,2475,7
sweep-116,64,0,0,0,15.196210295998753,597,0.0,0.0,0.0,12.3,43,1,2475,9
sweep-116,64,0,0,0,15.236220982000305,597,0.0,0.018,0.0469208211143695,12.3,43,1,2475,11
sweep-116,64,0,0,0,15.276244722999763,597,0.0,0.09899999999999999,0.10948191593352884,12.3,43,1,2475,13
sweep-116,64,0,0,0,15.31624368699886,597,0.0,0.18,0.17204301075268819,12.3,43,1,2475,15
sweep-116,64,0,0,0,15.355248473999382,601,8.208,0.2565,0.18670576735092864,12.3,43,1,2475,17
sweep-116,64,0,0,0,15.395274863998566,604,8.208,0.31949999999999995,0.23362658846529813,12.3,43,1,2475,19
sweep-116,64,0,0,0,15.436264002999451,612,13.680000000000001,0.23399999999999999,0.1906158357771261,12.3,43,1,2475,21
sweep-116,64,0,0,0,15.476266039999246,623,21.888,0.1575,0.1270772238514174,12.3,43,1,2475,23
sweep-116,64,0,0,0,15.516265115000351,626,0.0,0.32849999999999996,0.25024437927663734,12.3,43,1,2475,25
sweep-116,64,0,0,0,15.556263873999342,635,21.888,0.27449999999999997,0.18963831867057673,12.3,43,1,2475,27
sweep-116,64,0,0,0,15.597273346998918,645,13.680000000000001,0.369,0.20625610948191594,12.3,43,1,2475,29
sweep-116,64,0,0,0,15.638291392999236,654,19.152,0.2385,0.21114369501466276,12.3,43,1,2475,31
sweep-116,64,0,0,0,15.678282689999833,671,32.832,0.1755,0.08797653958944282,12.3,43,1,2475,33
sweep-116,64,0,0,0,15.718280522998612,676,8.208,0.2385,0.23362658846529813,12.3,43,1,2475,35
sweep-116,64,0,0,0,15.758339635000084,693,32.832,0.16649999999999998,0.10361681329423265,12.3,43,1,2475,37
sweep-116,64,0,0,0,15.798312580000129,701,13.680000000000001,0.3735,0.22189638318670576,12.3,43,1,2475,39
sweep-116,64,0,0,0,15.838311599000008,715,30.096000000000004,0.2565,0.17204301075268819,12.3,43,1,2475,41
sweep-116,64,0,0,0,15.878311913998914,731,32.832,0.22499999999999998,0.11925708699902249,12.3,43,1,2475,43
sweep-116,64,0,0,0,15.915324424999199,744,32.832,0.153,0.11925708699902249,12.3,43,1,2475,44
sweep-116,64,0,0,0,15.954326342998684,757,24.624000000000002,0.26099999999999995,0.1681329423264907,12.3,43,1,2475,46
sweep-116,64,0,0,0,15.991312279998965,771,35.568000000000005,0.2565,0.16129032258064516,12.3,44,1,2475,48
sweep-116,64,0,0,0,16.030352382000274,786,30.096000000000004,0.3555,0.187683284457478,12.1,44,1,2475,50
sweep-116,64,0,0,0,16.070365289999245,803,35.568000000000005,0.26549999999999996,0.176930596285435,12.1,44,1,2475,52
sweep-116,64,0,0,0,16.11434262199873,826,38.304,0.19799999999999998,0.1241446725317693,12.1,43,1,2475,54
sweep-116,64,0,0,0,16.15335046600012,844,38.304,0.22049999999999997,0.1241446725317693,12.3,43,1,2475,56
sweep-116,64,0,0,0,16.193384520998734,862,38.304,0.22499999999999998,0.15542521994134897,12.3,43,1,2475,58
sweep-116,64,0,0,0,16.233381095998993,879,32.832,0.36,0.2130987292277615,12.3,43,1,2475,60
sweep-116,64,0,0,0,16.273387040999296,900,41.040000000000006,0.33749999999999997,0.19648093841642228,12.3,43,1,2475,62
sweep-116,64,0,0,0,16.313418392999665,924,46.512,0.22049999999999997,0.15347018572825025,12.3,43,1,2475,64
sweep-116,64,0,0,0,16.354392179999195,948,49.248000000000005,0.207,0.13196480938416422,12.3,43,1,2475,67
sweep-116,64,0,0,0,16.390389942000184,968,41.040000000000006,0.23399999999999999,0.1495601173020528,12.1,43,1,2475,69
sweep-116,64,0,0,0,16.427402600998903,987,43.776,0.2835,0.17497556207233628,12.1,43,1,2475,70
sweep-116,64,0,0,0,16.466384147999634,1010,46.512,0.40049999999999997,0.18475073313782991,12.1,43,1,2475,72
sweep-116,64,0,0,0,16.506391371000063,1033,46.512,0.37799999999999995,0.21603128054740958,12.3,43,1,2475,74
sweep-116,64,0,0,0,16.545395899998766,1060,54.720000000000006,0.27899999999999997,0.1681329423264907,12.3,43,1,2475,76
sweep-116,64,0,0,0,16.58240963299977,1086,54.720000000000006,0.24749999999999997,0.15249266862170088,12.3,43,1,2475,78
sweep-116,64,0,0,0,16.622418058999756,1115,54.720000000000006,0.2385,0.12121212121212122,12.3,43,1,2475,80
sweep-116,64,0,0,0,16.65941655200004,1136,43.776,0.38249999999999995,0.20625610948191594,12.3,43,1,2475,82
sweep-116,64,0,0,0,16.6984476359994,1163,57.456,0.34199999999999997,0.17790811339198437,12.3,43,1,2475,84
sweep-116,64,0,0,0,16.734449359999417,1189,54.720000000000006,0.43649999999999994,0.21505376344086022,12.1,43,1,2475,86
sweep-116,64,0,0,0,16.7744281389987,1220,65.664,0.38699999999999996,0.1603128054740958,12.1,43,1,2475,88
sweep-116,64,0,0,0,16.814464545999726,1253,65.664,0.32399999999999995,0.14467253176930597,12.1,43,1,2475,90
sweep-116,64,0,0,0,16.855456110999512,1286,68.4,0.26099999999999995,0.10850439882697947,12.1,43,1,2475,92
sweep-116,64,0,0,0,16.89445819499997,1312,51.984,0.37799999999999995,0.20527859237536658,12.1,43,1,2475,94
sweep-116,64,0,0,0,16.934474158999365,1343,62.928000000000004,0.414,0.2287390029325513,12.1,43,1,2475,96
sweep-116,64,0,0,0,16.9744705109988,1376,60.19200000000001,0.49499999999999994,0.25024437927663734,12.3,43,1,2475,98
sweep-116,64,0,0,0,17.015492149999773,1413,73.872,0.37799999999999995,0.1906158357771261,12.3,43,1,2475,100
sweep-116,64,0,0,0,17.05548550200001,1450,76.608,0.3105,0.1378299120234604,12.3,43,1,2475,102
sweep-116,64,0,0,0,17.095489280000038,1487,76.608,0.2835,0.10654936461388075,12.1,43,1,2475,104
sweep-116,64,0,0,0,17.136186533,1519,60.19200000000001,0.40049999999999997,0.20332355816226785,12.1,43,1,2475,106
sweep-116,64,0,0,0,17.17549087399857,1553,65.664,0.46799999999999997,0.23851417399804498,12.1,43,1,2475,108
sweep-116,64,0,0,0,17.220485399999234,1591,71.13600000000001,0.5265,0.2434017595307918,12.1,43,1,2475,106
sweep-116,64,0,0,0,17.259515261999695,1628,76.608,0.414,0.20039100684261973,12.1,43,1,2475,104
sweep-116,64,0,0,0,17.299529076999534,1669,79.34400000000001,0.27449999999999997,0.11632453567937438,12.1,43,1,2475,102
sweep-116,64,0,0,0,17.337493318998895,1704,71.13600000000001,0.26549999999999996,0.10263929618768329,12.3,43,1,2475,100
sweep-116,64,0,0,0,17.375552171999516,1732,57.456,0.4185,0.20918866080156404,12.3,43,1,2475,98
sweep-116,64,0,0,0,17.414551033998578,1763,65.664,0.43649999999999994,0.22287390029325513,12.3,43,1,2475,96
sweep-116,64,0,0,0,17.454542145998857,1794,60.19200000000001,0.5265,0.26588465298142716,12.3,43,1,2475,94
sweep-116,64,0,0,0,17.491760950999378,1827,68.4,0.40499999999999997,0.20234604105571846,12.3,43,1,2475,92
sweep-116,64,0,0,0,17.52953293599967,1863,71.13600000000001,0.27449999999999997,0.11827956989247312,12.3,43,1,2475,90
sweep-116,64,0,0,0,17.569555954998577,1897,68.4,0.23399999999999999,0.0772238514173998,12.1,43,1,2475,88
sweep-116,64,0,0,0,17.60955052999998,1923,49.248000000000005,0.33299999999999996,0.17888563049853373,12.1,43,1,2475,86
sweep-116,64,0,0,0,17.649555214999054,1949,54.720000000000006,0.486,0.23069403714565004,12.1,43,1,2475,84
sweep-116,64,0,0,0,17.689585363999868,1977,54.720000000000006,0.5175,0.23069403714565004,12.3,43,1,2475,82
sweep-116,64,0,0,0,17.730564094999863,2008,60.19200000000001,0.34199999999999997,0.187683284457478,12.3,43,1,2475,80
sweep-116,64,0,0,0,17.77157695599999,2039,62.928000000000004,0.2385,0.11925708699902249,12.3,43,1,2475,78
sweep-116,64,0,0,0,17.814577519999148,2069,54.720000000000006,0.22049999999999997,0.10557184750733138,12.3,43,1,2475,76
sweep-116,64,0,0,0,17.85460309500013,2092,43.776,0.34199999999999997,0.17497556207233628,12.3,43,1,2475,74
sweep-116,64,0,0,0,17.89564364099897,2113,46.512,0.5175,0.24731182795698925,12.2,43,1,2475,72
sweep-116,64,0,0,0,17.93560327100022,2138,51.984,0.5219999999999999,0.2209188660801564,12.2,43,1,2475,70
sweep-116,64,0,0,0,17.97561241999938,2164,54.720000000000006,0.3015,0.18377321603128055,12.2,43,1,2475,68
sweep-116,64,0,0,0,18.015608919999067,2192,54.720000000000006,0.18,0.10557184750733138,12.1,43,1,2475,66
sweep-116,64,0,0,0,18.055594364999706,2214,43.776,0.2115,0.11241446725317693,12.1,43,1,2475,64
sweep-116,64,0,0,0,18.09565888399993,2230,32.832,0.4095,0.2287390029325513,12.1,43,1,2475,62
sweep-116,64,0,0,0,18.13560097699883,2250,38.304,0.46349999999999997,0.23362658846529813,12.3,43,1,2475,60
sweep-116,64,0,0,0,18.175618088998817,2271,41.040000000000006,0.39599999999999996,0.22776148582600195,12.3,43,1,2475,58
sweep-116,64,0,0,0,18.215654532999906,2295,46.512,0.22499999999999998,0.1378299120234604,12.3,43,1,2475,56
sweep-116,64,0,0,0,18.253631460998804,2314,41.040000000000006,0.1575,0.11827956989247312,12.2,43,1,2475,54
sweep-116,64,0,0,0,18.293657145999532,2334,38.304,0.22949999999999998,0.09286412512218964,12.2,43,1,2475,52
sweep-116,64,0,0,0,18.33366377600032,2345,21.888,0.43199999999999994,0.23655913978494625,12.2,43,1,2475,50
sweep-116,64,0,0,0,18.373655628998677,2360,30.096000000000004,0.44999999999999996,0.25024437927663734,12.3,43,1,2475,48
sweep-116,64,0,0,0,18.41073889799918,2376,35.568000000000005,0.3645,0.20821114369501467,12.3,43,1,2475,46
sweep-116,64,0,0,0,18.44669175299896,2394,38.304,0.207,0.15542521994134897,12.3,43,1,2475,44
sweep-116,64,0,0,0,18.48673319699992,2413,35.568000000000005,0.16649999999999998,0.09872922776148582,12.3,43,1,2475,42
sweep-116,64,0,0,0,18.5267347909994,2425,21.888,0.16649999999999998,0.14271749755620725,12.3,43,1,2475,40
sweep-116,64,0,0,0,18.565732023000237,2434,19.152,0.252,0.1798631476050831,12.3,43,1,2475,38
sweep-116,64,0,0,0,18.605736282999715,2443,19.152,0.2835,0.1798631476050831,12.3,43,1,2475,36
sweep-116,64,0,0,0,18.646732032999353,2452,16.416,0.207,0.17497556207233628,12.3,43,1,2475,34
sweep-116,64,0,0,0,18.686743402999127,2458,10.944,0.13949999999999999,0.1495601173020528,12.3,43,1,2475,32
sweep-116,64,0,0,0,18.72674344099869,2466,13.680000000000001,0.0765,0.08113391984359726,12.3,43,1,2475,30
sweep-116,64,0,0,0,18.76673903399933,2471,8.208,0.018,0.04594330400782014,12.3,43,1,2475,28
sweep-116,64,0,0,0,18.808846384999924,2471,0.0,0.0315,0.06256109481915934,12.3,43,1,591,2
sweep-116,64,0,0,0,18.848747922998882,2468,-5.472,0.0315,0.10459433040078202,12.3,43,1,591,4
sweep-116,64,0,0,0,18.888741294000283,2466,-5.472,0.049499999999999995,0.10459433040078202,12.3,43,1,591,6
sweep-116,64,0,0,0,18.928742701999,2465,0.0,0.0045,0.07820136852394917,12.3,43,1,591,8
sweep-116,64,0,0,0,18.968754386998626,2465,0.0,0.0,0.015640273704789834,12.3,43,1,591,10
sweep-116,64,0,0,0,19.005769120998593,2466,0.0,-0.018,0.0469208211143695,12.3,43,1,591,12
sweep-116,64,0,0,0,19.045791398999427,2465,0.0,-0.0765,0.093841642228739,12.3,43,1,591,14
sweep-116,64,0,0,0,19.082108471999163,2466,0.0,-0.1845,0.17204301075268819,12.3,43,1,591,16
sweep-116,64,0,0,0,19.120778466998672,2463,-5.472,-0.315,0.2238514173998045,12.3,43,1,591,18
sweep-116,64,0,0,0,19.16078233799999,2457,-10.944,-0.36,0.21212121212121213,12.3,43,1,591,20
sweep-116,64,0,0,0,19.201784846998635,2450,-16.416,-0.288,0.20039100684261973,12.3,43,1,591,22
sweep-116,64,0,0,0,19.24178393999864,2439,-24.624000000000002,-0.19799999999999998,0.13685239491691104,12.3,43,1,591,24
sweep-116,64,0,0,0,19.281918790999043,2429,-19.152,-0.13499999999999998,0.11730205278592376,12.3,43,1,591,26
sweep-116,64,0,0,0,19.32179101499969,2422,-10.944,-0.22949999999999998,0.1652003910068426,12.3,43,1,591,28
sweep-116,64,0,0,0,19.361803718999,2414,-16.416,-0.3015,0.20039100684261973,12.3,43,1,591,30
sweep-116,64,0,0,0,19.401831589999347,2404,-19.152,-0.27449999999999997,0.19550342130987292,12.3,43,1,591,32
sweep-116,64,0,0,0,19.44182216399895,2391,-27.360000000000003,-0.207,0.1466275659824047,12.3,43,1,591,34
sweep-116,64,0,0,0,19.481817201998638,2378,-27.360000000000003,-0.16199999999999998,0.13098729227761485,12.3,43,1,591,36
sweep-116,64,0,0,0,19.51983446200029,2366,-24.624000000000002,-0.1845,0.12121212121212122,12.3,43,1,591,37
sweep-116,64,0,0,0,19.556834306999008,2356,-19.152,-0.2385,0.1798631476050831,12.3,43,1,591,40
sweep-116,64,0,0,0,19.595832576000248,2343,-24.624000000000002,-0.315,0.1681329423264907,12.3,43,1,591,42
sweep-116,64,0,0,0,19.63585015100034,2330,-27.360000000000003,-0.33299999999999996,0.1935483870967742,12.1,43,1,591,44
sweep-116,64,0,0,0,19.67585159599912,2314,-32.832,-0.2565,0.16617790811339198,12.1,43,1,591,46
sweep-116,64,0,0,0,19.71585579999919,2297,-35.568000000000005,-0.21599999999999997,0.1300097751710655,12.1,43,1,591,48
sweep-116,64,0,0,0,19.75587033699958,2279,-35.568000000000005,-0.18899999999999997,0.11436950146627566,12.1,43,1,591,50
sweep-116,64,0,0,0,19.79587848600022,2263,-32.832,-0.22049999999999997,0.15053763440860216,12.1,43,1,591,52
sweep-116,64,0,0,0,19.835870856999463,2247,-32.832,-0.2835,0.18181818181818182,12.1,43,1,591,54
sweep-116,64,0,0,0,19.87590939399888,2229,-35.568000000000005,-0.32399999999999995,0.19257086999022482,12.3,43,1,591,56
sweep-116,64,0,0,0,19.917898744999547,2209,-38.304,-0.3105,0.18670576735092864,12.3,43,1,591,58
sweep-116,64,0,0,0,19.957945670999834,2188,-41.040000000000006,-0.27899999999999997,0.1652003910068426,12.3,43,1,591,60
sweep-116,64,0,0,0,19.997032477000175,2166,-43.776,-0.252,0.1436950146627566,12.3,43,1,591,62
sweep-116,64,0,0,0,20.036932089999027,2144,-46.512,-0.22949999999999998,0.12218963831867058,12.3,43,1,591,64
sweep-116,64,0,0,0,20.074990237999373,2125,-43.776,-0.24749999999999997,0.12805474095796676,12.3,43,1,591,65
sweep-116,64,0,0,0,20.11394026800008,2105,-38.304,-0.2925,0.18670576735092864,12.3,43,1,591,67
sweep-116,64,0,0,0,20.153930176000358,2083,-43.776,-0.37799999999999995,0.1906158357771261,12.3,43,1,591,69
sweep-116,64,0,0,0,20.19393204699918,2060,-46.512,-0.3735,0.20039100684261973,12.3,43,1,591,71
sweep-116,64,0,0,0,20.23393362099887,2033,-54.720000000000006,-0.369,0.1681329423264907,12.3,43,1,591,73
sweep-116,64,0,0,0,20.271117667,2008,-54.720000000000006,-0.297,0.15249266862170088,12.3,43,1,591,75
sweep-116,64,0,0,0,20.307948957999542,1984,-54.720000000000006,-0.27899999999999997,0.13685239491691104,12.3,43,1,591,77
sweep-116,64,0,0,0,20.345783108999967,1959,-49.248000000000005,-0.27899999999999997,0.16324535679374388,12.3,43,1,591,79
sweep-116,64,0,0,0,20.387965496000106,1931,-49.248000000000005,-0.3645,0.17888563049853373,12.3,43,1,591,81
sweep-116,64,0,0,0,20.42498591399999,1905,-54.720000000000006,-0.369,0.18377321603128055,12.3,43,1,591,83
sweep-116,64,0,0,0,20.46497156300029,1878,-54.720000000000006,-0.40499999999999997,0.19941348973607037,12.3,43,1,591,85
sweep-116,64,0,0,0,20.500973935999355,1852,-60.19200000000001,-0.33749999999999997,0.187683284457478,12.3,43,1,591,87
sweep-116,64,0,0,0,20.536965770999814,1823,-60.19200000000001,-0.39149999999999996,0.187683284457478,12.3,43,1,591,89
sweep-116,64,0,0,0,20.57698565999999,1792,-62.928000000000004,-0.315,0.18181818181818182,12.1,43,1,591,91
sweep-116,64,0,0,0,20.61701099399943,1760,-62.928000000000004,-0.351,0.16617790811339198,12.1,43,1,591,93
sweep-116,64,0,0,0,20.65700630900028,1728,-62.928000000000004,-0.369,0.16617790811339198,12.1,43,1,591,95
sweep-116,64,0,0,0,20.696996272999968,1695,-62.928000000000004,-0.3465,0.19745845552297164,12.1,43,1,591,97
sweep-116,64,0,0,0,20.738018670999736,1661,-65.664,-0.43199999999999994,0.19159335288367546,12.1,43,1,591,99
sweep-116,64,0,0,0,20.778001763999782,1627,-68.4,-0.4185,0.20234604105571846,12.1,43,1,591,101
sweep-116,64,0,0,0,20.818030524000278,1592,-71.13600000000001,-0.39599999999999996,0.19648093841642228,12.3,43,1,591,103
sweep-116,64,0,0,0,20.858025097999416,1556,-71.13600000000001,-0.46799999999999997,0.18084066471163246,12.3,43,1,591,105
sweep-116,64,0,0,0,20.898040783999022,1519,-71.13600000000001,-0.44999999999999996,0.19648093841642228,12.3,43,1,591,107
sweep-116,64,0,0,0,20.938039672999366,1483,-71.13600000000001,-0.40499999999999997,0.19648093841642228,12.3,43,1,591,106
sweep-116,64,0,0,0,20.97805046999929,1446,-71.13600000000001,-0.351,0.19648093841642228,12.3,43,1,591,104
sweep-116,64,0,0,0,21.01807817400004,1409,-71.13600000000001,-0.3465,0.1652003910068426,12.3,43,1,591,102
sweep-116,64,0,0,0,21.0580616369989,1371,-73.872,-0.33749999999999997,0.1436950146627566,12.1,43,1,591,100
sweep-116,64,0,0,0,21.09905996099951,1336,-68.4,-0.33749999999999997,0.13978494623655913,12.1,43,1,591,98
sweep-116,64,0,0,0,21.139072961999773,1302,-68.4,-0.315,0.13978494623655913,12.1,43,1,591,96
sweep-116,64,0,0,0,21.179092720998597,1270,-65.664,-0.34199999999999997,0.1603128054740958,12.3,43,1,591,94
sweep-116,64,0,0,0,21.219072648000292,1238,-60.19200000000001,-0.3015,0.187683284457478,12.3,43,1,591,92
sweep-116,64,0,0,0,21.265093590000106,1204,-62.928000000000004,-0.3465,0.16617790811339198,12.3,43,1,591,90
sweep-116,64,0,0,0,21.30510246099948,1174,-60.19200000000001,-0.36,0.187683284457478,12.3,43,1,591,88
sweep-116,64,0,0,0,21.34509623899976,1143,-62.928000000000004,-0.36,0.16617790811339198,12.3,43,1,591,86
sweep-116,64,0,0,0,21.3851159249989,1113,-60.19200000000001,-0.351,0.15640273704789834,12.3,43,1,591,84
sweep-116,64,0,0,0,21.425111184000343,1084,-57.456,-0.297,0.16226783968719452,12.3,43,1,591,82
sweep-116,64,0,0,0,21.465113536998615,1055,-54.720000000000006,-0.3015,0.1681329423264907,12.3,43,1,591,80
sweep-116,64,0,0,0,21.504130286999498,1029,-54.720000000000006,-0.315,0.1681329423264907,12.3,43,1,591,78
sweep-116,64,0,0,0,21.540116067999406,1003,-51.984,-0.3465,0.1739980449657869,12.3,43,1,591,76
sweep-116,64,0,0,0,21.582116677998783,978,-51.984,-0.33299999999999996,0.1739980449657869,12.3,43,1,591,74
sweep-116,64,0,0,0,21.622133363998728,953,-51.984,-0.297,0.1739980449657869,12.1,43,1,591,72
sweep-116,64,0,0,0,21.662135216000024,928,-51.984,-0.3015,0.15835777126099707,12.1,43,1,591,70
sweep-116,64,0,0,0,21.70113278200006,904,-49.248000000000005,-0.3015,0.16324535679374388,12.1,43,1,591,68
sweep-116,64,0,0,0,21.738142866999624,883,-46.512,-0.26999999999999996,0.17497556207233628,12.3,43,1,591,66
sweep-116,64,0,0,0,21.77417255399996,862,-43.776,-0.306,0.17497556207233628,12.3,43,1,591,64
sweep-116,64,0,0,0,21.814161480999246,840,-43.776,-0.3465,0.17497556207233628,12.3,43,1,591,62
sweep-116,64,0,0,0,21.85417238899936,818,-43.776,-0.2835,0.15933528836754643,12.3,43,1,591,60
sweep-116,64,0,0,0,21.894181944999218,798,-41.040000000000006,-0.252,0.1652003910068426,12.3,43,1,591,58
sweep-116,64,0,0,0,21.9341767599999,777,-41.040000000000006,-0.27899999999999997,0.1652003910068426,12.3,43,1,591,56
sweep-116,64,0,0,0,21.975190787999964,757,-38.304,-0.27449999999999997,0.15542521994134897,12.2,43,1,591,54
sweep-116,64,0,0,0,22.015215010000247,739,-35.568000000000005,-0.3015,0.16129032258064516,12.2,43,1,591,52
sweep-116,64,0,0,0,22.05523717699907,722,-35.568000000000005,-0.26099999999999995,0.16129032258064516,12.2,43,1,591,50
sweep-116,64,0,0,0,22.095193510998797,704,-32.832,-0.24749999999999997,0.16617790811339198,12.3,43,1,591,48
sweep-116,64,0,0,0,22.13620550199994,688,-35.568000000000005,-0.2385,0.14565004887585534,12.3,43,1,591,46
sweep-116,64,0,0,0,22.1762174839987,673,-32.832,-0.22949999999999998,0.16617790811339198,12.3,43,1,591,44
sweep-116,64,0,0,0,22.21621290999974,658,-27.360000000000003,-0.24749999999999997,0.17790811339198437,12.3,43,1,591,42
sweep-116,64,0,0,0,22.255228308998994,643,-27.360000000000003,-0.19349999999999998,0.1466275659824047,12.3,43,1,591,40
sweep-116,64,0,0,0,22.295236197998747,630,-27.360000000000003,-0.16649999999999998,0.11534701857282502,12.3,43,1,591,38
sweep-116,64,0,0,0,22.336229003998596,620,-16.416,-0.1845,0.1378299120234604,12.3,43,1,591,36
sweep-116,64,0,0,0,22.376255596998817,613,-13.680000000000001,-0.17099999999999999,0.1436950146627566,12.3,43,1,591,34
sweep-116,64,0,0,0,22.41625872700024,607,-8.208,-0.19349999999999998,0.15542521994134897,12.3,43,1,591,32
sweep-116,64,0,0,0,22.45644878100029,603,-8.208,-0.22499999999999998,0.15542521994134897,12.3,43,1,591,30
sweep-116,64,0,0,0,22.49724825500016,603,0.0,-0.26099999999999995,0.187683284457478,12.3,43,1,2475,2
